Customer_ID,Age,Gender,City,Account_Type,Monthly_Income,Credit_Score,Avg_Balance,Transactions_Per_Month,Online_Usage,Loan_Amount,Loan_Tenure,Interest_Rate,Card_Spend,Investment_Amount,Customer_Tenure,Late_Payments,Churn,EMI
20001,65,Female,BANGALORE,Savings,54311.0,557,17364.83,75,11.94,1279537.65,18,20.03,33234.76,300223.38,1.5,3,0,85323.84
20002,22,Male,BANGALORE,Savings,170710.04,455,40380.55,34,89.89,812027.63,42,9.01,26860.57,494823.48,11.8,8,0,21075.98
20003,43,Male,pune,Current,100071.04,554,40478.72,44,38.94,300778.43,10,18.59,68838.52,336010.79,9.0,0,0,35669.31
20004,21,Male, Chennai ,Savings,170209.46,444,9703.75,31,62.72,448253.49,23,21.99,44565.83,441640.73,7.1,9,0,23774.98
20005,37,Male,mumbai,Savings,197871.06,357,99138.67,51,45.45,1440229.8,22,9.21,17214.31,237579.08,8.9,6,0,71494.32
20006,41,Male,BANGALORE,Current,45591.33,482,51500.4,74,69.7,1351358.32,18,16.93,39108.04,212034.94,2.7,4,0,87785.74
20007,57,Male,PUNE,Savings,148218.74,707,94724.19,52,12.55,1107403.56,55,10.86,67447.94,440128.5,0.9,7,0,22321.23
20008,46,Male, Kolkata ,Savings,86915.24,461,29882.23,56,68.61,1099647.18,58,19.95,42824.64,75772.72,5.8,4,1,22741.84
20009,32,Female,DELHI,Savings,88619.87,580,56770.88,70,72.85,411185.36,15,7.18,16629.36,351190.28,5.2,1,0,29380.56
20010,41,Male,chennai,Savings,82640.78,552,10104.81,30,46.26,624179.06,27,21.89,22000.58,159014.11,4.4,2,0,28178.22
20011,26,Male,HYDERABAD,Savings,109998.64,577,139836.91,39,43.67,375117.68,12,21.51,118125.74,322763.27,10.4,2,0,37983.79
20012,43,Female,BANGALORE,Savings,152081.07,454,94124.57,14,42.42,816090.39,14,14.86,73645.03,492329.68,11.0,4,0,66954.39
20013,64,Female,bangalore,Savings,44070.52,697,63648.48,78,88.19,23953.58,44,13.91,32702.9,337849.95,11.7,5,0,620.13
20014,60,Female,bangalore,Savings,89463.05,587,86385.57,22,76.93,1192818.23,43,18.65,94137.1,193390.92,6.4,9,0,32913.46
20015,44,Female, Pune ,Savings,53061.7,731,114002.01,73,31.88,161698.91,43,11.89,92904.1,328167.34,11.8,4,0,4207.56
20016,26,Male,mumbai,Current,41325.73,679,123523.62,13,96.8,1021614.19,51,20.45,113674.26,204055.84,4.9,4,0,24128.12
20017,57,Male, Pune ,Current,27425.63,623,117754.98,47,45.13,819181.08,45,13.61,26698.87,256818.18,11.8,7,0,20681.59
20018,56,Male, Delhi ,Savings,185321.14,801,68280.36,54,22.05,1303026.53,10,13.45,55547.98,59443.54,8.3,6,0,147828.36
20019,22,Female,pune,Current,,724,76126.65,28,22.14,405065.19,56,10.18,94412.39,84448.84,5.3,1,0,7969.66
20020,66,Female,bangalore,Savings,105829.81,896,81209.64,74,37.4,568721.98,16,20.67,118595.8,156925.59,9.6,1,0,42892.3
20021,25,Male, Pune ,Savings,53380.17,640,55634.09,73,22.68,34779.59,35,17.93,92304.54,7335.72,5.2,4,0,1171.87
20022,62,Male,pune,Current,101311.51,677,80802.15,27,92.65,435762.04,57,7.22,,436624.69,7.4,7,0,8196.91
20023,18,Female,chennai,Savings,15883.93,637,67251.65,6,32.62,231581.22,35,19.25,110757.63,448625.1,11.1,9,0,7890.3
20024,29,Female,KOLKATA,Current,117328.94,377,97632.77,10,39.18,718477.01,18,20.03,,440336.96,7.7,7,0,47910.44
20025,24,Female,BANGALORE,Current,abc,419,134002.15,36,65.21,1244848.16,53,15.44,3854.1,47944.4,7.8,4,0,27114.2
20026,37,Male,delhi,Savings,90598.49,,132633.56,17,31.93,255317.66,10,14.52,116360.28,198162.02,5.9,9,0,29238.98
20027,62,Male, Kolkata ,Savings,36919.47,498,105854.02,76,30.33,864716.1,30,13.24,37244.89,354289.21,5.1,6,0,32640.15
20028,23,Male,CHENNAI,Savings,148655.99,898,105206.76,79,16.04,212211.07,42,8.21,80658.16,15089.38,2.4,1,0,5467.47
20029,42,Male,BANGALORE,Savings,22648.65,742,66245.8,31,60.98,136194.09,34,17.71,100325.83,210110.88,3.5,7,0,4715.12
20030,66,Female, Chennai ,Savings,24841.58,863,117063.32,31,23.98,1209112.21,8,19.95,108392.43,404647.07,5.7,8,0,181291.26
20031,18,Female,hyderabad,Savings,176453.09,401,144149.1,67,99.67,1226344.82,25,11.56,64641.71,166663.85,7.1,3,0,54724.41
20032,52,Female,CHENNAI,Current,135706.91,740,19077.77,69,88.5,1266388.41,12,16.69,12529.13,464242.87,0.9,0,0,123145.72
20033,27,Male,kolkata,Savings,92606.39,623,59460.56,6,56.98,925401.06,40,7.16,100669.57,306598.86,8.9,6,0,24791.49
20034,32,Female,MUMBAI,Savings,140599.92,358,144374.7,53,86.26,62037.04,48,20.21,77908.77,413696.46,3.6,2,0,1553.64
20035,56,Female,pune,Current,106560.58,801,4102.39,36,58.36,777300.68,25,9.58,53781.31,370295.14,5.0,3,0,34070.64
20036,22,Male,BANGALORE,Savings,71202.93,674,78305.67,22,34.45,1205722.62,12,11.69,19967.44,202928.27,5.8,1,1,112222.63
20037,64,Male, Delhi ,Savings,38784.96,582,109101.56,5,54.71,1251408.45,38,13.34,32059.39,168098.69,10.6,3,0,37324.9
20038,27,Male,PUNE,Savings,89313.24,636,125933.74,23,98.57,674995.97,27,9.89,15329.1,311117.12,0.8,4,0,27472.34
20039,41,Male,MUMBAI,Savings,159313.69,592,89527.44,26,48.3,1082674.65,27,12.63,42826.96,117997.27,8.5,2,0,45163.57
20040,53,Male,BANGALORE,Savings,36659.63,,21824.37,31,45.84,1220183.12,59,10.56,31499.03,420265.47,2.1,1,0,22864.99
20041,21,Male,KOLKATA,Savings,26536.86,646,15203.84,57,15.68,797585.52,31,16.84,12412.7,203469.73,2.2,3,0,30061.26
20042,26,Male,DELHI,Savings,172824.97,402,75499.09,38,70.79,957114.14,56,16.85,107525.08,464018.8,6.8,4,1,19971.21
20043,37,Male,hyderabad,Savings,128266.84,454,,65,97.66,741854.4,28,13.31,2049.94,65883.41,5.2,7,0,30021.26
20044,66,Female,bangalore,Savings,43613.62,473,,61,64.94,762384.77,27,18.84,14008.48,115466.04,6.0,9,0,33556.22
20045,19,Female,hyderabad,Savings,,889,33808.59,16,82.38,971692.78,45,11.44,9092.25,357242.89,10.3,8,1,24063.43
20046,18,Female, Mumbai ,Current,175455.1,536,29817.84,34,94.01,1164168.15,49,21.14,68089.44,280965.25,1.8,2,0,28781.09
20047,34,Female, Hyderabad ,Savings,80764.86,621,79147.89,53,23.83,1060447.45,55,12.37,90918.03,478740.29,10.5,8,0,21665.91
20048,49,Female, Pune ,Savings,168815.35,849,114360.09,66,99.43,271026.12,24,15.52,76064.38,81616.76,11.5,7,0,13045.39
20049,47,Male,BANGALORE,Savings,124156.15,505,76433.83,5,79.8,403330.28,57,13.64,17727.95,394852.9,1.5,3,1,8041.13
20050,62,Female,hyderabad,Savings,38181.78,575,37907.76,18,37.57,999704.35,53,14.62,101292.93,1659.19,10.7,4,0,21620.02
20051,46,Female,KOLKATA,Savings,63496.36,824,140889.44,70,40.11,1064859.84,6,20.93,83959.14,410163.04,8.4,1,0,214622.5
20052,25,Female, Delhi ,Savings,88576.23,752,35964.97,51,94.25,1185771.6,49,19.39,116152.98,243939.96,11.1,1,0,28891.69
20053,41,Male,kolkata,Savings,49841.53,546,42173.43,58,91.54,1377748.96,32,7.25,102364.13,321875.72,3.4,2,0,46176.12
20054,28,Male,BANGALORE,Savings,181819.8,502,138253.41,74,80.07,176555.45,18,15.24,60231.41,51868.89,2.3,4,0,11303.47
20055,59,Female,mumbai,Savings,171493.72,747,142535.01,69,82.94,408843.01,41,13.74,119150.13,70148.78,8.8,5,0,11341.9
20056,53,Male, Kolkata ,Savings,162088.91,639,61021.32,72,85.8,494940.48,44,14.48,49620.38,119112.48,11.7,2,0,12877.45
20057,18,Male, Pune ,Savings,189219.76,875,56243.53,76,15.88,542394.08,29,19.79,32900.06,171993.04,9.6,6,1,22404.62
20058,25,Male, Pune ,Savings,82569.49,427,53095.02,74,49.61,986227.87,22,7.42,111517.72,304108.59,3.0,7,0,48154.82
20059,41,Female,mumbai,Savings,30537.8,748,2907.86,46,23.97,1290347.71,38,21.54,67735.26,263988.93,11.5,0,0,41270.75
20060,46,Male, Bangalore ,Savings,178040.04,463,9999999,41,94.13,286106.05,33,13.11,88319.93,471959.15,10.6,5,0,9806.5
20061,50,Female, Mumbai ,Current,167622.25,520,17088.28,28,24.8,711236.8,39,9.56,95068.59,325178.44,4.4,6,0,19980.28
20062,39,Female, Mumbai ,Savings,70806.89,627,76060.24,33,90.64,879651.09,7,12.23,22596.4,402975.51,9.6,9,0,141033.2
20063,54,Female,pune,Savings,60715.65,415,27494.13,58,57.52,135406.88,57,15.94,17455.11,251919.25,5.9,5,0,2754.22
20064,53,Female,CHENNAI,Savings,173735.63,377,3154.93,59,18.96,779812.36,45,12.02,49649.44,392907.75,1.1,3,1,19412.13
20065,51,Male,delhi,Current,75405.01,368,96834.53,7,89.15,237566.81,22,20.67,88906.56,490267.9,6.4,2,0,13030.54
20066,21,Male, Bangalore ,Current,41535.69,723,49099.06,57,64.7,90438.65,29,15.76,59323.12,72667.84,3.6,0,0,3610.06
20067,45,Female,MUMBAI,Savings,64817.82,547,79625.74,58,58.36,91610.08,47,8.38,18723.55,454752.76,4.2,8,0,2112.49
20068,51,Male, Pune ,Current,148451.48,801,121519.5,11,37.6,608186.75,17,19.96,,430589.9,0.9,6,0,42916.52
20069,37,Male,chennai,Current,137888.84,668,90738.94,74,48.38,717558.3,51,20.86,85710.47,336551.5,5.4,6,0,17004.72
20070,45,Male, Pune ,Savings,50103.79,708,39291.01,20,89.92,242770.02,8,17.13,29272.78,206478.52,7.5,1,0,35544.57
20071,22,Male,pune,Savings,43512.88,396,116093.11,11,51.55,1092125.33,53,11.9,10739.03,61063.04,4.2,6,0,23058.27
20072,37,Female, Chennai ,Savings,95337.86,531,44089.96,16,37.62,716390.25,19,9.64,5629.55,49483.58,5.6,8,1,41339.49
20073,51,Male, Kolkata ,Savings,93475.64,396,,29,36.6,510394.22,56,15.91,58803.45,126787.31,2.3,9,0,10564.25
20074,48,Female, Kolkata ,Savings,22950.95,,49569.69,47,99.8,922793.61,33,14.87,33193.34,458724.91,0.6,2,0,32121.61
20075,55,Male,bangalore,Savings,32293.16,423,55027.64,77,65.47,430546.78,10,12.28,82270.31,43229.05,9.9,1,1,48341.79
20076,27,Female,MUMBAI,Savings,,870,66533.63,44,60.58,492250.13,34,8.35,83458.75,332532.06,9.1,8,0,15686.85
20077,47,Male,mumbai,Savings,100301.09,580,35129.2,60,99.06,91978.02,39,11.37,118089.62,353230.15,9.6,3,0,2626.56
20078,35,Female,chennai,Savings,15267.7,596,138997.51,77,99.29,514826.88,26,7.08,111182.31,185191.33,11.2,3,0,21202.95
20079,49,Female, Mumbai ,Current,abc,645,130942.76,49,16.44,881064.68,55,21.8,116802.84,322865.28,8.6,3,0,19511.58
20080,20,Male,DELHI,Savings,122110.56,730,46487.21,77,45.1,1356371.16,50,7.43,72188.67,485582.12,6.5,9,0,29142.99
20081,37,Male,MUMBAI,Savings,142810.24,,85581.55,24,81.66,806811.02,10,20.15,84861.53,263335.22,0.6,0,0,96938.34
20082,68,Male,chennai,Savings,154101.67,423,85948.25,16,57.24,259917.81,6,8.25,20598.99,291989.93,9.9,1,0,46893.5
20083,36,Female,BANGALORE,Current,40805.16,540,58594.18,17,61.63,981212.05,9,16.18,25849.19,52742.26,10.2,3,1,126663.57
20084,39,Female,kolkata,Savings,101763.26,670,92817.43,42,34.87,1105925.07,14,12.1,,458814.47,11.2,6,0,88553.0
20085,21,Female,CHENNAI,Current,58223.96,449,68661.65,63,68.9,824051.64,57,15.35,NaN,140056.31,11.9,4,0,16676.2
20086,29,Male,chennai,Savings,abc,793,,33,73.13,1144583.13,21,14.86,111645.05,326679.55,11.1,6,0,62603.25
20087,65,Male,hyderabad,Savings,46479.23,676,87027.82,48,59.73,101082.16,28,7.31,59138.87,257849.2,1.1,4,0,3873.97
20088,34,Female,mumbai,Savings,180130.31,829,110993.39,44,74.97,1490291.96,13,7.38,112714.88,64191.5,7.4,6,1,123098.12
20089,30,Male, Bangalore ,Savings,168821.31,596,107829.65,27,52.19,1393737.44,50,17.95,54568.88,276164.42,0.7,8,0,32878.27
20090,47,Male, Mumbai ,Savings,124530.65,584,70486.32,61,77.1,459595.64,8,7.39,87162.76,150302.3,9.2,1,0,61694.97
20091,61,Female, Bangalore ,Current,118440.56,,40783.02,47,69.47,280495.21,18,16.15,67193.04,365892.68,7.0,1,0,18099.73
20092,59,Male,KOLKATA,Savings,191636.32,776,11944.71,29,85.22,711609.31,59,18.07,48206.46,432775.93,1.9,8,0,14240.63
20093,27,Male, Pune ,Savings,140020.62,759,130158.57,77,67.96,1432622.31,56,12.5,94909.25,134830.2,3.6,6,1,28780.36
20094,30,Female,PUNE,Savings,92834.49,693,55896.45,55,53.4,344439.15,37,15.75,16087.27,422959.69,8.7,8,0,10775.36
20095,21,Male,DELHI,Current,73284.38,758,93716.97,21,33.71,1387795.77,8,8.51,41091.65,368202.74,2.6,1,0,188237.15
20096,64,Female, Chennai ,Current,132753.52,448,20755.7,44,64.37,1110097.41,6,9.51,27419.41,372072.88,11.7,9,0,202611.28
20097,32,Female, Delhi ,Savings,abc,584,13607.7,20,13.27,701127.25,44,17.89,113622.02,300964.92,7.6,9,0,18785.43
20098,38,Female,KOLKATA,Savings,167135.72,581,118665.64,62,26.73,71708.18,23,13.71,105050.54,181083.65,3.2,5,0,3545.19
20099,33,Male, Delhi ,Savings,193242.34,435,130528.36,70,45.55,1445980.11,42,21.36,37549.58,458880.22,8.5,3,0,41781.94
20100,53,Male, Pune ,Savings,141241.0,599,87131.46,26,80.79,1178604.48,19,20.15,45189.11,493610.84,6.9,6,1,74531.23
20101,66,Female, Hyderabad ,Savings,178278.29,893,92552.03,23,88.31,403022.85,28,21.76,69655.22,373617.15,7.3,0,0,17525.74
20102,22,Male,hyderabad,Savings,96496.93,,147785.42,45,91.24,692559.0,32,20.92,92684.26,367581.09,9.1,5,0,26170.07
20103,61,Female, Bangalore ,Current,155574.71,352,12928.99,76,54.48,724707.87,43,20.65,115202.71,429303.4,11.1,2,1,20333.95
20104,26,Male, Chennai ,Savings,32040.63,471,34741.41,77,87.76,1404146.09,27,18.15,83953.7,197530.71,1.8,5,0,61444.39
20105,44,Female,pune,Current,165867.55,785,64243.37,14,42.17,680833.6,58,10.27,11776.88,157698.71,4.5,8,0,12944.06
20106,61,Male, Delhi ,Savings,35552.71,663,138338.72,55,30.81,1098560.4,28,21.2,58021.9,358204.26,1.9,9,0,47551.97
20107,65,Male, Mumbai ,Savings,42977.27,470,18359.04,24,76.14,650516.35,58,16.85,62557.23,341183.35,1.9,5,0,13105.66
20108,41,Female,mumbai,Savings,121882.17,733,91395.6,17,14.96,1436893.87,52,13.43,10160.87,11399.01,1.7,6,0,31343.63
20109,31,Male,BANGALORE,Savings,105968.72,655,6115.26,72,99.58,778938.15,58,18.12,10379.01,201286.35,1.5,0,0,15863.48
20110,68,Male, Chennai ,Current,132172.42,592,5854.18,54,43.03,210499.34,17,21.04,46119.3,419405.77,7.2,5,0,14987.55
20111,57,Female, Pune ,Current,40487.36,443,69995.92,45,90.39,894089.37,51,16.67,54381.65,121756.74,6.1,7,0,20453.61
20112,21,Female,mumbai,Savings,158255.5,412,107963.8,35,23.62,1433082.39,19,13.44,24494.21,28220.58,8.7,7,0,85562.56
20113,47,Female,CHENNAI,Savings,90394.67,635,51330.08,34,82.83,1414078.92,23,15.25,41066.22,165046.38,2.5,6,0,70857.65
20114,30,Male,bangalore,Savings,158463.57,391,21214.49,39,64.45,988419.05,35,21.71,63885.86,34672.41,1.3,6,0,34371.57
20115,30,Female,MUMBAI,Savings,191576.34,827,47220.91,32,81.07,957983.45,26,14.53,,275737.1,10.0,4,0,42199.17
20116,33,Female,PUNE,Savings,41476.22,452,114933.68,32,52.79,967686.77,14,17.69,93299.29,87546.08,11.6,5,0,81347.9
20117,47,Female,PUNE,Savings,53506.15,374,137798.68,79,48.87,993462.57,42,16.36,NaN,418671.95,8.0,3,0,27523.64
20118,26,Female,CHENNAI,Savings,175351.58,422,,68,48.56,978191.51,43,7.3,82239.98,149037.49,1.3,0,0,24409.29
20119,56,Male,DELHI,Savings,68601.15,516,74583.01,28,25.92,1078522.1,40,16.02,,324551.74,2.1,1,0,31282.53
20120,24,Male,delhi,Current,77446.63,576,89335.61,24,59.06,870364.9,50,19.9,,370475.66,2.7,8,0,20871.35
20121,39,Male, Pune ,Savings,86538.97,791,21181.68,58,94.85,1223615.23,43,7.7,34875.1,190513.71,7.6,1,0,30647.29
20122,62,Female,chennai,Savings,29154.84,605,52717.03,54,49.55,1110623.62,33,18.58,46968.31,333742.72,8.6,0,0,39908.41
20123,45,Female,MUMBAI,Savings,69984.08,352,125807.27,29,50.54,243373.2,11,16.76,95279.6,79928.3,7.0,7,0,25832.96
20124,25,Male,BANGALORE,Current,48181.42,411,141240.64,47,11.86,434484.68,25,16.4,51109.63,257350.91,10.5,9,0,20229.61
20125,35,Male,mumbai,Current,166804.25,658,89735.66,53,39.15,1163610.6,39,11.39,91067.09,68488.88,5.5,1,0,33234.51
20126,60,Male,KOLKATA,Savings,128750.36,788,77317.2,76,10.94,1291615.03,16,11.29,56412.79,6334.58,2.5,6,0,89839.9
20127,65,Female, Pune ,Current,29301.72,804,145393.19,39,54.44,736847.71,56,10.8,17309.87,8154.37,3.9,4,0,14579.06
20128,23,Female,PUNE,Savings,175866.91,740,51362.35,65,74.87,884622.89,25,15.18,21421.62,339994.51,3.4,9,0,40756.35
20129,54,Male,BANGALORE,Savings,132147.57,494,42255.98,66,84.27,731588.15,59,9.97,116093.79,426514.78,4.6,3,0,13636.06
20130,59,Male, Chennai ,Savings,70293.95,813,3665.86,62,82.07,1144374.58,53,19.3,5976.61,105475.66,8.7,7,0,25759.22
20131,59,Female,CHENNAI,Savings,106904.33,596,78784.72,25,59.76,939666.33,28,10.33,58310.86,350750.49,0.6,1,0,37026.21
20132,47,Female, Chennai ,Savings,abc,816,17667.43,66,89.64,1087828.74,27,14.92,,296104.74,7.2,0,0,46301.21
20133,44,Female,hyderabad,Current,21917.52,437,42163.37,33,71.89,1019489.35,51,8.35,54154.01,328242.27,5.3,5,1,21659.15
20134,18,Female,HYDERABAD,Savings,59403.62,786,86764.45,56,81.76,1373922.12,10,20.1,93211.96,113621.47,9.0,6,0,165008.05
20135,40,Male, Chennai ,Savings,29238.65,430,45229.98,36,23.88,1274564.13,6,12.29,91594.35,45012.43,1.4,2,0,238534.68
20136,52,Male, Delhi ,Savings,187329.14,355,101805.09,58,46.1,128424.72,48,9.22,87964.01,322070.77,3.5,5,0,2922.2
20137,30,Female, Kolkata ,Savings,72054.21,428,58649.99,30,68.51,975954.61,49,21.58,119589.62,411695.0,7.7,2,0,24215.62
20138,24,Female,mumbai,Savings,172009.1,622,78687.53,7,44.84,1469373.57,41,18.18,111271.46,152136.29,9.8,9,0,42353.8
20139,58,Female,DELHI,Savings,83621.04,652,85451.07,27,27.9,1335853.88,58,21.14,67077.46,116079.43,5.2,2,0,27900.92
20140,52,Male,hyderabad,Savings,163269.61,633,19177.09,24,56.61,532907.26,23,17.36,35922.7,180699.23,9.4,5,0,27192.17
20141,60,Male,MUMBAI,Savings,91011.89,396,132940.4,69,88.1,562285.57,31,20.27,50833.8,433589.27,5.2,7,0,21814.87
20142,64,Male, Chennai ,Savings,94651.23,447,24756.35,8,77.55,1361639.22,14,14.99,60692.33,72877.43,6.6,1,0,111839.21
20143,67,Male,pune,Savings,101180.3,364,113855.95,62,26.86,1259899.17,40,8.37,4977.64,1856.71,10.5,6,0,34133.82
20144,47,Female,DELHI,Current,117269.26,806,54402.97,7,46.58,502792.17,36,21.54,36113.47,278345.97,9.9,2,0,16974.82
20145,56,Female,hyderabad,Savings,103748.98,368,23927.22,24,10.84,643777.92,19,14.83,83379.24,254154.6,2.1,3,0,38907.9
20146,60,Female, Mumbai ,Savings,62984.24,860,41684.71,79,44.95,196420.32,19,11.16,43100.2,276480.54,9.9,5,1,11491.62
20147,35,Male,pune,Savings,30709.09,525,3602.66,62,47.84,585258.25,31,10.33,23711.54,489652.21,5.5,7,0,20829.53
20148,23,Female,mumbai,Savings,26434.5,430,78091.25,79,23.92,304642.4,50,10.22,516.75,161728.19,7.4,2,0,6715.54
20149,33,Female,kolkata,Savings,,591,133719.78,61,79.79,393462.85,10,7.07,49396.66,404961.37,10.2,7,1,42128.07
20150,67,Female,MUMBAI,Savings,180020.83,397,90837.53,24,13.78,372071.8,33,8.22,23568.31,292384.82,5.1,2,1,12201.7
20151,30,Female,BANGALORE,Savings,178739.21,374,45983.56,8,17.42,1194317.42,28,9.33,85011.26,127949.63,3.0,7,0,46633.83
20152,59,Female,DELHI,Savings,125129.92,387,126569.08,75,68.76,1050571.24,25,20.01,107677.76,7070.35,1.2,3,0,50431.62
20153,58,Male, Mumbai ,Savings,197557.73,795,45377.09,78,59.81,601949.43,57,7.52,29758.42,174089.18,1.9,7,1,11354.67
20154,46,Male, Chennai ,Savings,119963.86,571,12244.53,62,33.26,1177009.49,47,11.79,18379.85,163251.32,2.1,4,1,27995.3
20155,65,Male,MUMBAI,Savings,129600.44,745,9999999,19,70.09,653155.69,45,19.44,16795.72,372165.8,4.9,8,0,17336.2
20156,55,Male,BANGALORE,Savings,187136.42,642,128438.34,60,18.06,463338.44,34,9.96,NaN,31853.23,8.4,4,0,14984.91
20157,27,Male,HYDERABAD,Savings,131952.34,675,43535.07,62,71.9,98606.25,55,8.9,2363.26,429073.73,3.8,2,0,1952.4
20158,41,Female,bangalore,Current,51393.74,351,146241.21,76,92.4,299595.71,43,9.84,26215.01,149381.4,3.4,5,0,7652.93
20159,39,Male,hyderabad,Savings,133013.39,796,44635.2,43,97.33,829135.64,42,9.41,72259.27,126856.38,7.8,2,1,21598.98
20160,22,Male, Pune ,Current,72610.89,750,,66,88.94,899941.78,26,16.43,50331.28,86182.42,0.9,0,0,40300.09
20161,45,Female,PUNE,Savings,158876.65,820,58659.1,52,66.84,882356.85,59,17.82,94779.83,22244.81,7.1,9,0,17620.22
20162,30,Female,chennai,Current,115236.85,461,22449.68,20,90.66,1240336.48,50,14.68,3151.0,353123.0,4.8,4,0,28448.36
20163,59,Female,DELHI,Savings,188326.64,1200,147469.84,65,35.78,560028.98,46,21.57,6343.03,223012.61,6.0,7,0,14800.59
20164,29,Male, Kolkata ,Savings,149253.49,462,109966.34,39,95.29,139112.94,25,10.1,23026.71,412091.07,1.4,9,0,6126.53
20165,24,Female, Bangalore ,Current,133301.62,581,,68,67.12,1090586.98,49,8.43,18480.99,56258.84,7.9,8,0,24133.13
20166,51,Female, Hyderabad ,Savings,41834.94,563,52855.97,14,53.0,593132.35,40,14.42,27382.69,325116.21,8.7,0,0,16966.55
20167,39,Female, Mumbai ,Savings,197463.89,481,47680.63,72,92.52,1002300.6,58,18.36,30408.74,404433.18,11.0,4,1,20453.84
20168,39,Female, Delhi ,Current,49111.13,682,112594.79,47,71.11,1337961.58,36,9.88,70279.01,26370.36,5.8,4,0,40837.56
20169,48,Male,bangalore,Current,162399.05,495,90558.58,55,69.1,724834.18,56,12.61,115208.27,86937.33,7.4,8,0,14575.64
20170,61,Female,HYDERABAD,Savings,173942.15,551,134331.89,28,48.86,97308.32,48,16.43,52972.57,148469.72,11.7,8,0,2360.33
20171,46,Male, Mumbai ,Current,56457.68,679,54175.57,8,18.27,1201357.09,10,13.14,75345.1,21463.81,7.7,5,1,135921.54
20172,69,Male, Chennai ,Savings,29379.33,794,41342.42,52,36.92,1382275.04,29,17.99,53905.86,166536.44,4.6,2,0,56239.53
20173,30,Male, Bangalore ,Savings,28503.48,817,44141.53,8,54.83,444753.92,20,10.65,43571.31,493413.32,0.6,2,0,24606.01
20174,30,Female,CHENNAI,Current,51024.41,,,24,18.45,675153.99,18,12.63,27662.75,203594.53,4.5,2,0,42245.89
20175,63,Female, Chennai ,Savings,46825.81,354,76258.03,48,25.12,264935.7,26,11.9,54024.45,318968.11,2.7,2,0,11402.42
20176,54,Male,DELHI,Savings,abc,608,37478.19,70,75.14,133850.17,7,16.76,82752.26,487632.34,10.7,4,0,22326.21
20177,25,Female,DELHI,Savings,186927.73,550,69464.12,46,40.94,97514.67,44,11.12,11150.52,177672.63,10.9,0,0,2462.69
20178,39,Male,bangalore,Savings,abc,654,26907.21,76,60.63,250178.49,27,18.31,30330.47,448815.76,8.9,3,0,10962.45
20179,59,Female,DELHI,Savings,72317.76,683,141702.56,12,95.72,793521.66,32,18.55,9057.17,488265.17,3.9,8,0,29397.5
20180,56,Male,BANGALORE,Current,46035.57,424,75379.37,51,89.24,404238.19,18,21.33,30500.75,7961.56,2.7,2,0,27247.9
20181,33,Male,BANGALORE,Current,161872.45,393,59133.88,72,62.88,297418.86,24,9.5,81001.36,34623.53,6.6,5,0,13569.74
20182,61,Female,CHENNAI,Savings,28690.62,366,41043.14,16,69.57,1189397.47,8,14.75,67488.39,263182.89,1.4,0,0,170604.2
20183,36,Female,pune,Current,110208.68,376,131525.61,13,43.68,168233.86,43,11.02,66055.71,338968.58,1.6,8,0,4343.56
20184,46,Male,HYDERABAD,Savings,121030.02,1200,141880.3,60,32.75,384777.08,48,15.34,69540.03,36472.71,9.1,3,0,9245.87
20185,34,Female, Pune ,Savings,74216.32,701,13004.99,24,21.37,675564.24,45,16.39,,324348.73,3.3,2,0,17473.09
20186,23,Female, Bangalore ,Current,abc,545,13933.01,65,65.13,1241176.55,17,19.55,9043.84,102163.27,7.3,3,0,87283.92
20187,53,Female, Pune ,Savings,166433.14,705,87660.03,19,22.75,767838.13,39,17.64,70018.64,57360.83,9.1,0,0,23161.15
20188,31,Male, Kolkata ,Savings,132603.49,355,,38,51.39,27837.19,27,18.8,23656.46,97957.2,5.8,7,1,1224.84
20189,50,Male,bangalore,Savings,182837.15,791,121195.08,38,17.55,772561.8,28,18.81,4143.28,226310.27,9.6,3,0,32781.45
20190,41,Male, Mumbai ,Savings,15021.14,551,58968.16,27,75.97,1434106.61,13,7.02,83891.5,6880.36,10.1,2,1,118060.07
20191,49,Female, Pune ,Savings,23833.79,498,38610.54,50,38.63,730015.01,52,9.6,93105.74,231028.76,3.7,7,0,15386.47
20192,51,Male, Mumbai ,Savings,24874.23,764,72981.76,49,41.98,332726.05,39,16.62,106491.58,279671.34,6.7,3,0,9949.36
20193,63,Female,PUNE,Savings,176126.2,,,28,77.14,1445139.41,16,18.86,24156.52,358606.23,1.8,2,0,107355.79
20194,58,Female,bangalore,Savings,138805.93,623,72854.21,78,27.1,38656.07,41,18.6,73490.98,317231.75,11.7,1,0,1118.2
20195,45,Male,hyderabad,Current,,432,58696.27,16,16.44,60502.01,45,21.93,87833.75,234064.52,1.6,7,0,1639.34
20196,32,Female,DELHI,Savings,105691.21,354,65364.09,68,41.96,939740.74,54,19.29,16562.47,116517.17,7.7,2,0,20759.57
20197,63,Female,chennai,Savings,75580.67,470,9999999,16,41.37,585767.9,23,9.57,5028.24,367489.57,1.2,2,0,27905.47
20198,59,Male, Kolkata ,Savings,56105.66,350,,75,92.45,1043307.46,34,7.27,2985.05,257087.96,10.7,6,0,32916.35
20199,60,Male,DELHI,Current,136570.28,750,89529.41,69,27.55,703973.18,41,17.36,93005.65,306792.61,5.7,5,1,20150.8
20200,50,Male, Kolkata ,Savings,89794.46,791,30081.0,50,33.22,367851.53,48,17.88,51434.46,481653.62,3.8,9,0,9033.82
20201,52,Female,chennai,Savings,149747.26,403,46936.37,41,67.62,1470505.91,26,16.24,67759.83,51253.45,2.2,3,0,65742.93
20202,49,Male,MUMBAI,Savings,94676.31,582,16291.33,60,50.81,318668.19,20,9.62,102578.17,426711.82,2.1,5,0,17466.2
20203,66,Male,pune,Current,169893.99,,44356.58,41,18.55,452416.47,44,18.17,29435.35,331467.04,7.7,6,0,12150.47
20204,56,Male,mumbai,Savings,192365.62,704,142538.83,74,55.72,119864.87,25,18.11,,448808.62,9.7,9,0,5662.9
20205,36,Male, Hyderabad ,Current,174809.42,864,53784.19,62,81.59,133548.09,52,10.52,106363.25,55649.85,8.3,9,0,2838.41
20206,27,Male,kolkata,Current,93807.2,612,67170.29,11,91.12,1319350.82,19,11.49,,247120.08,2.9,5,0,77418.12
20207,27,Male,PUNE,Savings,189824.02,432,40745.49,57,38.96,865248.36,47,9.02,13497.62,292254.61,8.9,4,0,20070.08
20208,31,Female,DELHI,Savings,111069.7,437,71982.55,8,46.22,1020973.18,14,21.37,62062.25,318523.44,7.9,3,0,88511.08
20209,39,Female,hyderabad,Savings,130367.95,,108760.06,67,41.4,1393324.15,26,13.32,20418.54,466557.29,9.6,1,0,60727.5
20210,61,Male,bangalore,Current,25468.33,562,148575.76,60,75.27,1167358.24,41,8.23,39053.32,49458.37,5.1,8,0,30815.41
20211,19,Male,HYDERABAD,Savings,182168.26,867,82369.23,50,72.79,1339839.75,29,20.77,15845.89,152470.48,5.1,5,0,55797.4
20212,49,Female, Pune ,Savings,abc,665,137994.67,55,78.57,731129.11,9,8.76,116081.39,234188.55,7.5,3,0,88352.89
20213,32,Female, Chennai ,Current,160644.9,751,33695.8,36,87.7,1301071.05,14,12.81,70414.9,310567.59,5.9,1,1,104838.45
20214,34,Female, Kolkata ,Savings,30763.06,539,125788.49,32,96.14,372128.5,44,20.21,106236.7,203591.39,11.0,5,0,10166.72
20215,66,Male,PUNE,Current,40444.26,,4212.95,37,82.51,1238740.38,11,20.13,,109266.44,0.9,5,1,135281.71
20216,43,Female, Delhi ,Current,27944.76,832,45939.12,25,27.76,109851.04,52,16.21,7748.4,305523.85,3.8,9,0,2454.96
20217,67,Female,MUMBAI,Savings,149627.41,,57542.32,16,21.3,623856.96,20,13.13,21796.53,371088.8,10.2,2,0,35288.47
20218,64,Female,hyderabad,Current,173518.71,592,75306.3,42,21.59,136685.82,23,20.72,20276.31,244961.82,3.1,1,0,7174.22
20219,51,Male,BANGALORE,Savings,133148.36,1200,99004.99,12,15.26,426197.31,51,17.16,51466.36,384798.87,2.4,5,0,9790.84
20220,39,Female, Hyderabad ,Savings,143748.62,699,136982.83,46,94.73,939659.57,37,11.81,,391815.9,9.7,4,0,28395.5
20221,37,Male,KOLKATA,Current,168831.69,592,123143.67,76,79.27,469704.4,46,18.82,110416.4,79553.65,2.6,7,0,12132.67
20222,36,Female,delhi,Current,187142.81,613,103400.37,41,22.37,305879.04,46,10.17,70707.98,71546.79,2.0,4,0,7325.8
20223,18,Female,mumbai,Savings,89387.43,426,37578.98,11,89.67,1079.82,45,8.81,6616.08,144468.78,0.6,9,0,26.11
20224,31,Male,MUMBAI,Savings,104887.34,427,27476.43,9,46.83,1296167.46,14,20.87,64235.29,398709.3,6.1,3,0,111905.54
20225,28,Male,HYDERABAD,Savings,35915.78,836,52500.26,48,69.35,1127111.0,34,14.0,78202.35,67152.78,6.8,5,0,37791.37
20226,45,Female, Kolkata ,Current,98424.15,353,38775.01,5,53.73,53867.28,42,8.12,74260.74,494092.0,4.1,0,0,1386.7
20227,46,Male, Hyderabad ,Savings,80664.59,395,60412.2,41,85.35,229128.67,40,16.14,119586.06,425169.92,0.7,0,0,6652.75
20228,26,Female,chennai,Savings,,614,103296.24,64,62.63,702452.14,32,16.94,49625.18,389030.37,5.9,4,0,25670.24
20229,51,Female, Mumbai ,Current,39781.59,364,38097.55,5,33.41,804373.52,9,14.07,35027.59,222941.81,9.1,1,0,101949.87
20230,54,Male,delhi,Savings,52530.92,381,23183.46,54,71.39,994694.81,17,20.94,42362.27,387087.34,1.4,1,0,70763.76
20231,43,Female,chennai,Current,101003.08,496,136515.53,28,21.97,1417649.96,59,13.4,62469.32,211109.02,6.3,8,0,27247.71
20232,62,Male, Hyderabad ,Savings,140974.18,894,4499.55,72,66.53,971381.67,7,11.11,NaN,40577.01,4.2,5,1,154186.02
20233,69,Female,KOLKATA,Current,66085.57,766,78869.75,32,56.78,9576.48,18,9.53,74915.66,84239.06,7.2,7,0,582.73
20234,60,Male,delhi,Savings,166103.4,613,97383.2,79,39.91,525753.92,16,10.89,26668.06,125262.27,4.8,2,1,36438.03
20235,46,Male,PUNE,Savings,134361.04,627,118239.02,19,50.44,1202301.53,9,14.82,78356.11,491473.49,5.6,2,0,153386.96
20236,25,Female,kolkata,Savings,,835,39826.24,26,87.83,257619.87,50,17.58,33190.12,102346.26,7.6,1,0,6058.19
20237,67,Female,PUNE,Savings,159113.69,705,64522.03,34,75.97,533856.16,49,10.74,115622.83,346272.15,4.1,3,0,12065.15
20238,33,Male,bangalore,Current,75847.29,605,117976.65,19,18.27,1000357.57,53,11.97,3210.01,478158.28,7.2,4,0,21133.97
20239,18,Male, Chennai ,Current,195084.64,,9999999,69,42.8,844412.55,24,20.16,,90453.71,9.4,3,0,42276.92
20240,36,Female,chennai,Savings,27181.89,,,7,85.64,901523.37,7,13.01,100690.02,346725.64,9.1,4,1,145544.51
20241,57,Male,KOLKATA,Savings,,646,66931.44,61,76.81,116727.41,7,19.19,27160.81,168573.45,9.0,2,0,19875.34
20242,62,Female,bangalore,Savings,134778.91,894,,62,87.51,140402.44,26,10.24,105589.62,8380.3,1.6,5,1,5953.06
20243,66,Male, Bangalore ,Savings,179280.73,878,66948.7,71,38.85,1019782.8,49,8.61,7587.83,342628.52,6.5,3,0,22603.8
20244,18,Female, Mumbai ,Savings,81477.81,409,116841.56,9,94.55,852446.37,10,10.02,81208.85,362010.76,11.3,4,0,93786.15
20245,62,Male,BANGALORE,Savings,129773.68,616,59228.05,73,99.53,533285.9,56,8.05,89780.25,198147.96,11.0,2,0,10289.56
20246,27,Female,chennai,Current,176434.16,562,,49,19.6,904673.19,53,7.06,97393.87,136397.83,2.0,6,0,18274.4
20247,64,Male,mumbai,Savings,97132.8,423,19187.25,71,82.62,517092.74,58,16.98,112705.07,122635.12,2.2,1,0,10429.23
20248,52,Female, Bangalore ,Savings,115130.27,663,33058.72,32,41.33,200741.6,7,20.43,13330.04,401342.84,9.4,2,0,34536.16
20249,66,Male, Kolkata ,Savings,183833.95,539,9999999,6,30.07,99633.18,58,14.69,46649.51,63111.46,10.9,8,0,1970.16
20250,61,Female,delhi,Savings,178115.55,552,128964.13,31,79.13,983857.55,14,13.07,11671.67,293710.86,5.1,4,0,79460.55
20251,23,Male,chennai,Current,82013.88,423,17758.91,59,67.86,437861.46,17,9.72,45193.57,39826.15,8.7,0,0,28260.09
20252,39,Male, Bangalore ,Savings,40237.76,821,107106.25,56,52.63,587777.82,29,8.35,2021.0,140027.29,8.3,5,0,21960.6
20253,34,Male,kolkata,Current,98438.07,442,98514.08,21,87.4,1181506.7,35,7.41,106894.09,166170.12,5.1,0,0,36258.75
20254,59,Male,chennai,Current,89207.78,636,49662.75,12,89.97,678483.2,12,18.21,51512.46,11669.62,2.1,1,0,66836.25
20255,29,Female,bangalore,Savings,167839.19,486,85901.53,46,85.24,217351.08,44,7.08,99854.32,485645.23,2.2,7,0,5289.53
20256,60,Female, Bangalore ,Savings,59730.0,545,3608.44,46,81.11,218828.09,46,14.19,39256.75,264407.17,1.7,8,0,5432.17
20257,50,Male,kolkata,Current,abc,799,51091.64,64,12.37,742451.6,13,21.06,30587.11,416664.21,6.2,4,1,69139.38
20258,58,Female,MUMBAI,Current,157191.89,675,138734.18,32,18.14,1321029.69,48,19.95,88656.81,147325.64,2.5,5,0,33011.98
20259,54,Male,hyderabad,Savings,abc,424,96823.45,68,48.44,557464.45,11,18.24,69015.9,66059.72,2.1,1,1,59922.36
20260,23,Female,bangalore,Savings,110660.58,450,103215.83,18,39.47,1182296.42,54,16.56,76309.39,377131.43,9.0,6,0,25520.09
20261,46,Female,KOLKATA,Current,90430.49,589,88574.98,42,20.92,973016.0,54,11.52,85898.56,459851.1,1.3,0,1,20094.58
20262,61,Female, Pune ,Savings,97295.15,429,64259.47,56,74.59,568471.28,53,7.85,60606.83,403540.45,10.3,1,0,11567.85
20263,47,Female,bangalore,Savings,115081.78,718,148225.27,56,70.9,441746.38,53,21.61,43692.51,396558.16,6.5,6,0,10136.0
20264,67,Female,pune,Savings,168269.77,,67616.36,24,93.62,159654.15,20,14.79,106431.08,132509.86,2.5,8,0,9163.35
20265,64,Female,hyderabad,Savings,55502.31,604,61725.6,50,98.26,299439.92,55,16.48,81100.81,261668.95,4.1,2,0,6341.59
20266,60,Male,CHENNAI,Current,195605.85,842,46289.85,53,89.04,7214.13,36,8.43,96743.9,453350.26,6.3,5,0,217.29
20267,66,Male, Pune ,Savings,173136.9,812,101232.5,30,76.51,976087.66,47,7.24,50990.7,436915.06,1.7,0,0,22271.41
20268,49,Male,BANGALORE,Savings,49699.95,490,43067.2,54,48.18,400615.69,26,14.02,51510.81,490995.26,7.3,2,0,17568.54
20269,25,Female, Hyderabad ,Savings,23922.77,836,70013.25,6,19.72,982001.54,13,7.7,23455.69,87335.97,10.4,5,0,81355.05
20270,46,Male,CHENNAI,Savings,19954.63,529,30815.06,34,58.47,926840.86,51,10.89,108418.14,447342.81,7.5,7,0,20152.43
20271,65,Male,DELHI,Savings,181465.94,615,63096.09,66,94.72,1002389.64,52,21.27,71073.93,106104.25,10.6,2,0,23376.88
20272,68,Female, Chennai ,Savings,15575.88,553,4923.2,20,30.05,483834.0,50,14.2,86061.39,201715.0,1.1,2,0,11050.77
20273,66,Female, Bangalore ,Savings,57257.4,896,141570.33,50,66.19,1331981.84,8,17.59,78455.71,450738.27,2.3,3,1,195784.68
20274,32,Male,bangalore,Current,140520.68,858,47979.84,9,49.98,585297.4,59,12.32,28619.43,275840.73,4.7,3,0,11142.48
20275,65,Male, Pune ,Current,192662.83,762,141134.54,39,79.45,566919.71,39,12.64,85086.71,229967.85,4.5,9,0,16373.8
20276,31,Male,kolkata,Savings,33550.88,403,,63,61.72,628604.54,58,16.16,3966.91,363052.15,4.1,6,0,12589.43
20277,37,Male,mumbai,Savings,abc,1200,81993.71,50,14.85,1344232.0,54,9.6,2810.95,440286.27,4.4,1,0,27282.93
20278,59,Female,DELHI,Current,142596.43,431,134644.99,24,54.87,800708.45,51,11.57,84605.85,450656.5,5.4,6,0,17516.67
20279,31,Female,chennai,Savings,147469.62,610,53202.59,63,53.5,1077916.0,42,18.43,101557.19,235798.1,10.0,3,0,30394.66
20280,42,Male, Delhi ,Savings,,468,74990.2,45,50.66,966119.06,50,21.85,10756.56,211115.45,5.8,2,0,23544.32
20281,21,Female,PUNE,Savings,111553.34,567,71347.32,70,69.92,492736.82,12,21.68,105838.97,439914.85,3.4,6,0,49963.51
20282,25,Female,DELHI,Savings,176323.58,,138300.06,26,39.31,964365.94,58,10.41,57260.56,419871.72,8.7,3,0,18357.87
20283,67,Male,kolkata,Savings,199969.67,465,59399.08,6,63.81,44734.32,35,14.86,97232.22,350858.05,0.6,6,0,1468.05
20284,60,Female,delhi,Savings,106547.42,1200,123162.12,55,43.97,385731.28,58,13.55,NaN,327099.63,1.5,1,0,7551.69
20285,50,Male,DELHI,Current,152425.05,432,120625.73,49,45.24,917584.19,42,20.01,75673.69,95959.45,3.3,5,1,26218.88
20286,51,Male,mumbai,Savings,abc,411,137310.35,57,45.54,996145.45,7,9.27,,4746.98,6.4,6,0,155498.3
20287,29,Male,hyderabad,Savings,116513.92,721,97505.59,63,61.84,541786.91,25,17.64,74131.37,332986.87,3.5,4,0,25494.32
20288,45,Female,mumbai,Savings,104340.79,590,30223.47,22,19.8,550046.73,21,9.92,90749.06,71284.4,7.4,7,0,28791.02
20289,22,Female, Pune ,Current,166807.16,465,20315.46,18,67.1,509654.41,49,15.67,108227.04,254810.65,2.5,8,0,12030.96
20290,56,Male, Bangalore ,Savings,,683,139516.39,37,28.93,109611.34,54,15.8,NaN,250547.88,2.7,1,0,2350.55
20291,49,Male, Chennai ,Current,161746.93,648,139640.12,69,70.61,285190.79,49,7.08,12418.95,472696.27,10.8,2,0,6232.29
20292,67,Male, Chennai ,Current,130073.52,377,64711.27,35,73.38,529470.65,18,19.51,77717.65,15185.31,1.3,6,0,35153.91
20293,48,Female,delhi,Current,25599.12,446,28556.63,19,20.95,521666.14,50,9.81,73170.37,435502.99,6.1,9,1,11456.83
20294,32,Female,DELHI,Savings,,368,117399.02,72,90.27,1393401.25,18,16.66,8473.03,246061.71,9.9,1,0,90307.88
20295,62,Female,DELHI,Savings,89859.91,404,66127.06,52,19.73,1356434.05,11,12.0,112218.39,180598.4,4.3,8,0,138109.65
20296,61,Female, Bangalore ,Savings,21659.96,354,40682.59,13,49.27,252076.47,49,7.27,2032.99,493222.42,5.9,8,0,5518.42
20297,30,Female,KOLKATA,Current,143277.98,382,147192.56,41,50.11,324477.34,9,18.05,46351.92,122499.18,5.1,9,0,42560.61
20298,34,Female,mumbai,Savings,161384.66,492,,66,14.58,507884.21,43,9.81,59195.79,334056.86,6.7,8,1,12969.95
20299,67,Female,hyderabad,Savings,115599.4,361,25205.69,63,84.61,318787.62,16,19.19,30617.56,150561.21,6.4,3,0,23747.69
20300,44,Female,PUNE,Savings,147245.26,749,4896.92,70,11.35,529501.77,13,8.52,105543.87,320906.34,11.1,1,0,44201.18
20301,50,Female, Bangalore ,Current,76411.38,622,136778.49,17,21.19,777673.32,15,18.67,89701.84,45513.31,7.9,7,0,61524.33
20302,61,Female,BANGALORE,Current,147228.01,354,69436.61,60,55.64,421678.01,56,18.12,70780.77,185770.05,2.3,5,0,8894.39
20303,51,Female,KOLKATA,Savings,abc,786,4836.08,59,71.64,136660.42,37,20.85,95474.72,262581.78,10.0,8,0,4463.62
20304,26,Male,hyderabad,Savings,23086.69,372,67717.4,50,55.25,874961.27,50,7.1,23277.57,3904.38,7.1,9,0,18741.67
20305,48,Female,bangalore,Savings,147248.68,551,133006.65,40,97.35,544934.05,19,14.94,113495.95,158118.02,3.0,7,1,32965.64
20306,51,Male, Mumbai ,Savings,117052.77,352,77650.83,51,56.02,76249.5,6,21.01,48472.2,266117.74,2.3,1,1,15378.25
20307,33,Female,HYDERABAD,Savings,106441.55,751,18244.12,10,98.57,1052294.55,52,13.07,73779.85,351130.42,7.1,0,0,22881.34
20308,40,Male, Chennai ,Savings,73054.21,420,92011.49,28,27.01,1152111.44,42,16.78,16911.34,271354.66,5.6,4,0,32034.18
20309,52,Male,PUNE,Savings,186713.99,533,133602.14,57,64.19,98055.33,13,17.82,29548.89,29593.26,10.2,7,1,8886.83
20310,30,Male,CHENNAI,Savings,67889.92,568,143825.49,61,53.15,1082536.72,25,21.62,67334.3,492473.32,8.5,7,0,52663.25
20311,22,Female, Chennai ,Savings,113689.29,504,21896.54,14,47.75,1362905.4,52,13.22,48114.13,404077.42,8.1,2,0,29674.64
20312,62,Male,hyderabad,Savings,32435.93,616,38989.35,20,46.41,250728.81,16,14.79,25482.78,313841.97,1.5,8,0,17988.23
20313,38,Male, Hyderabad ,Savings,41342.56,382,92432.93,33,75.53,248161.78,21,16.65,88525.07,409412.89,5.5,1,0,13784.8
20314,61,Female,bangalore,Savings,54173.12,484,45642.02,63,11.32,873622.62,14,12.02,88522.18,46767.61,2.8,6,0,69902.29
20315,67,Female,chennai,Savings,176758.49,813,124336.41,71,34.32,275378.65,17,12.73,100017.5,314314.15,11.0,6,0,18260.84
20316,36,Male, Bangalore ,Savings,66383.69,458,135079.16,79,62.01,202107.16,24,18.52,7411.98,409115.12,10.9,3,0,9980.73
20317,39,Male,BANGALORE,Current,181083.04,878,131205.63,74,46.59,806826.04,51,21.98,37922.97,499326.88,9.3,3,1,19297.38
20318,68,Male,MUMBAI,Savings,105550.74,492,85910.2,28,39.55,1139254.55,45,12.85,45878.97,245621.33,9.0,0,0,28569.97
20319,40,Male,hyderabad,Savings,,592,28003.02,74,82.51,900166.98,23,8.0,113682.22,399604.65,4.5,2,0,42268.71
20320,36,Female,kolkata,Savings,57070.71,516,82146.81,35,75.97,929274.61,58,17.87,25689.21,415008.8,11.9,5,0,18885.1
20321,23,Female,BANGALORE,Savings,,572,34134.04,32,84.54,612339.01,44,21.03,41546.69,84263.41,9.4,2,0,16843.5
20322,57,Female,chennai,Savings,64062.26,1200,62045.84,47,69.79,1483763.55,11,19.8,76401.72,201470.35,4.0,8,0,161595.34
20323,23,Male,hyderabad,Savings,144183.22,406,111119.76,24,39.9,591916.44,35,11.54,53877.93,278509.56,11.4,4,0,18863.53
20324,23,Female, Mumbai ,Current,80257.12,799,109749.56,15,77.31,153170.55,27,13.46,8797.01,4851.02,9.0,2,0,6436.57
20325,24,Female, Delhi ,Current,190326.21,652,46098.48,43,86.19,143856.44,50,13.74,61560.74,249261.13,9.3,9,0,3272.45
20326,49,Female,KOLKATA,Savings,22466.06,887,122249.62,59,43.61,1021553.34,12,20.9,103453.56,208607.39,10.2,4,0,102921.5
20327,47,Male,PUNE,Savings,16054.22,633,110096.89,59,61.67,1073226.86,40,11.74,NaN,59025.09,4.4,6,0,29980.59
20328,34,Male,HYDERABAD,Savings,110799.77,838,66287.78,51,79.27,127353.99,12,19.01,NaN,434784.11,8.2,4,0,12630.33
20329,60,Female,CHENNAI,Savings,157394.56,788,54630.06,49,53.47,292736.6,34,10.95,78359.64,36399.74,1.4,8,0,9552.68
20330,64,Female, Chennai ,Savings,38056.14,447,64071.81,10,41.89,347698.16,57,13.21,58541.08,386714.11,0.8,7,0,6905.77
20331,22,Male,kolkata,Savings,122105.75,591,100651.82,64,66.68,50684.56,48,20.97,32998.22,253460.99,3.4,8,0,1277.36
20332,64,Male,BANGALORE,Savings,176596.59,410,145791.06,78,98.98,1115827.1,31,18.52,115899.72,487644.18,9.1,2,0,42660.59
20333,56,Male,DELHI,Current,146536.97,551,2131.84,77,78.34,708521.3,32,16.52,64479.73,384687.37,1.2,8,0,25799.03
20334,31,Male,hyderabad,Current,187576.93,757,140493.42,19,29.48,1348387.39,47,18.28,71657.65,211409.42,6.5,0,0,33933.46
20335,20,Male,pune,Savings,95367.8,549,130682.63,50,81.27,440745.63,37,8.21,13768.36,243459.31,11.7,1,0,12890.02
20336,30,Female,kolkata,Current,93379.67,536,85804.94,21,21.81,336691.25,24,12.7,77989.04,462568.17,11.2,4,0,15810.46
20337,42,Female,mumbai,Savings,39078.61,456,7334.14,60,72.84,568702.51,44,9.96,59377.26,86899.26,4.8,1,0,14212.39
20338,45,Female,KOLKATA,Savings,55887.21,604,16683.65,77,62.5,1147775.56,54,16.29,45779.99,41118.09,1.1,6,0,24717.56
20339,34,Female,KOLKATA,Savings,176948.35,351,117619.7,30,59.9,928693.48,40,17.29,89684.5,21433.16,5.2,7,0,27231.61
20340,64,Female,chennai,Savings,133883.29,654,78192.09,58,72.34,725389.21,59,7.05,23662.39,296176.65,8.9,7,0,13161.51
20341,23,Female, Chennai ,Savings,157686.51,736,64199.27,23,71.91,270615.31,27,16.32,15985.82,353697.61,2.0,3,1,11658.51
20342,58,Female,chennai,Savings,50855.48,836,101087.19,16,36.58,324480.74,21,21.24,7301.17,204651.22,10.7,3,0,18733.35
20343,47,Female,KOLKATA,Savings,70067.91,697,42449.43,13,95.08,451149.86,21,20.1,80141.93,340252.96,4.9,4,1,25801.48
20344,27,Male, Chennai ,Savings,26320.46,841,50055.99,13,10.83,1270859.34,53,15.61,32902.42,153702.53,9.7,7,0,27721.52
20345,62,Male,kolkata,Savings,107095.39,,,26,28.35,527515.22,51,8.01,50655.3,455841.46,0.5,0,0,11171.94
20346,57,Female, Chennai ,Savings,46174.74,537,121830.93,29,65.05,879709.94,6,8.31,100303.17,266893.56,11.0,3,0,158802.31
20347,32,Male,pune,Savings,86004.17,543,143793.12,8,71.87,1161711.67,8,10.77,29210.21,20814.4,2.7,4,1,160853.5
20348,24,Male, Bangalore ,Savings,125002.3,616,143092.85,29,21.71,1408091.39,9,17.69,67726.86,148159.2,11.2,3,0,184131.42
20349,20,Female,pune,Current,184234.66,388,110374.61,49,77.59,835650.0,35,14.67,40052.29,44807.96,6.5,0,0,27378.28
20350,55,Female,mumbai,Savings,178792.94,837,136587.65,61,73.64,867929.35,22,7.69,46011.03,390805.74,2.1,1,0,42485.14
20351,40,Male,hyderabad,Savings,134014.65,684,18332.52,52,34.79,160013.44,10,14.38,7170.17,90892.41,8.5,6,0,18302.34
20352,67,Female, Chennai ,Savings,20440.54,749,137780.3,38,58.7,1027348.24,11,8.75,,65092.49,6.8,4,0,101567.38
20353,64,Female,HYDERABAD,Savings,157719.86,759,2871.31,78,90.73,118451.25,17,10.95,88111.48,372225.6,9.6,9,0,7730.69
20354,27,Female, Kolkata ,Savings,,454,115657.76,61,26.92,1230335.7,23,21.27,78503.3,123251.85,5.0,6,1,64870.79
20355,53,Female,DELHI,Current,82788.98,408,78168.09,29,58.77,1479852.13,44,18.29,23802.89,490701.8,5.0,9,1,39784.48
20356,33,Male, Kolkata ,Current,184034.13,483,90518.16,21,27.59,840133.32,33,15.01,48917.77,333079.79,9.1,5,0,29279.92
20357,38,Female,MUMBAI,Savings,81089.3,462,102312.57,12,35.64,422572.11,52,14.34,41159.23,98088.69,10.0,8,0,9291.71
20358,50,Male,PUNE,Current,165500.87,613,113308.74,77,12.04,1161927.06,28,9.44,83488.47,213802.52,2.1,2,0,45414.75
20359,53,Male,pune,Savings,163565.76,374,21336.5,68,86.57,149324.34,21,12.29,10123.98,281428.43,4.9,4,0,7984.59
20360,39,Female, Mumbai ,Savings,86893.62,881,104388.36,55,47.99,1204995.64,28,20.87,108618.22,96552.38,8.3,2,0,52017.08
20361,24,Female,KOLKATA,Savings,,370,57143.42,42,95.0,823353.05,27,8.55,116846.4,397393.64,8.3,4,0,33101.84
20362,38,Male, Chennai ,Savings,143741.22,741,120097.63,20,92.83,363776.37,12,14.75,2055.17,457470.91,10.1,2,0,34786.12
20363,18,Female, Delhi ,Savings,76088.08,539,86481.67,6,26.89,672651.11,39,8.76,74657.27,158200.14,3.6,1,1,18758.34
20364,38,Male,HYDERABAD,Savings,85016.03,649,72924.84,36,14.91,1053603.87,25,7.78,119296.02,404216.5,5.3,1,0,45422.97
20365,51,Female, Kolkata ,Savings,147900.43,676,62845.4,14,59.9,1121058.21,10,7.07,109620.58,358677.33,7.1,4,0,120031.7
20366,39,Female, Kolkata ,Current,,685,7237.24,10,31.02,1218383.12,59,12.58,16544.72,115564.66,9.2,7,1,23248.4
20367,20,Female,MUMBAI,Savings,151075.1,762,146371.55,58,57.45,504414.24,58,8.71,1207.83,60296.15,0.6,5,1,9454.29
20368,29,Male,MUMBAI,Current,86160.62,752,35643.49,32,56.25,450981.77,29,10.02,41485.82,213820.56,4.8,5,0,17109.32
20369,65,Female, Pune ,Savings,58934.02,838,24637.98,61,74.38,1014590.01,24,7.2,81900.01,383896.81,3.7,8,0,45318.35
20370,29,Male,chennai,Savings,abc,755,90654.72,64,11.16,419530.3,14,8.98,88768.19,211931.85,4.7,6,0,32657.44
20371,54,Male, Kolkata ,Current,abc,498,31445.93,38,12.39,504843.49,48,16.81,2470.08,424865.51,11.9,1,1,12285.58
20372,26,Male,PUNE,Savings,119348.08,868,136835.8,46,80.98,616998.97,6,9.35,25332.76,269435.11,3.7,3,0,112448.06
20373,63,Male,PUNE,Savings,142490.02,588,132253.72,58,83.66,865683.57,14,18.23,111405.66,400146.34,8.8,9,0,73106.98
20374,61,Male,bangalore,Savings,68087.35,431,99486.62,58,89.95,1307886.17,12,9.33,34123.18,299857.93,4.9,4,0,119159.33
20375,25,Male,bangalore,Savings,162505.38,392,,60,85.71,159864.71,56,8.31,69684.74,240317.47,1.0,6,0,3091.95
20376,25,Female, Mumbai ,Savings,183229.32,712,24316.75,27,27.25,936615.41,30,8.8,38632.87,453473.49,11.0,3,0,33967.92
20377,39,Female, Kolkata ,Savings,176450.9,682,34084.42,6,96.94,216758.87,22,21.2,25060.64,52531.26,5.9,2,0,11941.44
20378,37,Male, Pune ,Current,81781.61,601,,20,75.39,1030615.21,26,16.13,5207.34,329132.61,7.8,1,0,46032.82
20379,57,Male, Bangalore ,Savings,55407.84,410,21861.03,24,44.38,1036470.64,23,7.8,41830.44,269157.5,7.0,3,0,48578.93
20380,40,Male,mumbai,Current,126160.3,700,,27,45.29,1316142.32,51,19.01,NaN,355068.53,2.8,1,0,30712.57
20381,63,Male, Bangalore ,Current,121732.22,576,,10,98.12,1077493.74,25,14.02,,374596.98,0.5,7,1,49142.33
20382,68,Female,kolkata,Savings,,858,21985.45,34,38.58,952562.28,51,20.88,105122.9,140028.18,10.8,9,0,22577.59
20383,53,Female,DELHI,Savings,,,92181.72,13,77.69,1239687.61,15,17.76,,462402.71,10.3,9,0,97323.74
20384,35,Male,hyderabad,Savings,182411.83,741,75107.55,44,70.35,1279778.42,30,18.91,98477.85,461851.97,10.3,4,0,50726.15
20385,51,Female, Mumbai ,Savings,166619.29,782,69091.09,42,61.18,247361.04,30,13.69,,166095.69,4.4,7,0,9374.16
20386,26,Female,pune,Savings,94765.5,718,73512.01,17,87.86,1207251.79,16,20.59,48374.16,402307.05,6.6,1,0,90989.06
20387,33,Female,kolkata,Current,30255.64,825,15022.62,45,31.78,1173465.97,21,18.21,33180.4,76429.46,4.9,6,0,66054.96
20388,28,Male,DELHI,Savings,113463.34,799,92290.13,57,63.13,147647.67,9,9.77,50196.0,314061.3,8.4,5,0,18008.09
20389,36,Female,pune,Current,96058.63,728,19315.13,78,26.04,899583.48,53,11.58,84909.81,196077.61,8.8,0,0,18938.78
20390,45,Male,CHENNAI,Savings,137135.85,853,85346.86,15,31.52,1419534.93,26,14.09,100815.6,412161.86,11.7,0,0,62290.28
20391,35,Male, Pune ,Savings,66178.17,818,25385.92,35,60.88,838501.45,12,18.65,85342.0,139169.87,5.9,8,0,82906.83
20392,44,Female, Delhi ,Savings,79471.21,350,132429.03,18,18.25,477162.21,45,19.67,104826.74,73351.9,0.8,0,0,12689.33
20393,57,Male,mumbai,Savings,134780.56,1200,59236.46,32,92.73,345704.61,20,18.3,,170968.45,12.0,1,0,20448.43
20394,18,Male,chennai,Savings,150487.31,1200,122974.69,24,22.25,1479446.55,13,9.75,90317.71,216369.85,8.1,1,1,124899.43
20395,26,Female, Kolkata ,Savings,55945.85,396,5231.78,59,15.15,1014814.84,59,9.09,90005.65,450478.74,2.4,1,0,18763.75
20396,31,Male,hyderabad,Savings,88375.54,769,140371.74,52,29.46,1286849.96,41,11.24,55067.63,450422.43,2.5,9,0,34914.44
20397,42,Male,HYDERABAD,Savings,157838.34,563,56537.42,77,98.97,1101486.8,24,11.15,100341.03,423162.32,3.2,5,0,51012.61
20398,30,Male, Bangalore ,Savings,129188.26,490,149598.56,75,60.33,225313.68,58,20.77,16687.37,429892.02,10.3,3,1,4691.57
20399,67,Male, Chennai ,Savings,42744.24,736,129315.71,9,59.28,241175.23,14,18.61,31664.57,279434.4,1.9,1,0,20432.71
20400,52,Male,hyderabad,Savings,77717.31,735,34583.31,71,60.38,48086.77,34,15.25,,344178.21,11.4,3,1,1630.0
20401,21,Female, Delhi ,Savings,141791.69,683,18442.18,12,36.73,880683.79,43,15.95,108076.59,278063.41,2.9,3,0,23747.74
20402,50,Female, Kolkata ,Current,23302.24,411,39325.18,17,35.88,442744.06,54,17.86,NaN,100860.68,8.0,2,0,9663.3
20403,44,Male,pune,Savings,187194.81,793,56046.41,5,15.8,667867.78,55,8.66,4679.55,434706.32,7.2,1,0,13194.64
20404,35,Male,chennai,Savings,154181.07,720,48802.14,28,67.17,1125683.45,6,17.78,64056.32,392926.19,10.3,8,0,220971.66
20405,29,Female,HYDERABAD,Savings,76002.07,634,144310.59,53,95.16,696500.34,15,18.05,75873.71,30833.39,0.6,9,0,54814.58
20406,19,Male,PUNE,Savings,31002.25,640,86575.92,41,96.67,353714.75,37,15.56,49218.01,81682.77,1.2,9,0,11047.37
20407,55,Female, Pune ,Savings,168226.28,,113785.72,71,43.21,283441.73,53,21.05,79930.21,281523.25,4.3,7,0,6473.7
20408,55,Male,delhi,Savings,32501.96,677,85422.94,17,85.96,1270967.09,10,13.62,59095.98,228108.83,1.5,4,0,144407.28
20409,66,Male,PUNE,Savings,125980.57,672,84996.73,64,25.21,1077795.42,8,19.74,43156.93,193325.94,6.9,3,0,161319.03
20410,27,Female,kolkata,Savings,162546.72,663,,78,10.06,453152.28,8,13.92,30613.97,37524.17,3.0,6,0,64528.88
20411,45,Female,pune,Savings,25188.8,697,88700.03,15,33.75,1454489.03,13,14.64,45813.98,403907.24,8.6,1,0,128263.56
20412,37,Male, Bangalore ,Savings,171326.99,896,131159.16,27,83.01,708946.84,27,10.11,116755.04,108680.0,4.9,7,0,28911.9
20413,61,Male,PUNE,Savings,17272.75,,62454.99,59,38.25,950576.74,59,20.39,85809.03,392327.68,8.6,9,0,19396.6
20414,68,Male,mumbai,Savings,,458,131063.92,65,55.84,1341031.0,21,13.55,70070.03,246203.3,10.3,3,0,72511.46
20415,38,Female,delhi,Savings,108228.58,676,72387.56,59,69.97,135871.67,8,13.69,102471.27,48630.37,3.0,8,0,19309.06
20416,20,Male,chennai,Savings,126715.94,699,92223.37,56,81.2,263965.65,25,9.55,101037.41,178909.09,6.5,2,0,11566.97
20417,65,Female, Chennai ,Current,174209.57,579,6583.22,20,51.13,981852.08,16,20.29,33637.33,230314.66,11.3,3,0,73816.87
20418,26,Male,MUMBAI,Current,197534.53,637,107270.59,64,54.08,1135910.85,18,20.97,NaN,305730.13,8.2,8,0,76339.52
20419,38,Female,chennai,Current,45824.0,833,119930.61,66,36.44,1442981.55,29,8.43,62256.86,348688.77,7.2,7,0,53952.58
20420,66,Male,pune,Savings,27910.85,799,118639.37,76,41.75,395049.49,32,19.29,76766.47,182097.24,2.3,1,1,14726.7
20421,28,Female,PUNE,Savings,178038.46,425,132689.35,41,25.59,317718.8,59,16.3,60970.35,368998.94,5.6,1,0,6262.83
20422,50,Male,hyderabad,Savings,61987.52,560,66345.56,76,47.69,1446386.0,13,13.67,52417.09,395433.71,3.4,9,1,126469.77
20423,63,Male, Bangalore ,Savings,107144.31,698,143357.83,29,20.83,633007.89,8,12.91,,112967.35,11.1,0,0,89341.15
20424,20,Female, Mumbai ,Savings,162924.6,478,49213.5,5,41.83,159983.99,49,17.76,46476.78,437706.6,2.7,1,0,3844.84
20425,40,Female,MUMBAI,Savings,165898.87,889,121847.5,30,76.86,935037.22,25,19.3,95656.43,361188.93,1.1,1,0,44619.98
20426,21,Female,pune,Savings,115748.96,558,92481.9,25,85.99,207869.39,59,8.21,53297.49,123522.93,2.3,9,0,3812.47
20427,59,Female, Delhi ,Savings,198654.17,497,149214.71,54,51.2,754456.29,34,14.63,28074.48,494430.95,0.8,4,0,25436.27
20428,46,Male,bangalore,Savings,189554.33,751,76577.26,70,83.54,313669.12,6,13.22,45804.18,32278.52,4.4,9,0,59189.36
20429,33,Male,pune,Savings,56061.3,495,83472.28,41,75.6,529230.82,59,17.03,73217.51,405092.34,9.9,7,0,10497.61
20430,63,Female,chennai,Current,180243.33,452,47030.8,21,12.66,1313993.19,43,19.18,112525.78,332912.09,10.2,0,0,36419.0
20431,56,Female,mumbai,Savings,116776.04,369,61073.42,40,49.51,308190.34,56,8.81,59356.95,329214.31,3.4,3,0,5988.25
20432,27,Male,MUMBAI,Savings,48400.32,365,147612.27,11,27.94,681677.6,56,7.45,64186.73,248673.68,11.3,7,0,13079.69
20433,59,Female,pune,Savings,89266.65,774,112203.94,46,22.66,952858.69,8,20.71,11809.24,402142.73,3.5,5,0,143774.47
20434,59,Female,MUMBAI,Savings,abc,550,97812.58,35,47.88,1035330.84,22,18.89,38858.29,37146.76,6.6,2,0,55950.22
20435,54,Female,MUMBAI,Savings,174551.35,706,147420.21,76,51.11,1371593.97,31,19.46,92987.09,298960.34,5.5,7,0,52855.04
20436,58,Female, Chennai ,Savings,179535.13,455,99379.72,78,82.52,154461.07,9,16.49,47363.93,232221.86,4.5,2,0,19992.41
20437,30,Male, Pune ,Savings,59505.68,776,22819.59,10,13.55,469729.71,27,7.35,9260.77,204501.4,6.9,7,0,18676.11
20438,52,Male, Pune ,Savings,82527.0,484,11853.68,64,75.34,818114.32,42,15.58,90719.64,429709.94,6.7,7,0,22513.73
20439,54,Female,KOLKATA,Savings,20137.68,664,5594.47,12,18.51,210230.23,38,10.97,38557.07,344035.62,8.3,6,0,6139.28
20440,40,Female,DELHI,Current,20646.7,790,137883.9,46,82.79,691005.04,11,20.8,9231.42,480011.61,2.7,5,0,75884.92
20441,23,Female,CHENNAI,Savings,71558.83,,133073.88,77,42.16,82518.27,25,11.84,32146.85,267551.84,3.8,8,0,3691.54
20442,33,Male, Delhi ,Savings,37149.26,442,136807.18,16,58.17,459913.86,26,14.52,12109.02,322341.72,1.4,8,0,20257.44
20443,21,Male, Delhi ,Savings,175668.64,874,18433.83,49,86.2,915342.13,24,12.01,26960.7,363958.94,9.3,1,0,42719.78
20444,55,Female,PUNE,Current,198136.48,455,121997.26,13,90.39,573515.47,55,11.16,24996.47,267191.55,9.5,1,0,11591.27
20445,68,Male,MUMBAI,Current,,593,56638.23,37,33.21,1106751.24,25,9.04,74051.65,142956.47,7.9,3,0,48272.06
20446,40,Male,CHENNAI,Current,25673.51,677,24167.82,44,39.87,1106312.54,6,21.77,59865.8,395130.82,11.2,2,1,224526.13
20447,64,Female, Mumbai ,Savings,56303.06,393,58740.03,47,15.64,1308690.21,23,11.76,66069.89,174705.95,6.0,2,0,63590.96
20448,32,Male, Bangalore ,Savings,140870.64,372,18234.66,55,33.8,1410485.69,10,7.98,23559.43,13842.88,2.0,4,0,152304.24
20449,54,Male,HYDERABAD,Current,78700.54,705,42181.52,65,27.49,495862.18,53,16.89,39710.37,50260.11,7.1,1,0,10936.1
20450,37,Male,kolkata,Savings,134136.93,396,24327.17,18,34.19,1133019.19,39,10.48,95469.02,63594.51,1.1,4,0,32096.4
20451,68,Female,delhi,Current,80229.49,809,66923.44,29,88.64,92470.15,25,20.63,101288.83,302192.07,8.2,5,0,4461.87
20452,62,Female, Kolkata ,Savings,80874.0,362,45957.26,8,57.89,768101.58,7,9.62,NaN,148780.91,10.9,3,0,120284.71
20453,55,Male,pune,Savings,60323.07,785,73608.26,40,96.85,1239160.15,6,7.85,NaN,67688.95,1.2,1,0,222739.04
20454,64,Male,bangalore,Savings,173037.76,534,20799.36,49,96.54,948027.42,48,11.02,119202.42,73547.31,6.1,3,0,21927.08
20455,41,Male,hyderabad,Current,75241.78,730,124266.54,59,67.47,859293.94,54,15.92,4599.51,411018.57,3.8,8,0,18446.18
20456,23,Male,mumbai,Current,,509,126081.59,77,52.61,124019.1,25,16.92,57634.65,77155.79,6.4,0,1,5800.13
20457,42,Female, Kolkata ,Current,140488.75,827,15496.8,60,41.65,836415.53,7,17.28,114772.72,282431.92,9.4,7,0,140135.45
20458,29,Female, Delhi ,Savings,137667.35,452,134786.08,24,79.67,1227782.32,57,7.7,41629.93,418053.76,4.5,1,0,23198.62
20459,44,Male,pune,Savings,69269.41,533,13664.37,74,60.51,241224.58,44,16.49,92622.71,178728.39,6.8,8,1,6386.42
20460,52,Female, Mumbai ,Savings,177956.87,571,15178.89,29,62.7,529120.47,39,11.16,1817.85,387010.55,0.6,2,0,15081.29
20461,34,Female,BANGALORE,Savings,22906.37,808,63722.38,7,56.69,862593.47,8,12.24,30008.58,386909.23,2.2,0,0,121021.86
20462,59,Male, Mumbai ,Current,195988.35,795,145181.97,71,59.05,97647.24,41,15.15,15463.54,290982.01,2.6,1,0,2742.46
20463,37,Female,PUNE,Savings,112921.93,474,,48,83.15,555764.33,24,15.1,44651.34,1985.49,4.4,4,0,26653.53
20464,52,Male,BANGALORE,Savings,27420.09,567,89186.01,28,12.59,607176.16,28,14.25,,319835.83,11.7,1,0,24774.96
20465,68,Female,HYDERABAD,Savings,76798.11,887,52149.46,12,19.88,1007675.5,54,14.32,60719.57,323432.13,6.2,8,0,21332.86
20466,28,Female,KOLKATA,Savings,140140.46,678,141764.28,40,36.0,838885.57,59,13.51,46020.49,98059.94,8.8,6,0,16139.31
20467,22,Male,MUMBAI,Current,182020.65,352,53634.7,47,11.23,1432373.59,30,19.63,55269.37,489695.17,5.2,6,0,57118.28
20468,21,Female,bangalore,Savings,118399.03,861,58048.34,61,49.01,1013361.77,12,10.27,23822.42,123778.66,5.3,0,1,93119.5
20469,22,Female,DELHI,Savings,173028.43,613,97895.81,69,25.18,884852.45,49,11.53,73567.27,272813.04,1.8,9,0,20140.33
20470,58,Female, Chennai ,Savings,130254.92,357,44325.94,11,83.07,276297.03,57,20.52,18715.7,420040.76,5.9,6,1,5841.99
20471,25,Female,MUMBAI,Savings,64959.18,798,43204.51,13,20.52,649779.39,26,14.78,63229.01,37169.8,7.4,7,0,28685.26
20472,60,Male,hyderabad,Savings,17948.08,770,18702.5,22,27.73,558638.78,20,19.49,,400006.77,5.2,2,0,33375.87
20473,66,Male, Bangalore ,Savings,124468.11,662,78109.73,52,64.2,1125922.27,49,20.6,1982.32,108833.5,5.0,1,0,27711.47
20474,20,Female,CHENNAI,Savings,,558,,60,38.71,1398034.52,12,8.94,30144.99,168067.92,4.1,4,0,126918.23
20475,57,Female,CHENNAI,Savings,100982.13,530,63170.95,49,92.8,893861.67,21,10.02,18494.87,436289.15,3.1,2,0,46829.84
20476,28,Male, Hyderabad ,Savings,26947.14,652,135608.03,78,30.03,608386.33,31,21.7,11816.18,472840.53,4.7,6,0,23884.07
20477,26,Male,BANGALORE,Savings,127814.62,811,39602.69,59,42.56,383463.55,25,7.24,47755.78,88556.64,6.0,3,0,16449.05
20478,47,Male,DELHI,Savings,184461.87,800,103630.05,26,17.95,1477727.37,22,15.58,99404.81,34840.51,9.3,8,1,77634.42
20479,22,Female, Hyderabad ,Savings,139716.97,554,95054.38,38,74.54,338885.39,30,9.96,50971.54,185173.65,3.8,9,0,12421.28
20480,18,Male,CHENNAI,Current,33549.69,,87393.63,79,55.62,1476178.56,37,21.55,,391630.66,9.5,0,0,48494.46
20481,67,Female,pune,Savings,105744.29,379,34759.03,72,41.67,322413.28,36,17.12,,101414.62,7.4,7,0,10489.18
20482,41,Male,PUNE,Savings,162622.15,759,114204.38,30,31.91,117246.0,54,19.35,97924.39,455859.37,3.7,6,0,2591.35
20483,38,Male, Chennai ,Current,173017.04,871,102373.23,30,52.67,974984.65,21,21.68,66711.08,36892.94,4.5,6,0,56493.4
20484,47,Male,HYDERABAD,Current,71054.9,735,148403.36,53,40.86,622025.28,36,19.22,,107957.85,5.2,6,0,20599.4
20485,49,Female,CHENNAI,Current,102647.98,654,107080.07,27,92.15,925336.3,26,14.53,28840.95,22893.22,8.9,7,1,40761.06
20486,66,Female, Delhi ,Savings,136230.49,749,41853.02,8,26.65,410152.48,46,7.22,112626.34,302642.22,0.6,4,0,9560.12
20487,67,Male, Pune ,Current,62243.86,765,22494.98,38,64.68,1223216.82,34,8.71,78370.18,245315.15,8.8,2,0,39110.56
20488,66,Female,pune,Current,25084.13,,96604.36,59,70.15,96616.28,15,9.78,85065.6,49108.86,9.8,1,0,7071.02
20489,60,Male,CHENNAI,Savings,170105.46,594,146250.75,15,99.7,813776.94,30,8.7,,259408.59,6.7,6,0,29485.85
20490,40,Male, Mumbai ,Savings,67815.3,679,9999999,73,16.49,1230327.19,32,18.33,57596.08,22809.81,7.0,4,0,45495.19
20491,48,Female, Chennai ,Savings,101589.76,594,9999999,62,29.02,956487.21,8,13.12,67053.54,205775.09,2.0,3,1,135247.29
20492,68,Male,mumbai,Savings,123054.07,414,7853.05,68,79.38,615068.51,41,7.78,26777.26,469193.44,4.5,0,0,16168.8
20493,18,Female,CHENNAI,Savings,17221.64,887,9999999,26,22.57,1435922.89,42,10.74,,17911.17,4.7,1,1,37860.5
20494,52,Female, Bangalore ,Savings,196170.47,419,9021.2,73,29.92,769913.58,52,8.14,16488.86,360538.95,10.2,6,0,16011.24
20495,38,Female, Bangalore ,Savings,51663.61,573,48572.17,29,80.48,541564.88,43,12.58,24293.15,27054.23,5.5,2,0,14178.92
20496,33,Female, Hyderabad ,Current,152200.59,805,30443.83,50,55.71,846556.34,35,13.1,NaN,260388.63,4.6,7,0,27355.86
20497,38,Female, Chennai ,Savings,174079.87,886,4175.31,71,46.96,552042.05,49,13.26,5745.8,168836.36,1.8,0,0,12760.06
20498,35,Male, Bangalore ,Savings,37927.82,365,14953.5,70,82.08,546093.73,46,19.42,,412807.52,12.0,6,0,14177.07
20499,28,Female, Kolkata ,Savings,139722.15,717,101523.92,71,51.01,629802.37,19,15.3,94465.81,66833.56,2.3,9,0,38219.06
20500,18,Female,hyderabad,Savings,93185.53,825,54019.76,46,69.2,50988.53,57,14.82,89026.96,370494.78,6.0,4,0,1027.11
20501,18,Male, Mumbai ,Savings,69292.41,634,26234.32,14,25.13,1403340.48,18,9.64,51070.11,308396.67,3.5,8,0,85479.03
20502,52,Female, Bangalore ,Savings,83175.54,680,129903.28,20,60.28,748012.37,33,19.96,82655.02,437511.36,8.7,5,1,27191.38
20503,53,Male,hyderabad,Savings,128970.83,579,65693.41,11,29.67,355154.54,6,18.57,113956.66,327111.07,5.0,5,0,70184.46
20504,46,Female, Pune ,Savings,153403.86,516,145742.49,28,78.49,783452.77,56,19.89,119622.27,69445.88,2.6,8,0,16772.88
20505,59,Male,MUMBAI,Current,188488.83,813,111090.18,51,18.91,128180.9,40,10.07,82432.23,309421.62,11.1,2,0,3527.22
20506,53,Male,hyderabad,Savings,70457.54,609,52648.64,26,12.93,960174.74,10,18.9,11415.62,219323.2,4.8,6,0,114164.78
20507,39,Female, Kolkata ,Current,128797.72,660,,62,40.09,368200.79,14,19.52,54401.44,113292.08,5.0,0,0,31433.83
20508,56,Female,PUNE,Savings,,769,83215.13,49,65.35,761481.01,24,9.43,99201.8,395745.11,9.8,9,0,34720.36
20509,63,Male,KOLKATA,Current,48135.69,580,89068.11,49,68.78,1185581.87,32,14.94,46385.2,485246.47,7.4,9,0,42584.62
20510,42,Male,delhi,Savings,84307.72,517,121704.4,6,18.48,463066.31,43,21.24,NaN,481657.86,6.8,0,1,13056.32
20511,40,Male,chennai,Savings,35084.07,742,14972.4,49,55.63,528125.36,44,9.62,28914.12,375323.45,2.1,6,0,13157.52
20512,41,Female,DELHI,Savings,113180.69,,139046.2,32,77.92,1122554.62,28,14.67,46020.74,265474.6,3.5,3,0,45972.62
20513,46,Male,HYDERABAD,Savings,42714.83,424,12866.83,46,37.69,444069.87,46,21.92,117489.88,362260.13,6.3,3,0,11769.78
20514,69,Female, Delhi ,Savings,68461.54,502,116262.25,29,15.51,1207494.81,29,12.55,24824.01,60958.79,6.2,6,0,46863.29
20515,29,Female,kolkata,Savings,129080.01,704,125173.24,12,57.78,115978.98,23,15.2,99386.26,139765.58,10.7,3,0,5809.03
20516,29,Male,chennai,Savings,29927.33,887,21852.5,59,26.2,428748.49,47,7.49,63485.51,235535.08,7.2,3,1,9805.57
20517,40,Male, Hyderabad ,Savings,23912.35,378,,59,12.05,611985.68,52,20.97,107332.58,308746.38,5.3,6,0,14236.91
20518,46,Male,kolkata,Current,154250.15,509,109602.52,25,77.72,791415.55,19,21.69,93749.03,162938.02,8.5,3,0,50688.08
20519,54,Female,CHENNAI,Current,177294.48,773,9999999,27,44.03,818574.88,37,19.7,61908.11,136631.02,8.3,6,0,26482.0
20520,20,Female, Chennai ,Current,87486.06,535,99860.89,63,18.28,574175.46,30,17.92,82507.85,111452.64,3.7,8,0,22568.92
20521,47,Male, Delhi ,Current,114040.53,534,38627.64,48,60.58,1104721.88,32,17.17,2327.73,169949.37,11.4,5,0,40450.08
20522,57,Female,kolkata,Current,63980.52,762,90142.76,15,60.99,339355.93,43,9.1,47489.93,72916.35,11.2,3,0,8610.17
20523,59,Male,kolkata,Savings,139124.31,891,80578.57,53,78.62,1068580.03,18,8.59,77395.81,80103.38,3.0,5,0,64465.06
20524,60,Male,bangalore,Savings,34032.46,655,116012.93,5,42.25,1203059.92,55,8.31,86349.59,204588.95,8.0,1,0,23691.53
20525,26,Female,hyderabad,Savings,63713.04,453,74293.98,32,40.83,1386074.56,37,15.71,59784.0,248708.47,9.3,6,0,43346.67
20526,56,Female,delhi,Current,70412.21,707,25979.87,15,19.81,1244989.2,37,14.09,108427.78,145091.47,10.9,8,0,38389.41
20527,44,Male, Kolkata ,Savings,64125.19,550,99750.02,73,70.3,36510.17,59,15.51,,175774.51,9.7,7,0,714.79
20528,35,Male,BANGALORE,Savings,182472.97,890,104250.42,69,73.31,1221957.57,29,17.01,74194.46,41564.52,2.6,3,0,49303.88
20529,34,Male,KOLKATA,Savings,183974.18,481,51154.59,47,50.66,311247.68,30,9.82,41122.45,17330.18,4.2,9,0,11393.74
20530,25,Female,MUMBAI,Savings,120893.8,788,64475.08,32,94.95,720727.17,16,19.58,40546.15,330382.35,9.0,9,0,53865.35
20531,22,Male,kolkata,Savings,29166.77,569,25491.89,60,21.42,223609.15,38,13.35,78677.38,46591.08,5.0,4,1,6670.03
20532,64,Female,BANGALORE,Savings,,565,148425.64,7,60.09,957495.95,17,16.22,119116.85,197939.82,10.5,7,0,65458.93
20533,21,Male, Bangalore ,Current,179161.76,803,5332.49,30,60.52,411462.76,14,15.59,27630.97,125043.95,3.2,4,0,33972.13
20534,66,Female, Kolkata ,Current,119096.71,838,62425.12,18,21.04,896087.21,36,11.42,97886.73,194789.14,6.2,0,0,27733.9
20535,41,Male,delhi,Savings,186979.89,741,101104.81,66,98.76,54102.68,37,16.54,14970.24,432682.69,6.5,2,0,1704.09
20536,64,Male,chennai,Current,74306.17,628,99942.24,79,76.0,16270.55,45,21.08,95409.75,17474.66,3.1,5,0,437.79
20537,46,Female, Delhi ,Savings,,787,83263.99,10,90.81,1225049.14,28,19.62,84681.52,102538.31,11.1,7,1,52335.85
20538,62,Female, Bangalore ,Savings,47763.26,685,91336.83,71,37.91,233724.02,32,20.49,65992.95,380105.56,0.6,5,1,8800.44
20539,54,Female,mumbai,Savings,177580.27,542,9999999,66,38.55,165260.79,45,20.63,107425.11,195832.94,7.1,1,0,4430.09
20540,49,Male, Delhi ,Savings,193900.21,391,,11,82.01,152873.33,26,19.8,77305.56,230028.33,8.7,1,1,7043.93
20541,66,Male, Pune ,Current,133284.93,497,66419.61,76,10.19,861757.19,30,12.76,23309.08,230399.71,8.7,2,0,32390.58
20542,58,Female, Bangalore ,Savings,117865.06,743,87661.1,16,89.67,308615.1,8,8.69,107236.55,185198.31,5.0,0,1,41929.22
20543,39,Female,DELHI,Current,186625.39,1200,143574.19,42,23.99,412323.58,13,21.69,110282.18,367703.77,3.0,2,1,38596.66
20544,18,Male, Pune ,Savings,58819.43,350,135655.88,45,91.18,756479.25,40,14.47,52123.43,82687.08,8.2,2,1,21648.54
20545,46,Male, Mumbai ,Current,177305.27,868,16542.29,19,80.83,603179.28,10,11.2,106228.65,240411.04,2.3,4,0,67073.54
20546,25,Female,delhi,Savings,28818.53,505,60174.05,22,74.26,1128122.3,10,8.02,83552.93,370310.03,11.7,1,1,121859.77
20547,61,Male, Hyderabad ,Current,85022.71,862,68205.71,59,77.27,1052588.48,56,13.83,75393.91,181208.41,2.0,5,0,21395.74
20548,44,Male,HYDERABAD,Current,143657.85,364,28350.39,24,84.93,1387007.41,41,18.29,,496003.5,8.6,4,0,40016.86
20549,23,Female, Chennai ,Savings,157913.01,,123928.06,51,78.22,646347.2,54,7.47,72024.43,216446.24,7.2,0,0,12863.51
20550,30,Female, Bangalore ,Current,84795.58,454,19000.41,72,82.32,572109.03,23,7.83,96608.12,278763.94,1.0,1,0,26821.96
20551,19,Female,hyderabad,Current,162212.21,826,22349.16,18,60.92,199769.45,43,9.5,93454.83,74367.13,3.3,3,0,5087.15
20552,39,Female,pune,Current,128576.75,358,90182.43,24,65.83,670780.44,29,10.29,46612.25,67693.56,7.3,9,1,25510.47
20553,43,Male,chennai,Savings,105556.08,472,50621.88,19,49.34,519616.13,54,15.47,105397.16,444485.47,11.3,1,0,11111.12
20554,67,Male,MUMBAI,Current,abc,875,16125.58,49,31.08,379067.83,9,21.3,70116.07,54185.32,5.2,8,0,51089.92
20555,43,Male,kolkata,Savings,,571,105402.81,64,66.64,843839.55,22,20.05,109496.3,123940.61,1.2,8,0,46046.79
20556,39,Female,KOLKATA,Savings,198414.96,752,131120.61,57,17.79,1085872.37,46,13.63,49318.51,269884.14,3.5,7,1,26823.41
20557,56,Male,HYDERABAD,Savings,153577.27,547,40950.47,41,93.72,71390.24,50,9.21,66419.54,136352.23,1.3,7,0,1559.31
20558,61,Male,mumbai,Current,29925.73,780,140945.92,8,74.82,946967.33,12,9.42,22989.5,254578.94,1.2,8,0,86347.64
20559,55,Female,kolkata,Savings,43693.69,659,36613.06,35,58.59,737719.13,57,16.3,NaN,92036.14,7.3,8,0,15052.06
20560,43,Female,kolkata,Savings,192405.9,745,28432.09,50,82.2,975561.99,39,18.05,67295.12,1472.82,6.7,6,0,29529.51
20561,22,Female, Bangalore ,Savings,66958.09,,106516.37,59,28.09,30289.09,57,10.35,58815.11,438050.61,11.2,5,0,586.39
20562,47,Female, Hyderabad ,Savings,194139.09,632,66537.23,79,24.65,803669.36,28,20.9,46351.63,311739.36,8.0,4,0,34701.29
20563,40,Male, Bangalore ,Savings,54970.3,820,133664.97,7,94.65,1380329.23,44,14.39,85425.95,376164.47,9.6,6,0,35885.42
20564,50,Male,bangalore,Savings,55178.87,473,70602.2,53,80.42,972057.58,33,12.67,92146.01,73769.15,11.5,9,1,33188.4
20565,40,Female, Kolkata ,Savings,194834.92,715,18045.87,58,54.53,1134041.75,23,12.62,107750.46,411095.32,7.1,0,0,55528.6
20566,52,Female,mumbai,Savings,139536.87,805,6024.28,19,18.36,831780.86,14,8.56,NaN,126192.54,2.3,5,0,64498.66
20567,28,Female,kolkata,Savings,181211.3,506,6185.22,27,72.58,734909.69,29,19.8,85535.42,89340.06,11.7,0,1,30359.37
20568,31,Male, Kolkata ,Savings,,846,102001.18,68,95.76,1079821.13,30,16.56,17991.53,237793.94,0.9,0,0,41954.65
20569,53,Female,kolkata,Savings,abc,451,2807.76,24,11.75,1081256.09,34,16.76,NaN,361145.83,9.5,9,0,37131.61
20570,51,Male,CHENNAI,Savings,51702.89,438,127033.66,12,83.56,25504.81,43,10.6,117732.24,147722.71,4.4,1,0,656.01
20571,56,Male,delhi,Savings,40987.24,361,79077.33,5,82.27,256244.1,6,12.93,4850.7,261258.05,11.8,6,1,48229.41
20572,57,Male, Mumbai ,Savings,69889.51,664,58005.66,74,92.45,459518.53,13,16.14,626.57,436846.13,7.6,1,0,41052.68
20573,66,Male,kolkata,Savings,48691.03,790,81867.33,35,97.05,1116763.45,58,10.14,101790.81,18169.41,10.8,4,0,21206.95
20574,34,Female,MUMBAI,Savings,62493.15,665,100804.56,77,14.83,1375775.86,7,7.15,47300.11,132594.38,1.7,5,0,210591.98
20575,22,Female, Kolkata ,Savings,77164.8,427,40361.62,31,67.11,622644.95,12,21.52,81231.31,388950.4,3.0,1,1,63053.18
20576,41,Male, Pune ,Savings,42903.66,634,138884.82,79,55.08,830828.75,51,21.32,79138.1,480099.39,4.8,5,0,19763.95
20577,18,Male,bangalore,Savings,77557.04,637,28092.23,65,26.74,25052.05,38,16.05,96696.53,444250.14,7.5,1,1,765.08
20578,36,Male,bangalore,Current,161345.71,843,20927.36,66,45.57,277397.5,47,11.51,31183.54,103334.34,9.2,4,1,6581.4
20579,27,Female,MUMBAI,Savings,143896.95,802,94711.26,70,36.89,288325.44,15,15.51,3233.54,189843.12,3.3,8,0,22202.98
20580,24,Female,PUNE,Savings,29306.85,827,,30,87.71,1345009.16,25,10.04,31608.18,185981.48,9.3,3,0,59201.92
20581,35,Female, Bangalore ,Savings,66642.36,585,66323.11,71,58.44,1317414.07,10,9.81,118568.51,171557.08,2.3,0,0,144665.24
20582,20,Male,pune,Savings,84482.61,833,,33,39.69,3134.63,7,10.83,51633.63,361260.21,4.9,2,0,496.3
20583,32,Female, Chennai ,Savings,188560.12,406,65224.34,47,63.34,163198.11,22,10.99,94675.52,428742.45,1.9,7,0,8233.34
20584,64,Female,delhi,Savings,102786.63,,53374.06,13,43.87,1220060.25,26,19.24,62820.97,187556.78,10.9,6,1,55953.84
20585,20,Male, Chennai ,Savings,110948.21,452,120608.56,32,60.54,1417358.07,12,20.56,30828.54,93706.87,7.9,2,0,142397.24
20586,49,Female,CHENNAI,Savings,55244.31,810,136426.24,72,76.22,578966.12,56,13.34,92844.71,425050.49,9.5,2,0,11717.86
20587,26,Female,BANGALORE,Savings,23008.05,788,40541.35,53,93.62,1223396.13,49,8.89,96693.96,259683.36,1.0,8,0,27186.86
20588,31,Female,KOLKATA,Savings,100500.05,419,143718.88,73,28.34,919029.55,48,10.44,54476.62,194446.09,1.8,0,0,21145.34
20589,46,Male, Hyderabad ,Current,92962.7,723,,37,15.42,1125797.94,9,8.88,23355.74,118338.73,11.9,0,0,136196.53
20590,59,Female,kolkata,Savings,174207.05,430,55904.97,24,63.14,579618.36,33,14.65,116260.35,304459.23,4.7,2,0,20137.35
20591,44,Female, Pune ,Savings,146588.25,,117468.57,6,90.0,436277.71,55,12.95,547.91,268537.72,5.5,9,1,8959.56
20592,57,Male,bangalore,Savings,102805.59,720,145368.19,44,40.88,1117322.99,39,14.03,3706.69,420965.39,2.7,2,1,32668.81
20593,36,Female, Mumbai ,Current,21139.32,632,80947.07,76,82.43,561353.37,27,7.73,51943.1,342790.84,6.0,8,1,22398.0
20594,38,Male, Kolkata ,Current,176010.16,867,146285.74,63,91.31,1337674.53,23,9.65,59800.03,473451.73,6.6,7,0,63772.18
20595,41,Female, Mumbai ,Savings,56165.98,876,138562.43,70,52.0,569524.51,31,11.61,75301.55,58710.38,11.5,9,0,20504.72
20596,46,Female, Hyderabad ,Savings,100523.74,762,76719.77,70,26.44,864118.43,31,15.1,107134.67,484197.99,8.5,2,0,32083.88
20597,46,Female, Pune ,Savings,abc,763,4897.71,29,27.24,1230007.98,24,20.07,113365.66,87670.66,3.3,5,0,61536.27
20598,33,Male,pune,Savings,116706.28,853,63803.66,26,29.5,860988.81,21,21.21,19754.24,249708.4,9.9,3,0,49695.45
20599,63,Male, Chennai ,Current,127239.89,471,85076.28,12,56.92,114932.97,41,14.39,105986.22,324892.36,11.7,3,0,3206.63
20600,51,Male,mumbai,Savings,175374.02,714,,34,17.55,6693.87,28,7.11,38075.36,342815.03,6.1,1,0,256.06
20601,18,Female,HYDERABAD,Savings,56034.73,756,10443.7,57,91.76,612868.96,40,20.65,14156.76,280285.32,9.7,8,0,18485.66
20602,19,Male, Delhi ,Current,194698.12,405,10398.55,9,20.53,691696.51,30,11.88,8183.98,98364.86,1.0,1,0,25795.67
20603,42,Male,pune,Savings,95690.87,636,11782.93,54,48.21,1377332.94,45,14.07,19345.24,444775.41,11.4,8,0,34913.86
20604,57,Female,delhi,Savings,173454.23,737,143143.25,35,92.02,365831.29,57,13.02,27857.95,215170.1,4.5,7,0,7253.73
20605,54,Female, Pune ,Savings,146630.1,438,139681.39,23,17.6,1182262.55,29,19.74,54538.33,309273.62,7.7,7,0,48815.21
20606,60,Male, Mumbai ,Savings,139265.38,430,,15,65.91,598007.24,32,10.08,47902.97,57397.14,7.8,4,0,20571.45
20607,65,Female,HYDERABAD,Current,50712.38,699,112624.58,40,67.68,330478.45,7,15.92,75107.09,27296.4,4.8,6,0,54727.23
20608,40,Male, Mumbai ,Savings,175498.74,416,66689.15,49,65.72,346519.86,6,9.75,83627.4,405869.55,10.7,0,0,63384.26
20609,61,Female,MUMBAI,Savings,32715.25,475,22852.37,49,58.59,814485.18,21,15.19,114258.92,229171.69,11.7,2,1,44676.45
20610,19,Female, Delhi ,Current,73117.18,798,129179.78,32,21.06,117675.97,50,21.67,27524.0,75046.9,7.5,7,0,2863.53
20611,38,Female,PUNE,Savings,35299.59,849,101327.66,28,81.66,986229.57,52,19.95,9822.67,104693.65,2.5,2,0,22749.66
20612,26,Female,pune,Savings,67815.98,745,115571.55,9,10.12,823140.92,24,8.56,67078.98,320249.38,9.7,5,0,37233.41
20613,41,Female,bangalore,Savings,171864.35,582,34181.04,6,95.85,343679.49,6,9.69,52820.82,137887.82,6.2,4,0,62830.34
20614,64,Male,chennai,Savings,172747.3,895,82135.85,72,83.42,556766.86,45,8.77,,251143.19,2.2,4,0,13457.67
20615,69,Female,DELHI,Savings,167749.65,844,117294.64,28,85.92,936591.98,17,21.47,71975.56,313236.27,9.5,3,0,66922.25
20616,45,Female, Kolkata ,Savings,44947.76,669,109325.52,18,91.8,755421.71,25,7.55,53494.25,254612.49,6.0,7,1,32498.24
20617,53,Female,pune,Savings,,612,125845.51,41,33.58,921085.22,14,10.39,5913.95,258839.15,5.3,6,0,72627.57
20618,32,Female,CHENNAI,Savings,135850.97,572,102996.22,27,38.77,76075.64,40,21.7,109817.25,334688.32,6.8,1,0,2314.6
20619,40,Male, Hyderabad ,Savings,abc,580,6026.67,48,34.77,1236333.4,41,7.57,9051.83,16441.9,1.6,5,0,32437.17
20620,43,Female, Chennai ,Savings,98562.96,438,34004.46,18,25.18,361609.15,13,7.24,61615.66,66969.99,7.8,6,0,29829.97
20621,43,Male, Mumbai ,Savings,126071.87,684,108542.61,73,63.12,1467812.61,41,11.22,74246.05,90807.1,10.5,8,1,39817.1
20622,64,Female, Pune ,Current,81107.85,844,93307.2,69,70.11,937104.07,33,11.43,23529.02,472774.64,2.0,2,0,31642.88
20623,48,Male, Kolkata ,Savings,169497.87,866,119208.95,69,12.2,170148.7,47,13.04,40204.9,468348.09,8.0,8,0,4092.26
20624,60,Female,bangalore,Savings,178107.09,512,86579.83,68,66.54,773679.61,23,18.54,82522.99,153896.2,7.2,9,0,39874.77
20625,30,Male,hyderabad,Savings,189761.46,795,98950.51,17,83.23,443242.08,50,11.58,102342.69,188860.55,11.1,1,0,9891.39
20626,64,Male,bangalore,Savings,abc,385,138796.54,41,95.78,591420.67,16,8.81,38437.99,477776.9,11.0,3,0,40220.3
20627,63,Male,PUNE,Savings,30035.98,417,16587.26,49,95.06,751499.86,42,16.37,115089.88,21915.1,4.2,0,0,20821.91
20628,41,Male, Pune ,Current,150691.78,,12397.8,52,81.92,665661.79,9,14.39,99880.31,114776.85,3.4,7,0,84605.61
20629,56,Female,MUMBAI,Current,99343.03,813,144685.32,71,42.0,608195.59,48,11.7,88918.88,322226.17,4.2,6,0,14153.22
20630,42,Female, Chennai ,Current,184907.38,818,111508.25,72,76.18,967630.12,53,11.99,7720.15,241778.21,6.0,0,1,20446.21
20631,40,Male,DELHI,Savings,92766.61,408,51897.42,52,58.55,94039.22,59,16.94,81493.94,380476.97,2.8,7,0,1863.89
20632,45,Female,MUMBAI,Savings,33356.55,857,95972.28,55,14.95,252122.56,16,17.84,93684.65,17957.2,0.7,5,0,18568.83
20633,20,Female,chennai,Savings,116798.83,529,101652.79,31,41.97,545704.62,21,21.87,9474.97,146688.73,3.6,2,0,31669.06
20634,68,Male,bangalore,Savings,30295.16,758,7554.7,75,81.23,1135801.23,11,18.22,41688.48,439857.73,2.2,5,0,122067.66
20635,36,Male, Kolkata ,Current,67863.01,831,131347.37,72,10.35,1329817.28,57,17.06,59110.5,311115.24,10.2,5,0,27310.25
20636,61,Male,BANGALORE,Current,197330.66,384,13146.51,46,25.08,90370.63,6,13.36,98326.87,5906.32,8.2,1,0,17074.02
20637,55,Female, Chennai ,Savings,197893.26,1200,9999999,67,69.77,590521.13,55,20.38,9673.34,449247.1,0.7,6,0,12924.9
20638,35,Female, Kolkata ,Savings,145761.84,1200,17481.12,79,66.77,634078.77,27,17.68,31409.85,326965.65,1.7,4,0,27636.44
20639,35,Female, Chennai ,Savings,102649.56,646,36497.92,20,85.08,289055.3,46,16.45,32020.48,178029.15,4.9,0,0,7317.5
20640,22,Male,MUMBAI,Current,16091.65,447,58023.24,75,13.33,872874.29,56,21.33,119365.44,185490.96,4.4,5,0,18911.76
20641,43,Female,PUNE,Current,76075.52,730,111223.9,51,82.7,1175692.31,58,14.24,44110.87,336431.18,10.3,0,0,23157.08
20642,47,Male,BANGALORE,Current,67809.37,461,87901.59,75,15.43,483088.95,39,20.84,52114.5,307825.47,9.9,1,0,14968.33
20643,29,Female, Kolkata ,Current,117926.17,489,133709.87,9,98.47,916226.18,12,14.6,17525.48,66767.21,8.6,6,0,87499.6
20644,55,Male, Pune ,Current,114692.29,789,45485.15,63,55.01,281950.21,28,19.02,116866.69,32523.85,7.7,8,0,11984.9
20645,49,Male,hyderabad,Savings,143991.77,874,17552.63,72,51.5,794483.59,28,8.23,106347.76,421342.8,9.1,1,1,30709.63
20646,21,Female,bangalore,Savings,143418.1,894,118087.95,11,32.32,1111139.39,30,13.71,,472832.22,9.4,8,0,42115.89
20647,48,Female, Hyderabad ,Savings,128012.23,788,144960.4,17,13.95,1357686.31,58,17.41,87641.68,391182.49,3.8,6,0,27483.78
20648,31,Male,chennai,Savings,135371.36,787,125321.48,22,91.95,1263953.36,59,10.55,66232.73,240969.31,9.8,4,0,23683.06
20649,23,Male,pune,Current,36980.15,490,34439.47,17,81.2,871135.06,22,12.38,60711.44,45586.9,6.6,1,0,44499.16
20650,57,Female,delhi,Current,25298.89,600,73254.0,44,24.48,1228219.28,50,20.79,21279.11,487569.67,0.6,8,0,29671.32
20651,18,Male,KOLKATA,Savings,72977.37,586,8582.26,67,60.93,543237.89,29,13.02,92646.6,58354.03,5.5,1,0,21171.29
20652,60,Female,CHENNAI,Savings,135630.76,625,140823.71,59,23.05,94631.84,32,12.37,41917.15,50468.61,4.0,9,0,3323.06
20653,62,Female, Chennai ,Savings,21887.28,553,50117.96,27,26.03,792238.7,23,18.5,95246.81,231546.85,5.3,6,0,40817.52
20654,33,Male,BANGALORE,Savings,138872.94,885,49277.52,51,19.39,1314086.07,10,21.26,73650.34,397542.82,9.6,3,0,159346.08
20655,54,Female,BANGALORE,Savings,154614.42,383,96077.64,27,89.13,437243.58,33,16.96,87667.42,83742.61,7.7,8,1,15496.97
20656,62,Female, Hyderabad ,Current,168800.84,544,25244.56,5,65.0,1174618.37,47,10.18,71251.94,126351.29,5.7,8,0,27536.05
20657,31,Female,kolkata,Savings,122222.8,507,113608.79,11,11.12,313535.14,49,12.77,42712.61,226670.0,6.1,2,0,7215.79
20658,50,Female, Hyderabad ,Current,107908.05,,15749.41,70,15.64,303056.42,51,9.87,30831.74,334618.02,7.7,2,1,6528.79
20659,50,Female, Mumbai ,Savings,83353.82,402,16352.59,71,20.94,85299.85,50,19.25,NaN,469870.44,11.8,4,0,2034.4
20660,29,Female,KOLKATA,Savings,165402.35,843,41135.05,35,57.45,113245.38,8,18.69,76551.73,62710.19,2.2,2,0,16801.37
20661,61,Male,mumbai,Savings,172860.36,712,11293.4,46,38.23,899964.89,9,10.65,,160015.66,7.0,2,0,110645.68
20662,19,Female, Pune ,Current,114382.68,496,90265.46,25,14.68,745646.42,54,18.65,14029.91,247124.9,4.7,1,1,16383.51
20663,50,Female,chennai,Current,162394.88,798,90776.87,19,53.15,619427.59,27,14.76,55116.25,154522.22,8.8,7,0,26327.97
20664,57,Male,BANGALORE,Current,100580.97,583,24424.45,40,61.95,413939.85,11,9.19,110131.47,422426.39,1.3,7,0,41089.17
20665,24,Male,PUNE,Savings,164116.67,673,24677.41,36,12.31,1217629.07,22,10.12,65628.53,384827.13,2.7,6,0,60947.87
20666,66,Female,MUMBAI,Savings,163507.28,,89753.5,58,67.37,328177.53,16,15.61,70183.21,32425.63,2.2,6,1,23712.88
20667,21,Male,hyderabad,Savings,181525.5,612,112286.14,61,83.82,1056393.48,56,17.67,22222.75,258005.37,3.3,9,0,22197.47
20668,56,Male,DELHI,Savings,120954.52,840,,23,18.52,152375.93,41,21.68,46431.49,228221.96,6.5,8,0,4522.22
20669,48,Female,PUNE,Savings,187918.49,384,100907.61,11,17.1,235718.97,52,10.88,68145.21,383898.59,5.9,1,1,5026.25
20670,22,Male,bangalore,Current,184988.35,448,9999999,13,19.71,990372.61,36,12.46,64353.39,403111.04,11.2,4,0,30938.14
20671,45,Male,delhi,Savings,72548.13,485,122254.63,49,30.31,915710.45,16,14.67,27722.24,81751.68,3.2,9,1,65627.82
20672,58,Male, Pune ,Savings,49270.42,736,78212.07,71,85.08,158527.72,45,7.07,110323.23,321613.21,8.3,7,0,3771.9
20673,48,Female,kolkata,Current,146086.55,,68231.42,21,40.21,156734.14,57,11.92,66925.67,497848.99,6.7,2,0,3077.49
20674,44,Male,pune,Savings,89326.2,556,110129.36,54,22.49,1388192.77,33,9.03,35919.02,420721.65,2.2,2,0,45865.05
20675,64,Male, Chennai ,Savings,177517.55,524,36477.37,74,79.71,1047891.11,46,14.24,31576.17,350161.67,3.3,7,0,26024.15
20676,59,Male, Hyderabad ,Savings,16898.78,666,122765.86,42,67.31,949935.32,43,15.45,55110.51,9668.51,8.2,5,1,25504.66
20677,69,Male,HYDERABAD,Savings,48502.64,546,67217.35,31,75.38,558999.24,47,12.2,23008.4,189769.99,3.4,0,0,13344.62
20678,44,Female,bangalore,Savings,41443.41,641,55479.44,48,95.51,1132182.81,38,7.81,42708.54,106637.05,6.6,7,0,32121.22
20679,45,Female,PUNE,Savings,28003.61,808,,56,85.69,289040.98,38,14.94,75624.16,95259.16,8.4,4,1,8742.73
20680,43,Female,chennai,Savings,19963.77,510,93320.58,41,74.95,795250.98,32,17.27,66241.74,66464.87,9.6,4,0,29143.46
20681,20,Female,chennai,Savings,15469.32,869,99453.0,5,25.78,998314.69,29,14.24,NaN,206931.18,3.3,7,1,39326.71
20682,39,Male, Bangalore ,Current,31055.36,786,36560.74,49,92.48,1347094.42,35,20.58,7050.43,177265.78,5.1,9,0,46409.33
20683,62,Male, Hyderabad ,Savings,abc,350,79975.65,41,75.28,1104510.66,51,14.63,50944.1,342805.5,4.8,6,0,24825.5
20684,38,Female,kolkata,Current,92089.4,506,87693.42,54,40.64,312398.38,23,12.6,61383.39,120332.4,8.5,6,0,15293.94
20685,28,Female,hyderabad,Savings,108145.13,490,80222.24,69,90.5,307815.57,42,7.91,115620.67,137236.77,10.7,3,0,7908.66
20686,67,Male,HYDERABAD,Savings,70012.78,520,24010.54,14,25.87,510489.42,43,20.47,60046.49,185567.37,9.6,4,0,14302.01
20687,51,Male, Bangalore ,Savings,107246.86,689,29080.63,67,41.81,1136386.11,45,10.56,79317.7,457460.17,10.8,4,0,27919.74
20688,55,Female,mumbai,Savings,32176.12,583,107591.04,77,48.59,311374.3,55,19.78,110100.26,444100.56,2.8,2,0,6781.17
20689,62,Male,kolkata,Savings,196149.27,667,25686.27,21,98.3,638322.86,38,14.25,80104.12,8574.45,9.7,9,1,19191.68
20690,67,Female, Delhi ,Savings,64088.35,649,33735.38,30,27.62,249481.73,12,20.92,51620.16,453483.71,4.0,7,0,25139.44
20691,36,Female,delhi,Current,157067.99,1200,75051.49,16,97.63,39097.68,26,17.36,1869.53,125272.21,0.9,4,0,1764.81
20692,63,Female,KOLKATA,Savings,70413.62,,9999999,37,55.86,188674.37,31,18.97,NaN,174238.6,2.8,8,0,7240.84
20693,35,Female, Chennai ,Savings,196530.31,855,46582.59,74,33.18,846996.34,14,14.65,51986.5,161196.39,11.0,8,0,69362.95
20694,64,Male,mumbai,Current,54673.73,774,89331.68,50,73.35,159542.43,8,16.7,104564.7,384055.56,10.5,9,0,23273.25
20695,35,Female,DELHI,Current,20392.32,598,24091.22,17,93.48,326590.56,22,19.28,90971.27,38866.12,8.7,7,0,17707.15
20696,52,Female, Pune ,Savings,abc,567,,70,17.35,97033.22,17,13.66,73000.34,264386.7,0.9,9,0,6487.53
20697,26,Female,BANGALORE,Savings,25533.39,426,137266.59,59,98.61,681703.03,6,16.41,110932.75,214144.66,10.9,9,0,132261.75
20698,31,Female, Pune ,Savings,199803.86,746,,20,84.03,1265690.0,59,9.85,37404.35,396633.19,4.4,0,0,23565.43
20699,65,Male,delhi,Savings,197399.14,646,114681.75,58,16.13,608669.38,12,21.34,67350.92,87096.96,6.1,0,0,61546.62
20700,23,Female,HYDERABAD,Savings,61614.09,542,86022.46,62,91.34,1414430.01,36,17.84,104253.51,164655.26,3.1,6,0,46299.01
20701,40,Male, Delhi ,Savings,24913.58,373,46543.94,8,42.97,1233749.83,56,16.82,,51917.62,6.5,8,1,25736.9
20702,58,Male,pune,Savings,165565.13,509,58359.27,20,31.71,1047189.1,45,9.77,39740.26,231281.92,8.7,8,1,25544.43
20703,69,Male,hyderabad,Savings,187167.97,715,66336.54,18,46.56,1217876.64,21,12.06,101944.7,303881.84,3.9,3,0,64988.22
20704,36,Female, Kolkata ,Savings,190301.34,755,2798.37,41,44.64,410525.23,29,10.29,9849.0,4695.16,7.6,6,0,15612.7
20705,19,Male, Bangalore ,Savings,175786.29,646,88703.37,29,66.29,857593.51,30,12.49,NaN,427768.96,7.7,0,1,32156.9
20706,63,Male, Pune ,Savings,109302.45,820,39250.43,76,74.24,1313140.43,47,21.94,3053.21,254565.65,11.3,9,0,34069.01
20707,50,Female, Chennai ,Savings,47657.2,372,83113.36,13,58.45,290964.62,46,16.19,22440.07,441770.39,11.8,9,0,7349.39
20708,69,Male,pune,Current,97258.73,873,145438.0,42,82.44,1368106.88,21,19.72,52115.63,396874.8,7.5,7,0,77995.12
20709,25,Female,BANGALORE,Savings,44958.66,475,113087.11,51,45.45,1035835.64,21,18.68,59020.17,230803.66,1.2,0,0,58539.51
20710,22,Female, Delhi ,Savings,149287.25,364,124742.73,74,20.72,1293214.41,49,7.39,94642.12,47032.07,4.1,8,1,28342.51
20711,47,Female,kolkata,Savings,135577.5,491,66867.69,41,27.22,35901.14,29,15.28,13507.12,252822.95,6.3,6,0,1427.13
20712,30,Male, Bangalore ,Savings,99515.6,700,60065.58,53,62.26,1455947.19,9,12.97,6336.74,146970.64,2.5,3,0,182753.73
20713,54,Female,delhi,Savings,,363,142262.97,44,37.25,192530.73,39,15.23,115045.12,48290.34,0.6,8,0,5688.54
20714,18,Male, Hyderabad ,Savings,139826.95,592,149150.05,55,83.36,198270.89,8,19.0,61529.18,436295.26,10.8,6,0,29492.79
20715,55,Female,MUMBAI,Savings,46005.18,765,33013.81,61,34.19,1283069.43,29,11.27,9880.91,466607.01,10.7,9,1,49230.05
20716,20,Female,CHENNAI,Current,87586.05,576,79725.07,67,62.7,893930.13,23,15.34,62235.54,89672.1,5.1,4,0,44828.65
20717,65,Female, Mumbai ,Savings,abc,675,135373.98,29,18.15,300449.8,16,20.57,26213.14,273748.63,4.8,0,1,22640.77
20718,39,Male,chennai,Savings,102193.93,887,113495.59,24,82.53,1057204.57,43,12.24,20031.73,124528.99,7.8,5,0,27595.5
20719,40,Male,delhi,Savings,164951.96,569,102619.68,8,58.92,143805.53,57,19.74,NaN,453296.94,8.0,3,0,3020.93
20720,27,Male,BANGALORE,Current,194067.78,494,100834.75,25,33.47,857913.09,19,7.6,78343.09,34421.34,3.3,4,0,48584.97
20721,48,Male,KOLKATA,Savings,196077.25,729,60871.38,74,71.93,1081768.19,31,12.45,12101.75,350696.41,10.2,2,1,39240.27
20722,40,Female, Mumbai ,Savings,107987.34,893,103074.17,14,52.41,132600.75,37,10.72,43277.42,467307.84,5.2,6,0,3967.99
20723,41,Female, Hyderabad ,Savings,91184.02,534,7599.91,20,90.25,715843.97,40,10.24,27562.34,55617.4,11.9,6,0,19728.66
20724,61,Female,chennai,Savings,,499,12123.59,32,76.62,545649.42,56,17.72,11919.67,230961.64,9.5,5,1,11470.33
20725,28,Female, Bangalore ,Savings,138398.81,403,4088.67,51,95.93,848536.14,14,9.87,24197.04,142540.15,1.2,6,0,66591.9
20726,26,Female, Pune ,Current,196890.45,827,14836.13,23,94.0,1328565.38,53,16.99,60678.23,285342.19,3.0,7,0,29326.2
20727,29,Male,DELHI,Current,,1200,113788.28,79,18.66,31253.46,47,18.7,55536.53,328949.29,11.8,4,1,789.32
20728,57,Male,hyderabad,Savings,161349.4,620,125744.36,66,33.86,615888.92,12,11.35,12567.92,172429.37,9.3,5,1,57149.36
20729,21,Female, Mumbai ,Savings,194898.36,575,33192.86,12,22.28,706428.94,22,19.5,59798.68,81167.19,6.3,9,0,38371.94
20730,65,Male, Chennai ,Current,131130.22,432,114138.11,55,38.87,2590.1,8,7.41,94033.37,2688.38,11.5,9,0,347.75
20731,69,Male,KOLKATA,Savings,abc,607,24957.49,43,65.46,603796.86,44,17.36,36029.39,183236.39,3.7,9,1,16104.91
20732,25,Male,pune,Savings,98113.09,638,38614.18,65,25.07,143271.13,33,8.46,91864.21,415808.49,2.3,9,0,4708.84
20733,66,Female,HYDERABAD,Savings,100812.91,526,122314.06,43,42.25,595605.38,52,18.94,103201.69,140014.13,8.5,1,0,13623.33
20734,34,Female,BANGALORE,Current,84803.74,517,132156.81,43,18.35,287930.82,24,21.35,41487.24,418290.43,8.3,9,1,14558.5
20735,24,Male,hyderabad,Current,43824.91,695,38947.83,68,11.62,500255.31,31,8.89,65019.65,358947.73,1.7,6,0,17571.87
20736,25,Male,kolkata,Savings,59547.11,634,7506.66,75,83.48,1449955.85,25,9.0,NaN,260591.72,10.0,8,0,63218.08
20737,31,Female, Pune ,Current,193272.09,770,133188.37,7,14.04,366051.77,14,13.29,88709.77,355433.49,9.0,6,0,29621.43
20738,34,Female,bangalore,Savings,69180.04,688,143112.61,40,11.63,843016.59,40,11.59,38700.02,410003.63,8.1,4,0,23518.06
20739,20,Male,BANGALORE,Savings,59579.04,433,71129.86,70,64.13,984261.19,23,7.91,70415.08,8457.73,5.7,4,0,46178.97
20740,57,Male,chennai,Savings,148104.8,1200,5867.87,13,95.36,337346.25,33,18.92,48371.46,406829.65,1.8,4,0,12156.73
20741,22,Female, Mumbai ,Savings,129266.09,474,61042.45,69,77.14,1162266.58,18,13.82,95834.42,10361.32,1.4,8,0,73493.99
20742,20,Male,bangalore,Savings,89276.94,458,12473.19,46,26.5,703128.09,31,19.61,72451.95,294842.15,6.9,0,0,27129.4
20743,47,Male,chennai,Current,78505.76,409,28691.8,49,93.49,1399133.75,50,19.73,13237.79,257807.68,3.2,2,0,33503.66
20744,55,Female,PUNE,Current,46183.96,680,131828.61,26,10.59,369104.48,53,18.87,97934.86,432694.25,9.4,3,0,8278.39
20745,31,Male, Pune ,Savings,29526.53,375,31502.43,33,89.41,659269.75,56,20.09,2533.29,49429.2,8.3,8,0,14137.8
20746,42,Female, Pune ,Savings,24786.88,424,131051.16,49,48.94,4346.47,24,15.7,107751.1,372277.54,10.6,8,0,209.54
20747,18,Male,BANGALORE,Savings,68573.53,892,2239.87,41,23.2,957872.35,32,10.37,104105.75,406142.59,1.8,0,0,33037.62
20748,39,Female,DELHI,Current,109549.95,783,146862.02,29,24.93,616304.99,11,12.54,107594.88,344149.48,9.2,3,0,63053.6
20749,53,Female, Pune ,Savings,105866.15,702,43906.69,38,94.68,752755.3,56,7.79,33923.39,252658.76,9.8,0,0,14489.2
20750,61,Male,chennai,Savings,143515.97,431,15876.71,28,16.53,197331.71,18,17.71,NaN,424436.66,10.3,4,0,12904.4
20751,65,Female,HYDERABAD,Savings,177527.06,353,15421.9,7,34.78,1380307.61,19,12.71,85376.06,363633.95,9.3,9,0,81881.3
20752,44,Male,CHENNAI,Current,113068.82,880,54697.43,25,86.63,594091.93,33,7.85,111289.46,67433.7,6.3,8,0,19416.0
20753,47,Male,PUNE,Savings,72128.01,564,90511.96,48,58.22,695543.96,10,19.02,87161.14,226427.11,6.2,3,0,82783.64
20754,33,Male, Bangalore ,Savings,191636.57,452,33886.51,61,89.67,325346.88,43,18.97,73615.52,299568.63,7.5,5,0,9001.52
20755,22,Female,bangalore,Savings,47694.22,854,24252.91,63,25.77,1875.7,33,18.59,28661.19,322365.54,9.3,4,0,67.41
20756,39,Female,bangalore,Current,132278.54,604,45473.69,76,99.91,1320920.82,57,11.53,13233.83,269817.25,4.8,3,0,25846.02
20757,64,Male,bangalore,Current,51374.7,825,25459.31,61,56.89,1124142.95,35,12.59,64614.56,192426.96,2.7,7,0,36162.07
20758,45,Male,HYDERABAD,Savings,121747.0,506,111082.55,71,48.1,419691.43,6,18.91,,188138.68,6.4,7,0,83175.85
20759,62,Male,PUNE,Current,,1200,4769.4,48,10.24,937707.72,19,20.42,77380.79,245979.67,9.4,1,0,59430.93
20760,28,Female,DELHI,Current,39216.56,839,139965.81,22,41.83,954464.36,33,12.41,65157.94,89526.32,8.9,4,0,32512.53
20761,45,Male, Mumbai ,Current,177707.85,,129146.36,67,93.0,855499.02,9,19.17,86570.12,186823.16,0.5,5,0,113277.58
20762,18,Female,MUMBAI,Savings,42858.92,432,98108.63,50,16.68,281702.85,26,7.13,108884.88,398826.26,1.0,8,0,11607.24
20763,39,Male,KOLKATA,Savings,156454.49,710,148649.26,70,41.01,467178.55,28,9.07,18596.51,295678.5,4.5,5,1,18198.27
20764,43,Female,mumbai,Savings,86033.59,727,103111.76,44,28.71,328055.34,15,16.3,50622.2,90634.4,3.1,7,0,25435.22
20765,63,Male,HYDERABAD,Savings,109120.72,790,107307.16,46,31.1,318241.75,42,16.75,39569.24,452918.1,7.4,7,0,8846.36
20766,21,Male,hyderabad,Savings,88484.05,652,26901.65,76,43.73,394154.55,13,18.18,8559.43,24783.81,5.5,2,0,35831.68
20767,23,Male,chennai,Savings,185262.56,428,137550.84,16,55.78,1196686.59,40,16.69,73886.19,207022.02,4.0,3,0,34910.34
20768,18,Male,BANGALORE,Savings,,,39509.39,67,68.33,580862.25,50,13.85,70407.3,324899.51,0.9,9,0,13226.23
20769,63,Male, Delhi ,Current,125642.18,602,60607.96,13,14.99,1457108.22,28,15.13,12102.12,192494.83,11.2,3,0,59913.17
20770,35,Female,DELHI,Current,114517.62,805,,56,22.86,736712.97,10,20.74,12918.95,283041.11,5.4,8,1,88950.72
20771,28,Male,KOLKATA,Savings,abc,744,119971.06,13,99.75,169095.65,31,16.11,51359.85,27064.71,10.2,9,0,6333.45
20772,57,Male,pune,Savings,58145.68,419,83852.97,68,98.49,1446339.27,47,13.67,77875.96,419443.32,6.2,4,0,34979.87
20773,41,Male, Mumbai ,Current,75531.31,414,25233.97,64,72.45,475230.0,44,11.95,111966.94,483019.66,2.5,3,0,12091.36
20774,57,Female,chennai,Savings,168269.09,554,,14,87.69,143974.75,6,13.58,53604.85,486891.28,5.5,8,1,27254.42
20775,20,Female, Kolkata ,Savings,105578.75,395,11935.0,62,17.55,1127570.38,51,10.95,61236.29,227328.82,1.5,4,0,24530.18
20776,37,Female,mumbai,Savings,100901.53,,130045.42,72,72.45,431968.33,49,12.04,13013.28,384835.8,6.6,2,0,9877.09
20777,40,Female, Hyderabad ,Current,,795,110265.47,49,67.15,812711.79,36,13.22,82407.89,440201.15,9.7,8,0,25559.79
20778,30,Female,CHENNAI,Savings,187984.38,870,,5,46.0,1179040.92,59,15.09,109172.65,20419.05,5.8,2,0,22999.29
20779,42,Male,CHENNAI,Savings,58703.16,,28540.78,73,34.92,544478.87,8,21.19,51016.06,124220.94,5.5,1,1,82481.74
20780,20,Male,CHENNAI,Savings,172522.53,,136352.49,25,13.63,164375.65,33,10.64,588.95,286305.59,3.2,5,0,5511.07
20781,25,Male,PUNE,Savings,169945.69,506,63175.35,77,85.71,1159766.7,9,17.73,6163.5,70387.79,6.5,8,0,151710.37
20782,46,Female, Mumbai ,Savings,59724.57,801,138007.28,36,34.41,396270.46,44,19.77,98072.99,474460.88,10.5,8,0,10786.66
20783,55,Male, Pune ,Current,45823.96,865,99968.53,57,53.3,318743.23,53,18.79,89155.89,219519.67,5.7,5,0,7144.06
20784,25,Female,pune,Current,192219.67,436,145917.06,6,60.0,453441.61,6,20.24,68781.43,416556.82,4.0,3,0,90869.7
20785,68,Male, Delhi ,Savings,65975.0,578,139567.84,79,16.18,716315.03,11,9.21,103417.15,218386.69,8.5,6,0,71117.06
20786,59,Male, Mumbai ,Savings,26527.51,531,3297.3,78,36.76,369957.57,41,13.93,70021.64,53334.35,10.1,0,0,10280.31
20787,53,Male,mumbai,Current,41289.4,830,76124.12,35,52.13,162750.4,48,17.0,82622.49,218759.11,6.6,3,0,3967.04
20788,50,Male, Hyderabad ,Savings,72557.35,540,91935.15,75,20.59,689707.19,27,10.79,40077.63,325930.49,9.9,1,0,28300.99
20789,68,Male,delhi,Current,22430.47,495,148570.71,58,90.48,676784.79,51,12.69,6499.59,287753.21,6.3,7,0,14954.29
20790,43,Female,mumbai,Savings,83747.24,887,135226.25,6,28.84,112716.65,31,14.36,2555.77,1866.63,0.8,2,0,4158.15
20791,59,Male,delhi,Savings,120634.24,608,91282.57,54,73.86,435395.4,27,11.28,60092.24,199318.72,10.1,8,0,17944.74
20792,38,Male,kolkata,Savings,159589.08,827,138895.54,74,33.26,850727.95,52,10.98,83514.15,39592.02,1.5,7,0,18156.5
20793,69,Male,delhi,Savings,173703.51,573,142714.04,29,54.79,840592.49,16,8.88,NaN,219689.35,10.0,5,0,57202.32
20794,23,Female, Bangalore ,Savings,175471.68,714,122181.32,75,89.34,734863.63,37,18.37,115778.66,176204.52,10.5,4,0,23509.68
20795,53,Male, Kolkata ,Current,187558.95,359,24366.18,69,98.05,690148.26,20,21.41,118537.04,456646.54,8.9,0,0,41895.45
20796,33,Female,hyderabad,Savings,92614.44,713,3168.37,14,92.56,876473.15,36,19.06,71198.26,342416.61,1.4,8,0,28986.91
20797,58,Female, Pune ,Savings,160710.27,,59896.12,21,49.44,1278055.46,54,14.14,101958.05,102887.99,11.2,4,0,27014.31
20798,22,Female,hyderabad,Savings,131461.63,644,,56,76.32,1397495.96,13,14.45,100213.57,253356.82,2.0,4,0,123033.39
20799,45,Male, Pune ,Savings,21727.29,498,90943.79,59,77.74,159111.04,43,20.84,102164.54,72860.94,7.8,5,1,4471.39
20800,26,Female, Pune ,Current,50933.83,894,53787.95,33,24.16,970062.45,32,16.03,61736.69,305779.24,10.9,2,0,35173.86
20801,19,Male,KOLKATA,Savings,53837.45,894,45200.31,68,70.51,1004871.76,31,12.52,87466.0,402899.49,3.7,3,0,36473.6
20802,38,Male, Mumbai ,Savings,55409.18,412,73225.91,30,66.82,1458989.61,48,19.55,111415.18,260468.79,8.0,9,0,36337.96
20803,20,Female,DELHI,Current,55202.03,517,3672.26,20,42.47,473123.38,23,17.27,117579.32,147829.83,10.3,8,0,24123.12
20804,64,Male,DELHI,Savings,74605.0,445,70666.47,35,40.85,1301100.42,48,19.45,71530.11,318043.11,8.7,2,0,32378.43
20805,61,Male,DELHI,Current,52173.18,750,69996.88,74,35.76,649356.17,28,16.99,90800.85,340732.22,11.0,3,0,27131.49
20806,31,Male,MUMBAI,Savings,60298.86,638,9223.51,21,58.07,266051.13,6,15.76,74434.97,82720.42,1.1,0,0,51330.13
20807,26,Female, Mumbai ,Savings,57428.84,595,17711.99,66,94.94,701053.57,27,11.89,97162.63,370500.33,3.5,7,0,29052.18
20808,39,Female,KOLKATA,Current,134286.4,795,8162.14,17,44.89,1260820.71,20,21.01,38064.27,332248.17,1.1,0,1,76285.96
20809,29,Female,KOLKATA,Savings,69079.07,588,16418.56,68,81.95,783271.17,54,14.66,40324.41,158354.24,1.5,9,0,16631.46
20810,18,Female,bangalore,Savings,abc,727,41702.95,21,59.51,450900.64,27,11.34,57310.43,366271.13,6.4,4,0,18593.81
20811,28,Female,HYDERABAD,Savings,183330.42,884,94595.56,48,56.64,1284946.05,46,17.38,91466.43,308920.03,3.0,7,0,32788.47
20812,59,Male, Hyderabad ,Savings,89055.2,388,116444.62,37,50.37,957292.16,49,13.97,84442.81,194564.03,2.9,3,0,22265.83
20813,67,Female,pune,Savings,195940.12,384,98331.73,38,14.53,972576.51,58,14.01,59828.74,103456.36,8.4,0,0,19117.84
20814,51,Male, Chennai ,Current,138288.95,862,77145.21,66,99.32,591674.14,29,11.54,97235.8,135016.24,10.0,5,1,22757.01
20815,45,Female, Delhi ,Savings,53810.18,854,69485.51,26,31.4,857559.69,11,16.02,68060.71,215485.78,9.3,6,1,90449.16
20816,49,Male,KOLKATA,Savings,38835.15,827,127745.73,21,42.16,415992.31,41,21.82,20963.18,428993.94,9.7,0,0,12360.04
20817,29,Female,KOLKATA,Savings,173397.87,374,,40,15.97,308647.63,45,17.78,34656.5,327421.36,6.5,6,1,8078.34
20818,49,Male,delhi,Current,,825,4399.94,40,86.08,555005.72,17,12.99,31196.19,353693.59,9.5,0,1,36888.29
20819,54,Female,pune,Savings,25472.47,624,81268.91,79,33.93,682407.94,19,20.99,41867.58,465647.1,10.6,7,1,43455.02
20820,51,Male,chennai,Savings,138091.63,866,63043.71,60,63.84,1189131.19,39,19.46,85054.47,6462.47,10.0,8,0,36424.0
20821,27,Male,pune,Current,18476.83,674,146230.94,14,90.37,497284.44,32,10.0,105397.92,403452.85,5.0,5,0,17094.15
20822,47,Female,hyderabad,Savings,28814.27,813,105211.47,47,31.66,260421.67,59,7.57,94172.91,234653.16,4.6,4,1,4748.06
20823,32,Female, Kolkata ,Savings,155134.4,748,,44,74.2,83397.72,52,18.96,118305.48,50305.9,8.0,1,0,1907.88
20824,20,Female,kolkata,Current,67914.49,354,26104.52,55,23.08,914957.29,10,17.66,91202.63,226994.4,5.3,0,0,107653.87
20825,27,Female,pune,Current,155156.07,796,,17,78.48,666725.55,24,20.16,60968.27,36174.47,2.9,9,0,33380.73
20826,29,Male,KOLKATA,Savings,123696.08,692,27364.25,78,98.82,177411.32,7,8.31,7766.42,490147.26,8.3,5,1,27450.6
20827,19,Female,pune,Savings,26952.35,720,87679.31,53,82.51,1361947.48,10,20.82,118130.78,438285.26,7.2,4,0,164550.49
20828,52,Male,KOLKATA,Savings,186367.66,886,15597.9,15,65.59,601320.55,32,18.28,28617.39,379330.04,10.3,1,0,22226.31
20829,35,Female,pune,Savings,75643.61,828,23332.92,10,86.09,1494445.74,48,18.23,22349.37,232679.44,5.2,0,1,36810.07
20830,23,Female,CHENNAI,Savings,146748.76,826,34567.67,46,54.85,919013.73,16,16.8,,238358.89,4.9,5,0,67088.0
20831,65,Female,kolkata,Savings,133505.92,636,142965.08,32,36.61,224287.07,25,11.9,18823.56,162898.69,10.0,7,0,10039.09
20832,56,Female,pune,Current,86291.11,692,97336.84,17,13.27,265863.34,44,20.99,45870.86,200848.47,1.4,9,0,7310.64
20833,49,Male,delhi,Savings,176671.86,601,102554.83,12,72.06,650228.24,54,9.06,20736.67,165278.39,0.6,0,0,13132.2
20834,68,Female,mumbai,Current,26988.16,607,6588.86,46,48.35,1110841.11,40,10.39,106282.05,346962.84,6.9,0,0,30656.44
20835,32,Male, Hyderabad ,Current,70738.23,451,116781.13,61,26.74,1397453.87,20,18.58,25593.14,372497.63,1.9,8,0,82855.04
20836,35,Female, Bangalore ,Savings,185489.8,743,86946.25,8,16.83,1283995.21,7,15.91,96915.01,409373.44,8.7,4,0,212611.26
20837,40,Female, Pune ,Savings,51858.07,,117494.94,33,30.89,684989.12,15,12.08,53074.02,101933.07,4.5,3,0,51182.39
20838,34,Female,MUMBAI,Savings,94225.23,356,97531.75,46,66.4,435029.9,43,19.23,31102.64,301446.86,10.7,9,1,12062.47
20839,66,Male,kolkata,Savings,171804.25,419,85682.73,75,60.68,893986.6,17,17.25,9591.16,325665.26,11.9,1,0,61658.78
20840,23,Male,HYDERABAD,Current,62404.98,737,9172.1,33,84.46,509225.26,28,15.41,108230.25,137459.91,1.7,4,0,20989.17
20841,67,Female,chennai,Savings,70488.51,,68331.99,40,82.45,1070699.74,7,12.08,84829.58,303662.49,4.5,2,0,171434.32
20842,57,Female, Hyderabad ,Current,56789.35,463,66102.38,68,39.35,843524.46,59,15.67,33443.96,282816.33,4.9,3,0,16537.37
20843,38,Male,KOLKATA,Savings,150334.49,540,117890.93,62,93.45,517279.28,34,12.29,16738.86,263408.74,4.4,2,0,17083.91
20844,20,Male,delhi,Current,111109.88,753,55217.26,12,61.57,458973.24,48,15.23,52826.89,472857.1,10.4,1,0,11018.23
20845,40,Female,HYDERABAD,Current,93926.72,663,121383.23,48,40.46,1088703.26,31,20.86,54042.46,156700.27,4.7,7,0,42445.38
20846,22,Female,PUNE,Savings,178918.38,769,113435.41,24,58.95,97676.58,53,14.23,38822.27,233815.8,4.3,5,0,2105.21
20847,64,Female,chennai,Savings,138394.03,836,18604.44,29,99.2,749135.43,18,19.27,,417592.88,3.5,7,0,49638.55
20848,51,Male,bangalore,Current,38529.03,409,18485.16,38,89.25,314200.12,11,15.73,39769.04,96108.45,4.1,5,0,33056.71
20849,57,Female, Pune ,Savings,194321.88,,100972.57,33,78.32,1220780.04,46,15.28,,391393.53,11.6,4,0,30593.81
20850,69,Female,PUNE,Savings,138720.33,798,67008.87,45,89.27,268503.7,16,9.96,77444.79,293902.44,0.8,8,1,18452.92
20851,50,Male,kolkata,Current,167859.58,685,111650.28,52,59.58,826433.78,56,10.04,20999.9,369713.81,9.2,1,1,16239.42
20852,42,Male,PUNE,Current,119519.61,704,34118.75,40,90.21,760838.84,30,18.9,95614.13,293073.44,3.3,3,0,30154.58
20853,67,Female, Hyderabad ,Current,195659.71,595,109533.91,57,19.3,1451626.21,27,9.86,72708.69,237392.6,5.7,6,1,59065.06
20854,28,Female,pune,Savings,83213.36,604,32907.29,44,26.02,795801.33,50,10.32,92030.32,225984.15,11.1,7,0,17558.56
20855,34,Female,bangalore,Savings,98481.1,372,29948.61,30,20.25,839111.78,27,16.77,53640.0,49859.68,4.7,5,1,36290.03
20856,59,Female, Delhi ,Savings,,708,127644.39,10,87.48,1487281.63,13,16.98,52565.34,434757.49,2.8,6,1,133832.47
20857,50,Female,bangalore,Savings,74003.11,550,127423.24,73,54.35,434771.49,27,16.01,27713.16,159547.85,4.8,9,0,18680.68
20858,69,Male,delhi,Current,,696,87008.2,54,99.88,343892.56,54,11.0,15579.89,138877.94,9.1,8,0,7068.9
20859,61,Male,chennai,Savings,186072.8,837,148173.82,56,23.29,562645.6,30,12.11,10949.9,9667.22,9.6,2,0,21026.07
20860,37,Male, Bangalore ,Savings,154037.24,470,146053.21,69,22.84,312723.36,30,20.2,45313.0,102288.93,4.3,3,0,12529.78
20861,36,Female,BANGALORE,Savings,52321.26,861,106288.84,43,27.06,1075987.85,6,20.65,112515.21,182822.61,5.1,7,0,216363.22
20862,62,Female,chennai,Savings,158996.15,437,109942.37,58,16.7,1168766.61,58,18.0,74097.29,235540.18,0.6,2,0,23778.36
20863,36,Male, Hyderabad ,Savings,30679.1,690,110377.38,10,90.55,1043568.55,7,21.78,NaN,368204.76,9.4,1,0,181551.11
20864,18,Male, Hyderabad ,Savings,46511.6,680,101706.38,74,37.05,1482880.25,13,10.46,58284.06,405961.29,4.5,3,0,125999.19
20865,30,Female, Delhi ,Current,88805.35,503,10348.16,49,31.64,1455773.03,23,11.17,84825.93,434502.32,10.5,5,0,70364.47
20866,63,Female,kolkata,Savings,132651.92,770,127452.19,59,96.85,1252484.16,46,21.33,80358.76,23181.26,5.7,3,0,33035.63
20867,39,Male, Delhi ,Savings,42946.1,777,109135.04,55,89.26,7185.68,47,16.18,98726.08,471848.32,9.4,9,0,177.62
20868,34,Female,BANGALORE,Savings,123506.75,647,42119.62,15,51.88,931758.92,54,20.89,24038.5,302977.3,11.3,0,0,20859.32
20869,64,Male,DELHI,Current,122264.34,615,134257.61,33,48.77,930402.26,27,7.45,91378.92,347472.91,11.6,9,0,37026.56
20870,45,Male,pune,Savings,188900.14,521,98086.07,13,89.75,727814.23,13,21.43,NaN,479202.07,11.1,7,0,67983.45
20871,36,Female, Kolkata ,Current,76540.56,394,7226.63,59,45.56,1280033.25,17,8.07,96159.42,388715.31,1.2,2,0,81372.47
20872,33,Female,pune,Savings,,639,,14,41.75,164879.91,28,13.15,109338.97,378015.06,9.5,1,0,6662.91
20873,60,Male,HYDERABAD,Current,67549.38,641,99940.71,68,20.98,280169.54,32,20.31,60040.97,337988.49,8.2,6,1,10533.5
20874,46,Female, Hyderabad ,Savings,172539.27,523,55330.52,29,43.11,1419345.52,14,13.46,117094.69,474053.11,4.4,6,0,115027.82
20875,37,Male,DELHI,Savings,137638.95,591,22909.97,29,11.96,425258.75,48,8.07,13795.79,96088.01,11.6,5,0,9574.52
20876,28,Male,hyderabad,Current,133195.87,684,10022.63,76,22.34,292548.76,59,13.74,68193.52,208825.76,6.0,1,0,5639.75
20877,65,Female,chennai,Savings,91207.07,882,87625.27,65,15.5,43496.11,45,12.82,,15920.22,11.6,5,0,1090.5
20878,62,Female,kolkata,Savings,34985.95,599,124256.35,68,50.56,654275.01,33,14.19,86443.12,94268.83,4.6,5,0,22639.9
20879,61,Female,KOLKATA,Savings,98995.46,882,145650.92,31,38.76,1123575.24,29,17.71,73527.98,399781.27,11.3,4,1,45605.53
20880,43,Female,DELHI,Savings,100537.09,601,21792.15,74,60.0,342511.24,54,10.16,90250.29,339976.42,10.3,6,0,6987.23
20881,18,Male, Bangalore ,Savings,abc,494,47690.41,12,66.07,1409728.85,42,8.79,53065.65,75127.45,5.0,4,0,36515.33
20882,42,Male,MUMBAI,Savings,26253.17,851,49990.59,12,74.08,1185670.37,37,20.29,43597.24,97996.78,12.0,8,0,38547.11
20883,50,Female, Kolkata ,Savings,,778,83028.58,45,99.76,1466955.94,35,8.72,50440.58,52332.42,3.4,9,1,45567.84
20884,57,Male,kolkata,Savings,179133.56,780,17085.26,39,66.66,1384375.26,8,7.84,115286.92,139079.23,10.3,3,0,186613.79
20885,66,Male, Bangalore ,Savings,174319.96,490,144650.77,66,16.59,729922.04,7,8.28,15163.3,403745.39,0.7,4,0,112908.51
20886,32,Female, Mumbai ,Savings,97499.44,748,9164.87,57,47.8,594717.86,32,17.79,45324.35,237160.21,8.3,2,0,21891.19
20887,55,Male,MUMBAI,Savings,111987.49,638,76889.67,54,89.5,287504.3,50,20.89,28881.48,149035.08,11.2,3,0,6951.28
20888,57,Female, Chennai ,Current,179035.04,466,147668.52,19,65.33,1266366.25,43,19.83,57530.78,351367.23,10.3,7,0,35290.39
20889,32,Female, Hyderabad ,Savings,199437.25,502,91045.77,48,94.56,127140.8,29,17.82,54379.43,7849.53,11.6,0,0,5165.42
20890,45,Male, Pune ,Savings,60426.87,868,78247.03,21,58.79,35757.68,21,18.98,87564.7,240708.35,1.6,5,0,2025.93
20891,69,Female,delhi,Savings,118007.0,445,70089.03,46,16.76,754524.22,12,11.33,102740.17,77917.12,5.7,0,0,70000.98
20892,67,Female,hyderabad,Current,120622.37,372,107827.19,37,18.34,1105003.91,7,9.31,81471.47,310397.08,7.3,9,1,172554.25
20893,66,Female, Bangalore ,Current,117256.01,502,,34,16.97,183147.72,44,8.6,,196646.47,4.0,5,0,4520.42
20894,20,Female, Chennai ,Current,64108.96,649,115044.22,51,53.37,1004952.85,32,12.87,106852.79,423760.16,8.3,6,1,35446.57
20895,35,Female, Kolkata ,Current,157181.63,581,109571.78,68,22.56,258686.51,9,18.7,85388.84,191447.13,8.2,3,0,34117.88
20896,19,Male,pune,Current,124486.75,892,110568.02,62,20.4,384954.29,33,20.01,,477028.42,10.6,4,0,13999.5
20897,64,Male,KOLKATA,Savings,116569.91,446,88120.99,33,76.76,671069.34,10,10.37,29484.16,246182.05,1.2,2,0,74065.92
20898,20,Female,pune,Savings,37117.89,574,145075.39,73,74.07,722649.49,20,12.45,112181.87,134491.13,2.4,7,0,40630.97
20899,68,Female, Kolkata ,Savings,160294.24,477,36881.16,39,92.34,679177.36,12,10.32,49053.64,229428.59,9.5,1,0,62439.04
20900,65,Female,DELHI,Savings,,456,73017.24,72,19.33,366446.79,31,15.47,109457.63,18020.4,9.8,5,0,13649.55
20901,48,Male,pune,Savings,133377.83,471,27493.99,17,83.0,1347509.17,14,7.33,57550.85,91870.78,5.8,4,1,103305.83
20902,27,Male,PUNE,Current,94975.38,352,104509.94,62,12.53,614451.07,32,13.01,72997.8,439138.6,7.3,0,0,21699.72
20903,41,Male,CHENNAI,Current,17660.37,614,,8,59.98,89966.95,23,11.03,93715.75,322048.1,1.0,7,1,4343.06
20904,66,Male, Mumbai ,Savings,174252.08,380,111275.2,47,62.59,233430.91,18,19.05,17893.89,74380.31,10.5,2,1,15438.86
20905,22,Female,chennai,Savings,115728.89,593,40481.16,32,17.42,1240749.58,32,12.35,34978.91,274038.4,11.6,8,1,43561.94
20906,63,Male, Mumbai ,Savings,39695.29,694,,57,93.48,1038959.91,43,10.97,70934.09,300583.84,6.6,8,0,26812.41
20907,62,Female,hyderabad,Savings,abc,605,7896.28,24,85.36,505150.28,24,13.88,117476.74,295581.64,11.7,9,0,23969.38
20908,54,Male,hyderabad,Current,51733.25,,113149.86,75,89.95,1440483.31,25,15.48,,243475.72,9.5,2,0,66538.81
20909,48,Male,BANGALORE,Current,182317.37,524,82269.21,53,60.37,545701.89,43,15.26,90413.7,178713.66,3.7,2,0,14627.35
20910,34,Female,pune,Savings,102086.83,730,12967.27,16,21.13,844425.32,53,9.43,85249.08,206673.08,1.6,4,0,17434.99
20911,23,Male, Kolkata ,Current,50991.54,435,12639.84,41,92.07,91810.49,55,16.97,89589.9,43942.57,3.7,4,0,1952.56
20912,57,Female,HYDERABAD,Savings,169317.48,822,25458.38,11,58.29,417620.98,43,7.34,41363.78,449544.31,2.4,0,0,10424.99
20913,63,Female, Bangalore ,Current,137747.76,791,128811.76,14,34.89,1082104.04,40,20.86,88993.83,311598.93,0.6,7,0,32695.77
20914,19,Female, Pune ,Savings,59908.31,678,12661.38,61,19.99,1389173.69,45,16.49,,410773.98,2.1,7,1,35961.08
20915,44,Female,kolkata,Savings,129504.66,532,62632.44,38,31.62,1143440.79,6,12.2,33890.17,444635.03,1.3,1,0,213823.43
20916,50,Male,MUMBAI,Current,,595,75802.7,8,63.16,159545.61,16,16.49,114851.47,79084.79,11.3,9,0,11615.92
20917,65,Male,KOLKATA,Savings,158428.5,555,48353.75,55,50.53,361287.7,48,15.55,NaN,426156.63,8.0,8,0,8697.25
20918,31,Female, Mumbai ,Current,94738.61,786,3507.72,8,58.26,142136.2,37,16.18,7689.51,449028.77,3.0,4,0,4463.08
20919,29,Female, Bangalore ,Savings,164897.07,779,12669.58,38,94.82,1473589.95,22,16.73,NaN,24259.2,6.7,6,1,78187.34
20920,57,Male, Mumbai ,Savings,abc,712,9999999,54,32.9,964489.53,29,10.55,23101.69,161272.77,9.2,6,1,36767.01
20921,29,Female,mumbai,Current,70160.84,529,5634.97,9,61.94,591354.11,57,7.89,,26164.81,2.6,8,0,11193.19
20922,51,Female,mumbai,Current,,751,141210.43,16,24.92,908724.26,12,16.49,78902.88,414075.31,2.5,1,0,88214.41
20923,55,Male, Bangalore ,Current,179217.31,550,120451.64,18,11.02,291526.03,47,19.54,,379008.26,5.4,3,0,7414.69
20924,42,Male,CHENNAI,Savings,33657.98,891,,55,94.62,570391.76,41,7.35,80113.41,138802.6,3.7,3,0,14934.53
20925,44,Female,mumbai,Savings,199681.7,377,28826.81,12,35.12,142420.74,45,13.53,40209.8,164865.49,8.1,4,0,3593.12
20926,38,Male,DELHI,Savings,20051.87,1200,81342.81,59,26.01,268045.01,35,12.48,12456.2,78248.03,11.2,3,0,8614.2
20927,50,Female, Chennai ,Current,51046.9,409,22030.94,21,54.59,382349.98,7,9.22,49136.89,403472.89,7.8,8,0,59657.52
20928,56,Male,HYDERABAD,Current,111285.74,514,91076.16,14,94.23,572085.95,16,8.14,85915.16,366917.82,6.6,4,1,38665.86
20929,69,Male,mumbai,Savings,,835,21849.1,49,90.89,739085.06,35,20.21,1727.15,93699.47,6.9,9,0,25384.4
20930,46,Female,kolkata,Savings,106351.65,472,145124.99,17,76.65,807404.38,42,11.31,1216.2,188906.3,6.8,0,1,21398.14
20931,36,Male,CHENNAI,Savings,41262.87,749,120564.53,22,50.63,168037.39,38,10.4,20355.52,27560.22,7.8,2,0,4881.93
20932,66,Male, Delhi ,Savings,143450.99,533,,48,68.34,725169.74,35,21.83,95013.95,239748.07,2.6,6,0,25242.12
20933,19,Male, Bangalore ,Savings,154537.8,861,,74,86.46,1167573.69,53,9.04,84054.52,329253.86,6.8,6,0,24021.18
20934,62,Male,CHENNAI,Savings,139548.96,530,84497.56,47,62.5,1059558.61,6,16.41,109016.5,22215.55,11.2,5,0,205572.03
20935,28,Male,kolkata,Savings,183307.84,863,37347.53,54,56.78,356186.03,21,12.37,26716.68,281870.1,3.1,4,0,19059.34
20936,28,Female,hyderabad,Savings,86626.06,602,67783.26,49,27.51,1359365.53,35,20.29,35305.37,204248.73,10.8,7,0,46719.45
20937,66,Female,DELHI,Savings,86049.32,671,136526.55,24,82.6,1389095.3,25,20.78,NaN,345255.19,11.0,7,0,67109.97
20938,58,Male, Hyderabad ,Savings,abc,692,121896.05,53,56.89,271820.77,18,18.48,97679.8,453790.52,9.8,3,0,17891.85
20939,20,Female, Bangalore ,Savings,164608.26,807,34112.92,65,31.77,879335.44,35,11.36,75466.8,307614.52,8.2,9,0,27977.94
20940,49,Male,chennai,Current,,422,47544.83,46,36.14,409816.6,45,8.65,92595.64,325638.32,2.5,8,0,9894.79
20941,57,Male,chennai,Current,186733.93,443,129707.21,40,55.01,534905.63,14,13.85,71421.16,287941.46,2.5,9,0,43499.29
20942,49,Female,KOLKATA,Savings,190281.1,564,79369.3,33,47.17,433565.01,24,13.32,63709.13,362844.2,9.6,5,0,20471.49
20943,67,Female,mumbai,Savings,112568.92,513,83402.53,33,12.96,995946.62,14,15.4,96082.08,55269.9,1.9,0,0,82094.46
20944,33,Female, Mumbai ,Savings,96106.02,843,87084.73,14,42.24,759503.53,56,21.67,13303.95,461179.41,3.0,6,0,16501.57
20945,63,Male, Hyderabad ,Savings,96114.68,443,114959.29,19,52.92,264540.12,29,17.67,72294.22,39351.35,4.7,9,0,10733.94
20946,24,Female,CHENNAI,Savings,166776.07,443,9191.11,21,39.61,374020.98,41,14.17,6110.21,477567.41,5.7,4,0,10415.12
20947,38,Female,chennai,Current,,358,35915.88,62,40.13,1154413.75,56,7.1,53258.02,482894.7,2.6,9,0,22078.16
20948,40,Male,bangalore,Current,51018.89,684,24084.46,59,49.01,379419.35,20,7.92,13150.87,374051.71,4.2,8,0,20473.47
20949,26,Male,KOLKATA,Savings,abc,868,,20,85.89,893800.96,36,11.46,94282.74,33767.62,6.1,8,0,27673.07
20950,35,Male,pune,Savings,169459.05,365,95543.52,23,26.51,1244570.98,56,11.4,49167.61,428916.87,11.9,0,0,24758.07
20951,49,Male,MUMBAI,Savings,89830.42,844,5822.95,75,97.99,161082.19,59,15.19,99499.0,392028.32,3.6,1,0,3144.92
20952,25,Male,CHENNAI,Savings,92354.97,836,31672.28,26,69.24,229546.22,50,21.62,108563.37,329497.19,9.1,6,0,5583.48
20953,60,Male, Bangalore ,Savings,17743.55,368,13307.81,71,28.24,1417360.36,10,10.34,8236.88,38779.45,4.1,8,0,156391.54
20954,27,Male,bangalore,Savings,64868.89,608,146003.05,19,99.11,394017.98,39,14.51,60721.55,486892.61,5.2,6,0,11568.97
20955,45,Female,chennai,Current,115103.71,527,20715.46,50,26.72,1495030.69,32,20.5,114498.17,342432.23,3.7,8,0,56297.25
20956,55,Female,pune,Savings,117114.68,784,,60,13.98,765913.74,9,15.32,54232.81,199415.87,6.5,4,0,98139.08
20957,49,Male,delhi,Savings,147456.34,840,126762.64,24,88.51,1437170.83,46,8.49,99005.94,146495.41,4.3,7,0,33895.36
20958,26,Female, Chennai ,Current,163660.43,627,143629.09,26,49.84,554348.88,59,16.98,70781.49,425166.75,1.2,6,1,10991.14
20959,56,Male, Hyderabad ,Savings,81485.29,521,,38,36.49,739923.73,23,11.26,55249.5,394553.44,3.7,0,1,35793.01
20960,67,Female, Chennai ,Current,67809.33,748,112362.76,37,24.87,645408.2,56,7.01,16745.89,69556.64,8.8,9,0,12333.06
20961,64,Male,DELHI,Savings,53794.01,459,50355.07,32,68.91,1376159.51,27,20.31,27003.91,433256.07,7.8,0,0,61320.65
20962,18,Female,mumbai,Savings,96281.99,472,15071.66,63,41.12,238606.93,10,21.38,39686.21,310300.74,8.5,6,0,28962.11
20963,49,Female,BANGALORE,Current,45587.41,849,22942.37,52,46.71,759765.16,54,10.84,92729.36,367880.72,3.6,6,0,15594.88
20964,41,Female,bangalore,Savings,134844.82,831,52489.2,65,75.15,1454942.9,31,7.96,111139.51,376072.34,3.3,2,0,50669.56
20965,50,Male,chennai,Savings,33084.23,464,5572.41,10,29.13,1342169.76,33,7.57,49766.13,159846.03,4.4,8,0,43750.67
20966,25,Male,BANGALORE,Savings,137988.69,812,133495.78,10,89.41,548799.39,32,20.81,102757.67,357225.99,11.9,3,0,20718.89
20967,18,Female,hyderabad,Savings,31984.72,650,125466.34,56,65.67,1173252.84,19,17.98,30183.55,194918.47,0.6,9,0,72852.83
20968,48,Female,MUMBAI,Savings,163972.71,476,123091.1,40,64.19,179582.37,57,9.91,27693.75,359466.35,2.9,3,0,3462.79
20969,45,Male,BANGALORE,Savings,170546.19,375,18493.31,28,52.47,1192555.71,15,12.44,27831.96,175128.13,6.5,5,0,89393.98
20970,53,Female,chennai,Savings,127464.53,533,134472.24,61,46.79,1253699.97,58,8.26,78966.56,151428.16,4.2,1,0,23400.96
20971,66,Female,hyderabad,Current,194256.59,686,83423.12,39,41.43,308166.05,30,19.58,92747.54,166687.25,7.9,0,0,12283.5
20972,38,Female,delhi,Current,80480.37,849,9733.44,26,56.84,1254112.9,11,15.41,1230.03,492553.48,5.8,7,0,131579.25
20973,18,Male,kolkata,Savings,96323.33,353,89352.78,76,43.35,903982.89,29,10.85,66502.91,26754.0,5.8,6,0,34553.97
20974,58,Male, Kolkata ,Savings,,721,58680.45,78,71.07,1278436.98,8,11.01,19003.51,245463.3,9.6,3,0,177399.11
20975,20,Female,hyderabad,Savings,121014.48,510,75952.54,58,56.28,1459471.69,35,11.32,101798.06,43051.63,11.4,1,1,46419.54
20976,24,Female,MUMBAI,Current,95024.77,546,10162.19,10,28.97,190334.12,31,18.66,119231.45,337295.13,10.4,4,1,7285.5
20977,52,Male,BANGALORE,Savings,196388.67,608,126730.17,11,25.89,105768.9,35,11.49,25682.59,8392.34,1.1,6,0,3369.19
20978,66,Male,MUMBAI,Savings,123141.93,446,134584.61,59,54.67,1479673.42,47,14.74,52789.5,341253.07,11.7,0,1,36122.92
20979,67,Male,delhi,Savings,16384.78,703,122749.44,77,54.52,15459.15,20,7.39,81043.3,134261.21,3.6,1,0,830.08
20980,31,Male, Delhi ,Savings,49629.93,503,22514.79,16,96.21,1178058.22,25,17.03,71457.69,62285.61,9.1,4,0,55147.26
20981,63,Male,mumbai,Savings,141727.36,355,11694.45,70,24.05,323919.9,39,20.38,104126.44,285184.12,1.4,6,0,9998.33
20982,46,Male,pune,Savings,172136.87,779,102850.95,24,46.05,1239974.88,23,13.13,112892.04,454964.3,2.1,4,0,60990.59
20983,22,Female,MUMBAI,Savings,126488.93,622,122677.06,46,99.33,111662.79,40,21.01,11491.02,281563.77,1.0,7,0,3378.08
20984,65,Male, Hyderabad ,Current,,397,66992.87,56,17.24,873187.37,18,19.37,33273.0,342435.83,11.6,2,0,57906.88
20985,38,Male, Pune ,Savings,172682.94,855,127268.64,58,51.96,1148.6,27,8.83,13932.32,46740.39,5.8,1,0,46.3
20986,35,Female,chennai,Savings,154959.84,694,86273.33,63,93.18,79361.38,14,8.77,89373.48,439253.06,8.4,6,0,6165.81
20987,57,Male, Pune ,Savings,141401.61,579,92523.02,8,85.95,96556.78,17,17.91,15022.75,39880.63,2.6,0,0,6697.06
20988,40,Male,HYDERABAD,Savings,81948.82,703,64270.35,36,25.64,730976.76,9,13.78,41750.24,42275.55,1.8,4,0,92411.71
20989,36,Female, Pune ,Savings,20580.44,586,64387.98,36,66.26,193071.27,26,10.79,74165.06,256312.75,5.2,0,0,8227.06
20990,49,Female,bangalore,Savings,,511,145725.95,74,13.07,727891.65,6,14.24,36713.08,360507.12,5.7,4,0,138590.57
20991,41,Female,HYDERABAD,Savings,142340.96,442,11923.47,75,97.01,415958.41,46,12.78,80842.06,353376.15,4.4,5,0,10198.22
20992,32,Female,delhi,Current,176022.81,370,31031.76,17,70.41,166738.76,47,12.71,31974.8,308475.37,11.0,9,0,3998.54
20993,34,Male, Mumbai ,Savings,125322.91,879,84735.26,55,96.71,534578.44,6,18.33,46284.46,308839.88,6.7,3,0,105427.78
20994,35,Female,bangalore,Savings,96088.69,885,19782.94,13,60.28,527270.58,51,21.5,119398.87,80516.71,8.6,6,0,12561.45
20995,25,Female,DELHI,Savings,abc,721,,31,36.74,168740.1,53,21.34,4111.08,116781.71,3.2,5,0,3863.19
20996,25,Female,pune,Savings,95874.67,692,116649.75,43,55.05,629250.8,21,7.21,112146.98,323322.09,9.6,0,0,32124.75
20997,68,Female, Bangalore ,Savings,194742.11,361,67807.55,40,89.6,1310716.5,52,20.74,112173.87,606.7,1.4,0,0,30433.83
20998,53,Female,bangalore,Savings,121388.17,,121946.22,33,78.23,1458662.94,41,15.32,66250.14,101950.24,1.6,4,0,41027.56
20999,66,Female,HYDERABAD,Savings,155343.99,480,116949.69,65,84.26,1441829.9,52,13.92,66307.98,337026.51,11.6,6,0,31587.17
21000,18,Male,KOLKATA,Current,188560.2,834,84263.67,9,33.84,1471141.12,45,15.81,25363.83,11046.61,1.0,9,0,37860.63
21001,39,Female,chennai,Current,59487.78,406,76673.33,35,11.27,622559.24,31,17.6,2503.13,491366.36,10.4,2,1,23617.09
21002,47,Male,delhi,Savings,63763.77,769,56512.94,26,89.73,994534.0,23,7.38,3574.76,498037.44,7.2,0,0,46431.77
21003,48,Female,delhi,Savings,154528.63,812,114073.15,69,34.9,1058167.44,23,16.96,32054.86,7772.38,2.9,2,0,53810.11
21004,27,Male,bangalore,Current,20825.74,791,28648.05,47,46.57,433067.89,23,7.44,75887.18,485888.28,0.5,3,1,20229.92
21005,63,Male,kolkata,Savings,75235.43,,112847.85,41,67.85,827668.02,40,8.02,113529.28,135018.44,1.5,8,0,22351.17
21006,66,Female, Delhi ,Current,163219.3,599,44637.34,55,19.94,263066.82,39,14.08,64987.8,419396.2,1.2,0,0,7695.04
21007,27,Female, Delhi ,Savings,166845.05,819,9643.08,35,77.2,1129030.4,47,18.26,26512.37,457447.78,4.5,5,0,28408.33
21008,19,Female,bangalore,Savings,48666.37,641,59947.27,65,13.35,196278.96,30,19.46,14708.86,149652.61,3.2,8,0,7815.83
21009,38,Female,BANGALORE,Savings,15030.16,,64041.34,25,45.65,1001863.83,48,8.36,66340.0,74567.03,5.4,9,0,22617.08
21010,34,Male, Bangalore ,Savings,192474.18,499,96025.93,10,58.59,286427.01,59,12.07,98925.18,121401.26,5.5,0,0,5440.66
21011,33,Male,HYDERABAD,Savings,108180.13,,32358.75,53,12.42,1231703.95,47,21.6,96030.19,244649.87,7.8,0,0,31867.06
21012,64,Male,hyderabad,Savings,108011.78,705,78183.27,45,87.47,944077.78,23,15.09,39994.82,77392.48,10.8,0,0,47240.83
21013,60,Male,CHENNAI,Savings,138395.52,828,66031.0,20,10.86,78870.28,27,12.19,24217.71,111189.13,1.5,7,0,3277.21
21014,44,Male,delhi,Current,158468.33,409,68639.97,27,69.7,254991.56,28,8.51,2506.54,107932.86,6.1,0,0,9881.83
21015,53,Female, Hyderabad ,Savings,80253.37,824,56233.43,48,17.57,1436699.48,50,9.14,101036.47,115489.76,4.6,8,0,31360.28
21016,20,Female,kolkata,Savings,abc,766,124948.06,13,59.22,1171870.35,54,18.65,70952.71,303719.93,8.4,8,0,25748.6
21017,37,Female,HYDERABAD,Savings,159763.28,731,40857.12,78,43.29,1398779.48,32,14.64,52637.67,104512.89,10.9,8,0,50111.27
21018,23,Male,bangalore,Savings,83967.62,775,20846.03,69,29.04,940038.7,35,18.89,51846.92,17612.78,1.0,2,1,31931.77
21019,31,Female,chennai,Savings,118730.59,601,76170.25,16,31.07,487723.93,47,12.45,86611.26,126169.28,3.3,6,0,11669.05
21020,20,Male,pune,Savings,abc,453,16063.43,47,72.58,78720.5,56,13.49,60062.84,357594.2,2.6,7,0,1595.36
21021,50,Male,HYDERABAD,Current,189033.79,488,141343.39,13,80.2,437236.51,20,19.81,83840.1,175274.15,4.3,6,1,26192.65
21022,58,Male,kolkata,Savings,23852.52,404,46223.36,31,81.45,1029870.57,25,17.07,4811.23,395338.26,10.0,2,0,48226.78
21023,56,Male,HYDERABAD,Savings,150804.65,795,2360.47,12,82.84,290696.94,24,14.47,60222.81,311870.38,5.5,6,0,13865.03
21024,49,Male, Pune ,Current,110422.66,414,102127.1,67,21.03,1030426.02,42,11.61,71535.66,192899.61,6.2,4,0,27382.34
21025,29,Male,BANGALORE,Savings,134277.41,523,14330.67,52,60.96,434499.78,49,18.6,102258.91,387716.09,4.4,3,0,10516.67
21026,40,Male,KOLKATA,Savings,55554.47,846,89323.43,50,77.52,744520.86,23,14.06,72746.65,397413.59,7.4,6,1,36921.76
21027,18,Male, Bangalore ,Savings,,532,128743.12,8,88.73,141116.21,30,12.86,51947.8,404879.7,10.5,1,1,5308.79
21028,39,Female,bangalore,Current,103897.27,372,121757.31,42,39.39,726128.11,43,9.39,117934.07,112855.55,3.7,7,0,18472.36
21029,61,Female, Mumbai ,Savings,146561.44,,16853.59,44,92.91,114270.62,33,18.52,107277.25,177221.45,10.2,1,0,4104.05
21030,19,Male, Kolkata ,Savings,31562.02,816,9141.97,71,18.74,1326435.02,34,10.12,93031.73,168746.75,7.2,4,0,42960.89
21031,32,Male, Mumbai ,Savings,,362,47853.4,52,43.04,1405584.01,21,18.32,90556.65,442643.5,5.2,4,0,79194.62
21032,36,Female,HYDERABAD,Savings,182625.52,855,60230.21,68,34.21,1386005.71,22,21.84,98060.31,477726.85,8.5,4,0,76759.52
21033,53,Female, Hyderabad ,Savings,18043.77,383,106327.28,68,99.03,102356.15,56,21.35,30996.24,239429.54,3.0,7,0,2218.02
21034,28,Male,kolkata,Current,80992.0,752,117465.69,32,42.4,343582.97,17,10.25,NaN,196122.56,4.9,4,0,22282.37
21035,52,Female,chennai,Savings,52029.15,899,21932.67,69,76.7,1172916.42,34,10.96,39600.12,235673.63,5.4,6,0,38278.47
21036,67,Female,pune,Savings,76637.85,732,56854.6,15,26.26,629290.48,50,14.95,64436.65,110842.24,2.3,8,0,14467.39
21037,24,Male,DELHI,Savings,130291.83,500,90214.64,47,82.59,265980.59,25,17.22,5852.49,65262.31,8.6,1,1,12471.3
21038,28,Female,KOLKATA,Current,174389.66,624,108291.72,32,99.48,81356.42,48,16.63,15032.99,115596.01,5.8,6,0,1976.79
21039,64,Male, Pune ,Current,114011.75,815,103127.8,69,44.26,1226492.95,49,15.69,25865.67,30035.18,3.8,7,0,28957.75
21040,44,Male,chennai,Savings,182855.71,378,46273.91,26,47.38,840573.52,41,13.2,75734.18,398631.44,1.4,2,0,23208.03
21041,64,Male,delhi,Savings,145788.27,774,80002.17,26,24.91,140906.85,39,17.59,96972.45,252515.92,10.3,5,1,4248.52
21042,32,Female,CHENNAI,Savings,188422.92,849,63013.96,78,48.8,556441.22,59,14.08,29974.49,69329.54,2.5,6,0,10759.12
21043,25,Male,BANGALORE,Current,45385.09,451,12531.0,43,30.24,347197.1,45,19.24,66914.11,71428.3,5.6,5,0,9199.95
21044,47,Male,HYDERABAD,Savings,176624.92,567,27788.12,68,99.72,817432.08,40,20.45,,306200.09,6.6,9,0,24614.92
21045,48,Female,HYDERABAD,Savings,,840,86884.76,12,60.31,1420111.51,13,18.81,52692.04,317548.98,1.4,3,0,129787.27
21046,60,Female, Bangalore ,Current,189571.65,381,136652.59,41,18.76,569153.14,6,20.51,,51487.86,5.6,1,0,114314.41
21047,63,Female, Delhi ,Current,22647.01,,54515.43,47,51.16,252444.06,37,19.28,108495.63,432952.46,1.2,0,1,8138.25
21048,42,Female, Chennai ,Savings,32969.16,429,43368.23,45,61.56,204733.64,34,20.16,11578.55,492495.81,10.8,0,0,7235.53
21049,62,Female,pune,Savings,,727,17453.04,56,12.43,1436945.98,32,18.09,78307.68,152797.37,4.9,1,1,53027.8
21050,26,Male,HYDERABAD,Savings,15698.84,668,135254.6,51,23.9,1413142.85,31,9.04,113106.98,405399.64,1.4,4,1,49706.16
21051,43,Male,pune,Savings,60184.52,403,20273.32,48,53.08,855585.05,7,16.23,29635.09,314170.93,8.1,6,0,142063.79
21052,49,Male,BANGALORE,Savings,120898.71,521,32268.45,74,16.45,781667.49,32,13.1,5081.19,324051.76,4.4,1,0,27627.06
21053,59,Female,chennai,Savings,90796.61,431,140742.64,51,58.27,178416.31,13,20.88,28000.96,399753.68,6.2,8,0,16589.97
21054,60,Male,mumbai,Savings,39774.36,836,35747.03,17,44.16,500212.53,15,11.09,28710.77,376112.55,4.3,1,0,37045.74
21055,42,Male, Delhi ,Current,abc,893,62730.55,44,21.59,598296.06,30,17.69,18539.88,347696.45,7.4,8,0,23471.15
21056,32,Male,CHENNAI,Savings,41368.69,876,39049.1,61,86.46,1028996.14,38,11.47,24120.73,339104.03,6.6,8,0,30184.79
21057,53,Male,CHENNAI,Savings,197553.2,361,15721.77,57,34.78,1242050.47,9,10.48,102958.58,244461.85,4.6,0,0,152468.6
21058,33,Female,bangalore,Savings,,,35574.43,65,13.97,1223054.54,41,10.67,78521.08,45250.91,11.0,7,0,33013.52
21059,28,Female,PUNE,Savings,24136.43,600,113327.02,34,62.81,1091708.21,8,11.55,83319.27,402709.99,3.7,9,0,152225.06
21060,51,Female, Hyderabad ,Savings,47738.98,527,59958.71,36,60.73,1235040.54,36,15.0,96458.0,486476.52,3.5,6,1,39452.68
21061,28,Female,chennai,Savings,20793.3,473,33655.7,65,65.07,620257.93,44,21.45,96312.37,343150.64,11.0,6,0,17120.53
21062,60,Male, Pune ,Current,57228.7,745,105647.98,31,98.67,359226.39,20,19.21,42392.29,227965.96,3.6,7,1,21411.69
21063,66,Female,BANGALORE,Savings,138132.45,895,28112.89,47,17.4,1138449.46,10,10.16,19107.48,268796.78,7.9,9,1,125411.59
21064,45,Male,kolkata,Savings,82089.38,827,41161.56,27,97.19,1454550.54,56,9.29,8803.86,297216.77,4.1,1,0,28387.11
21065,62,Male,kolkata,Savings,17063.45,446,63391.06,45,83.02,1226827.91,7,8.28,46620.28,305183.54,4.7,6,0,189772.75
21066,67,Male,mumbai,Savings,77012.04,502,66687.66,37,50.36,414563.38,42,9.39,27452.8,406197.76,9.4,1,0,10797.4
21067,47,Male,mumbai,Savings,78260.21,1200,142975.59,19,48.47,651132.33,27,21.87,79872.42,465255.94,4.7,4,0,29390.18
21068,49,Female, Chennai ,Savings,64849.09,719,140810.34,73,18.68,815028.98,14,11.88,5965.8,42747.08,4.7,6,0,65132.46
21069,26,Male,HYDERABAD,Savings,,412,104338.34,36,26.15,520960.87,47,10.56,51711.96,230536.4,6.2,5,0,12254.77
21070,61,Female,KOLKATA,Current,40511.36,498,,60,72.5,244896.81,52,20.74,83034.12,461222.03,1.8,0,0,5686.32
21071,66,Female, Kolkata ,Savings,116595.18,377,110138.11,38,37.26,1029189.64,12,14.2,47428.78,81574.64,1.0,4,0,97944.55
21072,26,Male, Hyderabad ,Savings,20162.65,411,82955.62,17,51.78,844454.42,11,12.45,109461.75,372839.89,6.8,9,0,86326.27
21073,41,Female, Bangalore ,Current,100588.14,535,142916.75,13,23.67,929.65,53,9.87,883.13,233270.28,6.4,9,0,19.27
21074,54,Female,chennai,Savings,abc,,,12,85.77,485074.6,33,10.65,114952.0,481449.82,4.7,4,0,16264.7
21075,34,Female,hyderabad,Savings,76920.12,695,106995.43,78,45.29,45094.65,25,16.44,24090.72,183594.89,8.7,3,0,2100.33
21076,23,Female,mumbai,Savings,33681.82,615,103483.48,37,98.7,246298.12,7,13.68,71293.97,381187.38,6.4,9,0,39998.81
21077,49,Male, Bangalore ,Current,118049.0,378,12432.41,73,98.63,1478888.03,14,18.54,8216.06,218003.39,10.6,3,1,125219.56
21078,60,Female,HYDERABAD,Savings,,847,6464.27,30,12.97,623497.64,58,15.15,116920.05,451329.29,2.4,4,0,12378.58
21079,30,Female,chennai,Savings,148049.02,427,10887.45,61,23.39,1434048.86,58,13.34,22376.69,352985.38,8.7,7,0,28023.29
21080,62,Male,delhi,Savings,101347.72,790,142097.15,61,82.1,214264.12,21,16.36,109907.87,44648.84,8.3,0,0,11872.27
21081,37,Female, Chennai ,Savings,123971.25,870,78038.68,31,24.03,6565.97,54,12.94,75154.16,61071.07,7.0,6,0,137.33
21082,21,Male, Chennai ,Savings,79214.5,,57226.14,79,84.38,872985.16,55,14.47,114504.93,22809.95,4.8,1,0,18169.2
21083,30,Male,mumbai,Savings,87915.9,437,103916.23,6,49.94,375853.29,43,11.63,70325.39,195169.35,5.0,9,0,9757.33
21084,56,Female,DELHI,Current,167574.39,359,9999999,53,77.92,1254143.5,49,9.0,110545.74,61641.5,1.9,7,0,27898.29
21085,67,Male,pune,Savings,178000.27,617,15714.88,27,93.99,1200090.9,52,13.8,,15346.15,3.4,2,0,26263.53
21086,67,Male,PUNE,Savings,114242.3,634,86633.65,77,86.36,323042.79,16,9.49,10211.81,6093.99,10.8,9,0,22106.22
21087,30,Female,bangalore,Savings,153627.6,,95126.53,72,75.77,56824.49,23,20.75,110525.84,51174.27,3.8,5,0,2983.29
21088,52,Female,KOLKATA,Current,169216.05,517,69657.49,71,36.14,428552.79,13,11.27,109378.26,232374.83,10.6,8,0,36680.82
21089,66,Female,MUMBAI,Savings,127649.85,665,23317.53,30,15.73,576141.54,17,14.6,109238.28,392678.33,10.4,7,1,38838.72
21090,23,Female, Chennai ,Savings,185337.48,612,130704.33,67,68.12,1282390.03,35,7.49,102082.01,287903.41,6.6,6,0,39384.03
21091,34,Male,KOLKATA,Savings,124221.14,399,3569.1,57,62.02,906248.73,41,16.53,63525.65,284611.01,5.3,1,0,25757.36
21092,53,Male,BANGALORE,Savings,114897.67,832,128906.28,53,96.06,1466200.23,46,13.48,83196.23,89543.63,2.4,9,0,36170.52
21093,22,Male,hyderabad,Current,150497.78,809,75551.06,75,44.47,1414870.78,17,12.43,102496.37,485009.77,10.6,4,0,93572.9
21094,44,Male, Kolkata ,Savings,129256.08,592,100701.66,11,71.67,118696.65,43,19.63,79495.92,245220.29,11.5,0,0,3302.25
21095,63,Female,mumbai,Savings,180419.28,719,61846.59,63,43.95,136202.31,15,11.39,61370.33,287135.26,10.5,5,1,10114.38
21096,35,Male,CHENNAI,Savings,160593.6,653,58905.03,38,66.64,740787.76,10,20.61,63530.82,393916.3,8.1,5,1,89346.41
21097,69,Male, Chennai ,Current,114390.97,430,25468.43,70,25.56,764507.31,44,7.53,38707.43,342784.99,5.1,2,1,18683.52
21098,58,Female,CHENNAI,Current,144959.73,547,35023.66,30,22.95,1253329.33,24,10.85,101955.51,473973.72,6.4,0,1,57888.15
21099,39,Male, Chennai ,Savings,179953.86,1200,55611.81,75,73.69,470972.85,51,9.42,45767.76,67789.49,2.1,7,0,10104.68
21100,22,Female,HYDERABAD,Savings,93560.13,896,53169.63,63,51.48,1218836.03,57,8.85,107480.1,314478.73,7.3,5,0,23275.49
21101,36,Male,PUNE,Savings,77001.66,518,32397.74,30,22.96,37438.52,34,11.62,15324.21,231161.99,1.2,9,0,1229.08
21102,51,Male, Delhi ,Savings,,591,,29,36.98,1416999.63,34,18.28,106923.22,465353.14,9.4,5,0,49294.92
21103,21,Female, Bangalore ,Savings,,711,25703.71,19,67.65,1456123.58,51,9.59,36897.25,200093.12,11.9,0,0,31289.53
21104,32,Male,CHENNAI,Savings,111806.7,668,15548.54,9,47.85,1228881.23,28,14.9,57380.09,47258.87,10.1,7,0,50428.02
21105,21,Female,mumbai,Savings,23968.5,833,49538.01,37,53.88,1000772.04,13,9.13,61248.99,442113.0,6.8,5,1,84010.96
21106,67,Female,CHENNAI,Current,146066.76,884,65336.51,63,24.15,386291.53,53,7.98,6020.45,333204.42,2.0,1,0,7870.14
21107,24,Male,kolkata,Savings,186008.74,826,72151.35,20,49.78,1450642.01,29,7.13,1018.47,160574.34,6.4,2,0,53588.72
21108,40,Female, Bangalore ,Savings,193057.88,468,106070.2,68,88.87,529746.79,26,10.79,35391.81,443058.05,8.4,4,0,22573.33
21109,47,Female,mumbai,Savings,84029.2,591,71420.92,57,90.07,519675.3,10,9.18,,334674.49,5.5,7,1,56738.15
21110,25,Male,MUMBAI,Savings,172818.85,551,91503.4,21,51.46,536651.02,48,21.38,118025.14,446645.8,9.5,5,0,13570.56
21111,19,Female, Chennai ,Savings,135613.26,629,98257.77,13,13.61,813750.75,37,9.2,46218.71,17696.51,5.7,0,1,24016.64
21112,31,Female, Hyderabad ,Current,56717.76,822,128386.29,56,79.05,419300.66,13,14.76,62895.21,109821.72,6.0,1,1,37014.57
21113,37,Female,delhi,Current,25639.13,364,34688.65,69,30.19,636026.45,57,14.96,57865.08,170045.3,7.6,7,0,12827.65
21114,56,Male,BANGALORE,Current,125178.62,461,32960.35,23,72.21,1107098.05,25,15.87,7000.02,308576.25,1.5,0,0,51311.78
21115,22,Female,delhi,Savings,abc,786,27194.44,6,71.23,1493317.43,23,21.25,57031.2,95688.48,7.4,3,0,78723.8
21116,34,Female, Bangalore ,Savings,176968.52,888,132379.68,77,14.27,41955.29,41,15.66,69845.63,444666.41,8.4,4,0,1183.55
21117,54,Male,MUMBAI,Savings,187658.52,458,84446.71,9,44.29,931999.7,49,12.23,99169.4,417915.62,6.0,1,0,21346.6
21118,29,Male,CHENNAI,Current,119805.74,530,9048.7,31,80.12,1485870.97,57,14.15,101095.8,377246.51,2.9,7,1,29756.52
21119,37,Male,chennai,Savings,128224.3,401,119795.12,39,73.05,1481442.13,40,19.52,NaN,229206.97,8.3,3,0,44265.49
21120,26,Female,delhi,Savings,39195.75,572,26155.71,19,17.91,655666.9,38,15.1,NaN,328547.2,1.4,1,0,19859.81
21121,52,Male,MUMBAI,Current,77130.29,552,38485.49,64,10.67,1171583.78,6,7.56,63822.98,361041.51,4.3,4,0,210025.92
21122,33,Male,BANGALORE,Savings,,501,33262.27,78,49.97,846229.79,15,15.39,77741.63,177021.82,9.7,8,0,65097.64
21123,58,Female,MUMBAI,Current,abc,771,74864.27,9,13.54,1221318.53,12,17.15,12740.89,297993.6,5.5,6,0,119231.22
21124,44,Female, Kolkata ,Savings,73134.29,362,112683.42,50,91.45,448553.01,45,10.25,84227.43,309123.23,5.7,4,0,10989.55
21125,21,Male,mumbai,Current,113201.82,876,9999999,38,42.09,8671.19,36,16.58,53258.67,420422.78,5.2,4,0,280.8
21126,43,Female,bangalore,Savings,108009.64,687,100745.69,57,44.35,59557.09,8,12.28,14369.56,220025.65,2.7,7,0,8358.84
21127,46,Male, Bangalore ,Savings,,508,113921.17,52,52.54,1280573.1,13,19.59,31387.92,87712.63,0.7,3,1,117802.87
21128,20,Female,KOLKATA,Savings,101053.46,442,51047.75,30,83.82,354788.86,43,11.36,7391.55,3617.02,4.8,4,0,9188.21
21129,51,Male,chennai,Savings,117566.94,1200,13983.28,7,73.0,646875.0,40,20.89,55110.41,322139.79,10.6,9,0,19550.18
21130,59,Male,delhi,Savings,189811.45,502,9999999,36,91.79,263032.25,46,18.11,24080.84,73963.48,2.3,3,1,6753.64
21131,61,Male,MUMBAI,Current,176866.21,726,20766.34,65,63.37,1149623.19,14,10.33,86722.3,137179.61,3.8,5,0,90598.52
21132,48,Female, Hyderabad ,Savings,114874.08,447,144235.34,21,24.97,722114.09,58,20.01,,313284.17,6.9,7,0,14941.54
21133,40,Male, Chennai ,Savings,23205.53,581,131462.86,10,53.26,1098208.65,48,19.36,83892.63,138529.32,7.1,2,0,27308.79
21134,43,Male,HYDERABAD,Savings,176396.64,1200,68586.44,23,21.34,1254312.05,31,9.84,19718.26,391225.55,8.5,3,0,44443.11
21135,59,Male, Kolkata ,Savings,133329.45,853,92439.22,39,78.74,1137736.33,39,20.45,69260.34,226296.1,5.2,2,0,35138.55
21136,40,Female, Pune ,Savings,37868.79,817,113651.33,35,69.64,716473.77,10,9.66,20216.1,392817.83,1.3,6,0,78568.51
21137,61,Male,pune,Savings,177388.56,561,93925.2,57,37.61,625081.07,53,20.09,59922.08,292040.55,7.9,4,0,14163.39
21138,25,Female,MUMBAI,Current,111499.29,,130826.62,17,49.14,1428643.99,35,20.27,108275.15,129080.8,3.0,1,1,49092.29
21139,42,Male, Pune ,Savings,57691.18,591,145343.47,11,54.84,959003.54,52,16.53,109706.77,81600.73,9.3,0,0,21490.9
21140,49,Male, Delhi ,Current,163220.6,454,92554.31,35,57.09,1217034.81,11,16.58,96094.2,151144.73,3.8,5,0,128983.56
21141,28,Male, Mumbai ,Savings,65131.96,468,67906.97,72,96.82,19360.15,51,21.68,12902.56,366217.07,7.4,7,0,461.91
21142,33,Male,MUMBAI,Savings,abc,851,65742.57,10,28.67,1189851.51,11,13.81,,231797.41,12.0,4,0,123106.36
21143,65,Female,KOLKATA,Savings,129148.87,666,10660.76,44,25.04,718841.38,20,13.62,54195.32,240297.36,1.3,4,1,40837.38
21144,49,Female,mumbai,Current,75698.24,690,128136.26,28,85.72,1083858.83,24,10.25,56022.98,156305.2,3.5,8,0,49789.77
21145,43,Female, Chennai ,Savings,72595.3,757,99433.13,59,78.45,1106628.17,57,17.56,89069.13,260719.5,5.9,6,1,22823.72
21146,40,Male,delhi,Savings,64784.44,466,5461.47,30,80.35,527622.83,8,21.37,44010.03,25783.21,4.5,9,0,80046.98
21147,54,Male,kolkata,Savings,43163.54,582,11951.98,70,69.94,949841.54,33,13.53,5068.92,343694.77,2.0,9,0,32677.43
21148,40,Male, Bangalore ,Current,59799.37,428,,5,74.91,639719.6,39,8.3,74897.66,316022.02,3.6,2,1,17764.52
21149,49,Female,KOLKATA,Savings,80347.0,406,9999999,58,46.87,1334068.8,48,16.0,22135.97,434291.41,5.4,7,0,32240.0
21150,48,Female,KOLKATA,Savings,66375.2,516,144956.17,12,55.38,931539.43,44,15.03,,143695.41,11.6,1,0,24353.4
21151,22,Female,pune,Current,92687.27,609,148026.11,54,62.53,406485.47,26,16.64,11726.86,294326.15,2.1,7,0,18235.56
21152,23,Male,HYDERABAD,Current,,731,59377.7,37,21.56,1359967.43,32,14.92,33050.49,172261.13,1.7,8,0,48839.83
21153,46,Female, Chennai ,Savings,168463.81,633,71347.58,21,97.39,77117.59,28,12.72,22889.58,283641.72,7.2,1,0,3104.53
21154,54,Female,CHENNAI,Savings,114975.06,884,119461.01,77,84.61,954322.77,30,12.71,16941.36,347965.41,9.9,7,0,35853.91
21155,33,Female,MUMBAI,Savings,46910.6,804,58712.03,49,81.53,1040726.3,33,21.43,75307.0,120623.03,1.3,7,0,38295.57
21156,34,Female, Kolkata ,Current,117211.95,493,111658.32,69,40.79,402718.49,30,10.8,53765.42,319371.94,5.6,8,0,14873.74
21157,63,Male,delhi,Savings,62049.56,761,30559.85,48,69.22,1306663.27,56,12.72,16551.6,273876.03,3.0,3,1,26301.26
21158,39,Female, Chennai ,Current,149681.11,816,91256.6,40,41.73,827819.8,41,19.2,67155.13,146468.68,9.7,7,0,24067.35
21159,20,Female,delhi,Savings,98369.26,728,138978.82,17,83.03,996137.38,47,12.21,88874.41,180189.96,7.6,7,0,23782.25
21160,39,Female,pune,Savings,189730.24,562,148274.81,20,12.14,229356.63,33,7.42,15733.52,492523.89,4.3,3,1,7465.91
21161,47,Female, Mumbai ,Savings,30954.57,551,127014.1,23,77.2,569195.42,58,20.16,31846.4,10773.35,6.7,6,0,11792.16
21162,22,Male,bangalore,Savings,45596.73,618,31069.8,45,31.91,375448.09,55,17.49,84819.62,183800.96,2.0,5,0,8020.25
21163,64,Male,PUNE,Savings,,459,,14,96.71,739949.49,20,12.94,93410.2,374353.34,3.4,3,1,41784.95
21164,39,Male,HYDERABAD,Current,57419.86,528,41508.98,19,97.48,1085319.87,35,17.23,72855.56,360397.33,5.0,3,1,36352.01
21165,63,Male, Hyderabad ,Savings,24506.2,742,75145.33,27,60.61,1064508.1,9,16.8,112093.56,57041.63,2.9,1,0,138149.5
21166,67,Male,KOLKATA,Savings,116514.39,810,132117.59,10,10.42,119208.44,42,12.11,39439.65,155074.38,0.7,1,0,3182.01
21167,25,Male,pune,Savings,183339.08,844,16088.33,6,63.97,1427291.4,12,21.03,102170.37,493636.51,2.0,1,1,143954.23
21168,38,Male, Mumbai ,Savings,100025.71,624,55268.31,14,45.21,340510.64,11,11.74,86578.92,183869.78,8.8,9,0,34589.69
21169,38,Female,HYDERABAD,Savings,109047.97,818,103836.69,43,94.0,670175.34,38,17.85,103863.53,388721.36,10.3,0,0,20784.25
21170,38,Male, Bangalore ,Savings,15406.82,726,33014.15,67,82.99,1041265.48,27,9.06,,23499.24,4.7,4,0,42059.41
21171,64,Male,HYDERABAD,Current,abc,509,32538.45,15,66.48,637615.02,49,17.55,54557.05,445773.61,2.5,9,1,15296.25
21172,32,Female,BANGALORE,Savings,199042.45,770,131935.92,56,83.19,882741.01,28,19.79,14924.1,198876.31,11.7,9,0,37765.55
21173,20,Female, Bangalore ,Savings,22242.58,462,34109.64,32,61.05,1073671.11,54,10.95,,61444.05,5.9,9,0,22059.96
21174,65,Female, Bangalore ,Current,49319.27,864,85469.24,63,37.82,908433.95,35,17.01,89175.08,287854.49,11.7,6,0,30370.24
21175,26,Male,DELHI,Savings,48718.38,693,125835.24,22,53.05,1007126.28,45,15.97,64513.47,163895.68,2.9,5,0,25954.76
21176,25,Male,delhi,Current,168705.22,735,,33,37.07,218644.92,40,14.33,32374.71,44186.09,9.0,7,0,6249.42
21177,40,Female,KOLKATA,Savings,196115.9,577,113597.09,12,13.93,402148.25,10,17.26,5891.64,195576.41,1.2,6,1,47155.9
21178,56,Female, Mumbai ,Savings,189107.3,755,,49,18.69,1183573.3,44,16.74,9197.22,425635.35,8.9,4,0,31402.35
21179,31,Female,PUNE,Savings,54699.0,1200,112671.64,71,99.31,120719.59,47,17.89,4790.52,94550.67,10.2,8,0,3028.01
21180,31,Male,BANGALORE,Savings,,726,139993.97,25,30.87,1148034.15,31,15.26,85744.02,69231.31,3.7,1,0,42684.65
21181,42,Male, Chennai ,Savings,142064.82,743,90620.68,30,54.17,990838.89,54,11.66,32518.46,362600.16,5.9,8,0,20488.35
21182,32,Male,chennai,Savings,60768.22,587,105439.41,44,46.22,754432.26,16,16.86,93059.92,187064.56,3.9,6,0,55101.85
21183,34,Male, Mumbai ,Savings,183514.67,426,53791.91,5,29.73,504948.19,23,18.74,104131.82,102192.34,8.6,4,0,26068.5
21184,24,Female,hyderabad,Current,87469.6,,89197.54,74,21.56,526389.98,30,20.91,99217.37,145633.1,10.8,3,1,21215.27
21185,46,Female,kolkata,Savings,59907.87,684,136603.2,14,92.6,629084.8,9,21.02,75742.75,498162.8,3.8,8,0,84590.94
21186,68,Male,mumbai,Savings,47941.8,606,131701.6,32,10.87,30152.82,6,13.81,21592.66,456083.51,6.3,1,0,5719.49
21187,56,Female,mumbai,Savings,193831.36,700,53861.4,48,52.25,1317775.83,58,20.38,43794.2,186200.84,7.2,7,0,27350.66
21188,22,Female, Delhi ,Current,40919.53,399,103528.97,33,66.6,282340.68,26,16.81,45498.38,410439.88,7.8,0,0,12684.7
21189,65,Male,PUNE,Savings,196461.32,743,36421.0,31,82.87,122466.39,14,16.23,59390.1,42553.54,8.4,9,0,10167.33
21190,64,Female,kolkata,Savings,33283.88,723,87414.57,24,22.23,816737.59,15,13.11,111824.59,466066.2,10.6,5,1,61587.46
21191,57,Female,KOLKATA,Savings,165294.53,518,80271.47,60,83.71,78227.07,30,18.44,114063.96,164512.22,9.6,9,0,3088.4
21192,60,Female,KOLKATA,Savings,72754.05,742,146011.25,64,60.09,1112397.97,25,16.01,27793.06,151833.09,10.2,7,0,51619.72
21193,21,Female,chennai,Savings,185548.03,1200,,77,31.45,1381520.94,13,11.83,101109.21,384589.02,1.8,0,1,118842.68
21194,37,Female,kolkata,Savings,186822.2,463,9999999,33,85.74,26793.22,26,19.0,1209.5,172595.46,3.7,0,1,1226.31
21195,29,Male,DELHI,Savings,186463.88,701,73531.65,74,25.4,1056577.0,28,19.14,83390.88,187367.44,10.5,7,0,44957.35
21196,48,Female, Bangalore ,Savings,64964.71,617,42880.78,55,54.77,1361997.34,29,7.23,81043.57,495461.49,6.9,8,0,50361.03
21197,54,Female, Delhi ,Current,26719.31,816,89282.77,23,74.54,147049.55,47,12.73,51382.55,68732.73,11.5,2,0,3527.0
21198,34,Male, Delhi ,Current,196322.84,,136013.0,47,50.74,44117.24,56,9.84,104571.04,222102.91,8.8,0,0,865.33
21199,20,Female, Pune ,Savings,125419.0,788,123146.77,46,69.51,170602.19,57,8.79,30909.97,246054.96,7.4,3,0,3256.11
21200,28,Male,KOLKATA,Savings,abc,710,20655.37,43,27.78,422919.04,14,12.24,119845.62,100561.96,8.9,3,0,33906.02
21201,26,Male,PUNE,Savings,103613.74,466,139092.09,16,38.92,1316412.63,33,14.24,91072.91,405743.93,9.4,2,1,45571.81
21202,63,Male,CHENNAI,Current,183717.19,725,58615.14,18,39.94,916525.05,59,14.63,48866.49,86689.53,11.5,5,0,17806.99
21203,58,Male,kolkata,Current,30927.35,421,33129.32,11,55.87,662167.21,32,21.57,47375.53,110751.78,9.7,4,0,25156.15
21204,20,Female,bangalore,Savings,126218.14,463,99837.24,56,92.51,672876.39,48,14.46,103416.15,356008.52,4.2,4,0,16045.3
21205,61,Male,delhi,Savings,18415.75,405,95144.24,40,75.23,892097.71,41,9.38,20808.24,291446.37,1.7,3,0,23799.43
21206,49,Female, Bangalore ,Current,87223.38,717,137851.31,55,99.17,440573.63,24,17.83,95287.64,185579.13,5.7,4,0,21630.33
21207,23,Female, Hyderabad ,Savings,138728.67,718,44508.78,20,35.91,505165.23,47,19.97,34589.58,411384.97,4.0,4,0,12894.61
21208,24,Male,delhi,Savings,90581.56,584,17102.48,50,25.8,649836.38,41,15.54,65016.89,411584.62,1.4,6,0,18312.71
21209,26,Male,BANGALORE,Savings,152064.88,885,7582.74,51,90.9,1491783.2,25,15.29,119388.61,419289.45,1.0,1,0,68795.07
21210,50,Female,mumbai,Savings,93860.07,663,60091.49,46,28.0,870903.54,40,13.08,86345.39,5180.43,10.7,8,1,24620.44
21211,57,Female, Pune ,Current,117610.42,557,77556.59,43,17.92,132102.01,29,12.93,114068.52,96176.84,9.1,3,0,5144.23
21212,37,Male, Kolkata ,Savings,85994.89,653,101750.34,26,70.6,1363092.81,25,9.6,46079.57,422680.12,7.4,7,0,59757.99
21213,57,Female,delhi,Savings,104579.27,606,96023.42,11,90.08,1076752.38,45,20.65,,185212.29,2.0,3,1,28868.93
21214,42,Male,pune,Current,92009.65,829,18443.3,7,78.48,39365.24,55,10.73,23497.61,434720.19,4.4,4,0,792.53
21215,61,Female,chennai,Current,60071.46,451,19923.23,37,81.0,696544.54,13,21.95,,92497.65,3.4,2,0,65341.24
21216,55,Female,PUNE,Savings,41451.55,752,69273.37,20,98.63,1391639.68,22,10.01,1054.17,444211.04,6.7,9,1,69588.31
21217,39,Female, Delhi ,Savings,141875.24,678,59788.96,33,61.76,1386795.24,46,7.77,48556.31,76868.68,9.9,7,0,32490.2
21218,66,Female,pune,Savings,50446.89,698,23795.38,19,96.14,474740.36,42,15.83,56096.79,162224.7,5.3,5,0,13092.66
21219,51,Female,pune,Savings,20127.25,433,23797.57,10,35.42,759600.08,12,21.38,46228.53,112838.4,2.2,4,0,76833.55
21220,47,Male,hyderabad,Savings,abc,866,105145.76,55,39.22,20665.42,8,9.52,43365.42,456013.42,11.6,4,0,2829.1
21221,28,Female,KOLKATA,Savings,44735.51,867,,10,16.43,951002.13,30,17.33,104201.15,255357.39,10.5,0,0,37193.69
21222,37,Male,delhi,Current,33542.81,381,124311.37,57,43.08,430889.65,33,11.56,82056.68,168989.21,6.2,5,1,14566.68
21223,43,Male,BANGALORE,Savings,abc,,38662.3,31,69.71,701480.07,16,11.79,27464.26,250430.46,3.8,6,0,49011.54
21224,39,Female,hyderabad,Savings,90175.51,555,48137.01,19,71.49,863267.13,56,17.71,41799.33,100396.25,8.9,6,1,18145.57
21225,45,Male,pune,Current,149914.37,694,16594.72,20,78.33,1495029.36,57,20.77,60626.28,422294.83,6.4,0,1,31676.26
21226,38,Female,KOLKATA,Current,119262.42,680,137367.87,74,45.78,1367368.2,53,12.02,46934.7,133561.2,6.3,4,0,28900.49
21227,64,Male, Chennai ,Savings,120352.22,746,,67,46.23,1083587.73,26,17.82,9772.41,136379.91,2.5,7,0,49103.19
21228,41,Female,mumbai,Current,138175.28,560,9999999,31,75.7,18120.47,25,13.6,12929.36,307774.52,3.9,2,0,823.39
21229,21,Male,PUNE,Current,45144.24,484,67890.32,14,20.59,659120.15,57,21.35,30919.12,52873.54,7.5,0,0,14032.32
21230,44,Female,KOLKATA,Savings,156936.5,882,,55,87.81,309861.74,47,15.34,31119.37,284662.16,5.1,6,0,7604.14
21231,59,Female, Delhi ,Savings,89393.44,351,138378.04,9,35.41,1365916.91,41,19.11,118364.41,472157.12,8.3,6,0,39681.55
21232,40,Female,PUNE,Savings,148612.6,637,83459.46,17,27.41,1356143.89,43,16.2,58757.04,464429.83,2.3,1,0,36647.42
21233,56,Female,chennai,Savings,113817.78,590,148714.14,46,50.68,85924.33,26,11.83,66359.45,63505.73,10.3,4,0,3695.74
21234,47,Male, Delhi ,Current,34155.42,466,40513.03,33,86.25,856218.73,49,14.13,102162.77,380602.82,8.1,8,0,19942.91
21235,44,Female,mumbai,Savings,57956.07,729,121470.65,57,74.64,893836.16,6,18.7,71485.53,5578.59,1.2,5,0,176830.59
21236,48,Male,HYDERABAD,Savings,88805.69,871,59713.34,57,25.17,800026.35,18,14.74,8870.92,453834.7,1.4,1,0,50997.24
21237,39,Female,DELHI,Savings,15066.19,350,78198.32,45,23.55,1264313.41,59,20.65,95275.24,399431.65,3.9,2,0,25854.14
21238,27,Male,hyderabad,Savings,114835.85,741,68944.6,17,66.56,661218.55,42,11.1,114024.03,13244.79,2.0,0,1,17490.8
21239,45,Male,PUNE,Savings,30113.87,878,41810.16,60,34.21,1339533.15,17,7.95,86441.82,293937.05,3.3,0,0,85060.36
21240,20,Male,PUNE,Savings,111076.61,654,,7,55.91,500456.95,33,14.8,56669.21,253343.89,6.5,3,0,17409.84
21241,57,Male,HYDERABAD,Current,196930.62,460,144552.98,19,78.01,873036.86,9,14.2,6172.75,109072.75,7.5,3,0,110778.68
21242,41,Male, Delhi ,Savings,183456.74,584,130232.7,11,43.05,1351021.79,6,9.07,68774.43,342598.6,1.8,9,0,245593.24
21243,29,Female, Hyderabad ,Savings,134284.27,794,144112.88,18,42.77,172000.91,50,17.26,98670.86,249921.52,10.8,4,0,4033.77
21244,53,Male,hyderabad,Current,27146.3,843,34804.86,24,25.94,412276.11,33,11.51,78398.71,71728.71,11.9,2,0,13931.18
21245,64,Female,hyderabad,Savings,92692.61,868,21572.21,60,52.91,873283.62,35,8.88,88225.14,302187.63,11.8,0,0,27166.61
21246,36,Female, Mumbai ,Savings,,546,117960.67,8,29.33,1483318.24,46,17.84,67655.37,260059.27,8.1,6,0,37998.74
21247,49,Female, Hyderabad ,Savings,52305.64,593,,63,42.48,813144.94,57,7.92,44561.5,166465.23,2.0,8,0,15395.54
21248,50,Female, Bangalore ,Savings,173051.14,761,58270.75,48,91.98,713752.13,21,17.7,5103.27,498851.15,4.3,7,1,40004.11
21249,33,Female,chennai,Current,81333.51,787,120400.17,66,84.21,1194347.96,36,19.38,2605.88,90018.68,1.8,0,0,39605.91
21250,62,Female,bangalore,Savings,63585.65,878,95045.79,41,23.91,1189716.0,50,18.57,NaN,260156.34,10.5,4,0,28212.93
21251,60,Female, Delhi ,Savings,156891.84,724,126455.13,37,57.54,308224.49,35,15.88,90638.29,486634.06,2.4,3,0,10204.87
21252,54,Male, Hyderabad ,Current,48252.7,413,51142.58,14,91.38,1011314.03,26,17.47,4842.0,466625.33,11.3,1,0,45691.95
21253,48,Male,CHENNAI,Savings,141956.46,359,9999999,24,84.51,1308309.09,33,19.69,45833.36,51117.92,1.3,9,0,47451.97
21254,33,Male,BANGALORE,Savings,71449.98,825,130694.09,58,72.94,1336863.88,48,20.8,,313208.49,3.5,3,0,33644.41
21255,33,Female,CHENNAI,Savings,,602,79429.77,69,65.87,426785.24,54,10.95,54552.7,341155.62,9.8,5,0,8768.86
21256,29,Male, Kolkata ,Savings,90755.68,681,57170.41,41,44.51,1479308.8,44,10.22,66923.48,186921.65,7.8,7,0,37056.69
21257,27,Male,kolkata,Savings,178954.49,698,67794.23,27,64.83,1120295.94,27,17.64,4603.34,357879.71,7.9,9,1,48811.71
21258,53,Female,hyderabad,Savings,54557.03,362,107522.0,8,64.1,786924.68,41,20.99,20119.79,435506.03,6.0,6,0,23221.96
21259,34,Male, Pune ,Savings,181592.09,881,102534.38,57,83.52,189357.66,34,19.27,39526.67,357409.04,7.4,5,0,6642.56
21260,67,Male,KOLKATA,Savings,30206.82,572,30053.79,19,79.72,1217987.92,58,10.93,112981.98,135680.98,6.6,5,0,23295.07
21261,50,Male,kolkata,Current,23607.82,548,145816.9,23,84.72,419838.92,49,20.37,45654.55,166991.75,6.0,1,0,10313.47
21262,30,Male,PUNE,Savings,198420.92,729,128951.72,69,18.95,1088929.04,53,17.38,31733.41,51810.13,5.5,8,0,24116.7
21263,32,Female,kolkata,Savings,88532.4,355,65920.73,28,98.39,544449.8,41,8.6,45092.93,257994.04,1.9,8,0,14421.28
21264,29,Male,delhi,Current,113080.42,439,15203.57,14,75.3,764546.34,16,17.04,46739.66,455101.66,11.4,8,0,55926.56
21265,47,Female,DELHI,Current,39018.02,803,133273.03,65,86.88,1127780.42,37,12.02,62426.83,170579.13,2.5,6,0,34144.31
21266,53,Male,pune,Savings,188681.7,899,67797.03,51,42.54,922403.97,37,14.82,31441.4,294766.93,8.3,4,0,28624.44
21267,36,Male,DELHI,Savings,104637.37,659,96238.21,37,97.66,303884.55,43,19.27,84673.83,13497.63,1.3,0,0,8428.91
21268,34,Female,HYDERABAD,Savings,160704.42,792,27493.18,74,81.45,999064.77,32,20.44,38136.94,439707.29,8.1,3,0,37602.3
21269,63,Male,CHENNAI,Current,133682.01,370,26520.89,13,39.75,70313.84,43,17.38,103739.51,390454.01,9.0,6,1,1919.4
21270,39,Female,BANGALORE,Savings,51462.34,577,48409.68,16,13.24,1204472.98,7,16.83,86894.59,441346.62,5.9,2,0,201026.54
21271,69,Female, Hyderabad ,Savings,132526.65,842,112702.38,42,42.88,1210104.92,57,9.6,,194922.82,8.1,1,0,23267.98
21272,43,Female,CHENNAI,Savings,abc,380,122469.33,55,71.97,400530.6,6,10.12,97426.42,234386.23,11.3,3,0,73510.72
21273,52,Male,MUMBAI,Savings,136134.17,362,65414.04,13,85.86,821015.76,59,9.48,NaN,477188.33,6.3,9,0,15234.71
21274,28,Male,pune,Savings,111667.51,592,106522.99,24,48.82,109456.6,26,14.99,46702.46,77107.69,8.4,9,0,4840.93
21275,45,Male,HYDERABAD,Savings,27096.25,505,105161.06,10,10.59,790869.98,55,7.09,86187.72,217142.19,0.6,4,0,15398.96
21276,35,Female,KOLKATA,Savings,,407,102636.46,21,48.1,635252.39,13,11.7,46564.14,216346.34,6.5,9,0,54582.84
21277,25,Male, Chennai ,Current,41385.97,718,25215.48,15,43.57,766066.08,42,8.51,110898.98,329099.02,3.7,3,0,19791.86
21278,40,Male,CHENNAI,Savings,71730.97,671,123374.65,61,78.34,456211.25,44,11.71,29550.7,442662.06,0.6,5,0,11582.58
21279,56,Female, Pune ,Savings,162683.13,761,48545.39,46,19.36,300317.34,49,11.33,46014.28,251001.38,9.2,4,0,6823.33
21280,65,Female,PUNE,Savings,16247.44,861,124726.91,30,26.62,803687.86,7,8.46,109991.95,409519.39,5.7,0,0,124525.69
21281,45,Male,KOLKATA,Savings,54943.44,665,111183.72,52,63.28,385276.33,52,17.31,67279.1,396895.12,2.3,3,0,8691.69
21282,21,Male,KOLKATA,Savings,171681.94,805,134296.93,16,69.21,1188210.92,35,12.66,47231.3,465826.01,4.9,0,0,38246.81
21283,31,Male,mumbai,Current,39982.22,,9999999,72,15.68,1146256.73,44,19.55,73178.51,260907.58,2.9,7,1,31144.32
21284,27,Male,kolkata,Savings,,421,48591.52,57,32.76,127417.33,57,7.28,85521.34,276919.36,7.3,6,1,2398.13
21285,43,Male, Kolkata ,Savings,79588.82,857,140827.04,49,78.89,497396.23,33,8.83,26067.31,112806.29,6.8,5,0,16403.52
21286,32,Female,bangalore,Current,139504.82,882,22063.11,42,35.11,1366324.91,35,20.46,82426.85,306863.01,7.3,1,0,47025.0
21287,31,Male,delhi,Savings,abc,744,96790.84,78,41.53,1480790.16,17,15.77,18470.54,366119.36,8.7,8,0,100841.81
21288,59,Female,pune,Savings,105448.7,489,28404.15,12,96.13,507044.96,17,21.8,84166.46,211806.14,6.6,0,1,36328.28
21289,26,Male,kolkata,Savings,119668.47,,6149.3,24,39.03,1162415.97,31,14.96,103758.82,88923.74,11.7,3,0,43106.88
21290,58,Female,pune,Current,191546.33,872,53923.29,23,45.13,886731.32,8,20.19,109994.42,307994.42,11.5,2,0,133220.3
21291,56,Male, Bangalore ,Savings,146090.75,424,60903.17,18,88.91,1039422.97,44,10.47,27364.54,428840.57,10.9,6,0,26096.6
21292,38,Male, Chennai ,Savings,77538.41,666,136504.32,11,56.85,1172020.63,34,16.57,3595.75,181232.11,11.9,8,0,40183.07
21293,48,Female,delhi,Savings,162890.0,,68509.2,11,91.77,637460.09,30,16.02,,121089.26,7.5,1,0,24652.71
21294,57,Male, Kolkata ,Savings,78679.33,633,49097.79,14,25.32,580730.84,59,16.64,49197.13,407371.77,4.4,6,0,11480.75
21295,38,Female,BANGALORE,Savings,41584.84,848,,78,59.68,860039.48,6,13.49,117160.73,408873.06,0.8,1,0,162676.47
21296,58,Female,kolkata,Savings,66667.94,702,14139.13,54,52.13,73276.65,20,19.97,27727.54,274934.13,5.5,8,1,4395.5
21297,34,Male,pune,Savings,84980.33,363,22410.57,9,76.82,1030171.16,9,7.05,63057.05,318328.37,3.1,9,0,122533.14
21298,50,Male, Hyderabad ,Savings,107934.1,1200,138638.07,39,68.82,1072457.47,31,18.94,25775.67,6648.41,3.8,1,1,41147.77
21299,43,Female,CHENNAI,Savings,69809.39,739,116802.62,79,80.29,715957.12,9,9.43,82684.79,239841.02,6.8,1,0,87052.43
21300,21,Female, Pune ,Current,159929.38,717,143875.49,22,16.97,868959.96,25,20.75,41808.84,114366.76,8.5,1,0,41970.77
21301,39,Male,MUMBAI,Savings,90586.53,703,9999999,5,93.95,817834.39,16,13.22,12207.02,350999.89,8.6,8,0,57872.01
21302,23,Female,HYDERABAD,Savings,190174.42,493,138073.81,25,19.93,131469.56,14,10.12,100256.35,400302.85,7.7,5,1,10341.02
21303,51,Male,KOLKATA,Savings,186786.6,500,125121.0,66,36.15,174497.59,35,8.47,14362.46,459.02,3.5,7,0,5407.93
21304,26,Female,kolkata,Savings,166495.99,366,88715.93,18,31.72,778816.37,53,13.45,18730.51,71202.05,8.1,4,0,16671.08
21305,47,Male,HYDERABAD,Savings,abc,,145258.34,30,82.62,1309561.81,6,21.96,2354.17,50309.32,7.9,0,0,266190.26
21306,31,Female, Hyderabad ,Current,59764.36,495,143667.81,41,32.15,1138209.68,57,20.66,9589.07,30972.78,7.6,4,0,24094.1
21307,65,Female,bangalore,Savings,39521.42,791,135229.49,11,32.35,282108.27,24,13.34,94408.46,405224.31,6.5,6,0,13322.56
21308,64,Female, Kolkata ,Savings,,363,2251.61,45,81.21,648043.91,54,16.61,,107904.47,11.1,7,0,13994.15
21309,66,Female,PUNE,Savings,125541.9,613,82412.18,39,14.12,1392625.61,30,12.91,NaN,464644.74,7.6,5,0,52413.79
21310,57,Male,PUNE,Savings,57858.33,761,142241.89,10,33.46,1304092.94,41,10.88,23140.98,149676.34,8.5,3,0,35267.76
21311,61,Female,MUMBAI,Savings,152357.55,545,46645.51,8,29.62,524447.7,38,21.57,20879.72,297028.08,1.2,8,0,16778.19
21312,66,Female,kolkata,Savings,126316.01,717,113879.84,28,89.3,1008869.76,37,8.78,106583.52,368008.82,1.5,0,0,29660.77
21313,56,Male, Chennai ,Current,46063.89,631,92630.24,22,91.38,774126.1,27,18.13,38941.41,422307.83,3.4,2,1,33869.45
21314,47,Male, Chennai ,Savings,41568.31,718,92042.54,20,55.91,1286819.85,26,16.44,88315.63,183484.4,11.2,2,0,57629.73
21315,51,Female, Hyderabad ,Savings,113330.92,828,86565.38,16,82.45,426001.24,11,20.73,24169.34,110221.07,7.1,4,0,46755.57
21316,30,Female,HYDERABAD,Current,177153.04,363,24763.33,66,66.24,1342278.96,11,12.28,2418.53,406898.24,8.6,5,0,137010.07
21317,58,Female,KOLKATA,Savings,32330.03,762,4550.41,30,85.37,188345.62,53,10.07,39672.13,391061.01,9.9,0,0,3911.55
21318,29,Female,mumbai,Savings,157919.83,815,35432.0,76,15.23,95272.33,28,18.61,23985.3,357392.26,7.7,0,0,4035.8
21319,19,Male,bangalore,Savings,114987.66,708,123459.85,50,38.53,117477.86,48,19.61,4628.69,400045.2,0.5,0,0,2927.4
21320,39,Female,KOLKATA,Savings,191157.82,400,12457.65,57,62.82,902187.47,15,8.55,107240.42,234623.36,9.4,5,0,65288.3
21321,45,Male, Hyderabad ,Savings,154715.38,586,7517.29,5,22.78,775846.31,34,17.6,104746.21,184926.31,7.6,2,0,26835.15
21322,59,Female, Kolkata ,Savings,31585.98,467,54584.77,56,10.29,1423906.3,18,8.92,26870.9,327295.76,9.2,0,0,86162.15
21323,46,Female, Pune ,Savings,198550.38,369,101478.8,24,60.09,1264346.62,27,11.84,90442.8,456362.71,6.6,8,0,52372.05
21324,51,Female,hyderabad,Savings,117289.49,801,40260.03,66,95.34,66214.68,17,21.48,97106.02,77542.23,7.5,8,0,4731.62
21325,19,Male,HYDERABAD,Savings,185565.41,536,108667.05,12,42.87,573952.76,47,9.86,34685.81,448473.15,4.0,4,0,13415.84
21326,30,Male,mumbai,Savings,92155.6,467,119019.84,49,29.97,449372.48,18,12.34,75457.13,52074.77,11.5,3,0,28045.84
21327,43,Male, Hyderabad ,Savings,23891.62,456,58292.68,53,43.9,1407234.82,51,18.13,81017.64,23410.02,11.3,0,0,32595.42
21328,24,Female,HYDERABAD,Savings,,445,120982.0,75,37.86,936732.76,24,17.71,11835.47,84313.73,9.1,1,0,45942.84
21329,65,Male,MUMBAI,Savings,61838.81,557,53322.8,72,48.77,1025381.0,34,17.91,15775.38,353921.97,9.9,9,0,35559.61
21330,53,Male,bangalore,Current,67235.2,452,67961.46,76,79.91,1491767.52,31,8.73,8771.48,95300.51,8.5,7,0,52322.54
21331,28,Female,KOLKATA,Savings,184081.61,521,141369.78,45,57.96,459171.1,50,20.7,104248.41,332026.5,9.7,4,0,11084.39
21332,63,Male,hyderabad,Current,192242.04,417,112288.24,26,85.09,854018.24,32,14.71,16940.53,20899.91,7.4,1,0,30613.89
21333,43,Male,chennai,Savings,157576.89,575,119811.81,16,38.61,1437914.91,12,16.76,8844.63,311713.69,8.6,2,0,139909.12
21334,37,Male, Kolkata ,Savings,171324.69,863,149008.01,25,98.6,683145.32,8,17.84,39827.28,96348.03,11.8,9,1,100627.31
21335,40,Female,PUNE,Current,136799.82,746,61760.55,5,38.87,614344.71,12,17.58,118189.39,83095.56,10.7,4,0,60195.54
21336,35,Male, Mumbai ,Current,112808.36,839,12232.24,43,52.59,232790.1,30,17.37,52586.6,235265.2,3.5,2,1,9107.52
21337,66,Female,PUNE,Savings,55145.59,398,98244.09,20,72.27,523129.11,27,16.33,,435194.92,5.4,5,0,22539.11
21338,56,Male, Kolkata ,Savings,64317.91,856,58817.39,28,85.78,43766.43,29,18.08,28334.62,254726.17,6.6,1,0,1782.05
21339,47,Male, Hyderabad ,Savings,181290.65,,133381.77,49,77.05,203826.19,24,14.97,117301.44,39443.35,7.8,6,1,9764.12
21340,50,Female,kolkata,Savings,151151.3,727,,76,60.42,1006121.78,43,9.77,30976.73,88890.37,1.3,3,0,25684.18
21341,24,Female,mumbai,Savings,88128.04,822,76164.28,68,78.14,867673.85,55,18.66,12092.17,48859.14,8.6,8,0,18719.67
21342,34,Female,MUMBAI,Savings,,832,9999999,41,31.89,1156800.29,25,19.18,83538.76,86626.01,1.9,7,0,55146.98
21343,31,Male,hyderabad,Savings,42708.4,793,66945.18,9,26.84,1415058.75,44,13.11,31931.27,491124.44,10.5,8,0,36376.66
21344,32,Female, Chennai ,Savings,66154.67,550,123740.94,29,47.5,1274109.06,38,21.55,909.37,456245.98,2.9,8,0,40754.73
21345,19,Female,DELHI,Savings,34929.12,377,126785.19,52,20.58,127671.24,54,11.68,107354.08,397995.88,9.8,5,0,2640.43
21346,48,Male,kolkata,Current,76198.99,522,119887.35,22,80.39,269872.96,32,17.56,118438.49,55934.14,5.9,5,0,9914.46
21347,35,Female,hyderabad,Savings,23242.46,608,,10,82.79,494835.73,39,15.56,22676.89,137421.48,11.3,5,0,14662.36
21348,52,Female, Kolkata ,Current,190830.94,764,148523.95,44,82.62,1083528.5,25,8.54,98098.61,142742.57,9.0,7,0,47042.47
21349,51,Male,KOLKATA,Savings,190866.12,1200,97155.81,46,27.43,786550.33,35,7.79,29288.49,438863.34,0.7,9,0,24223.5
21350,69,Female,MUMBAI,Savings,87655.45,734,30677.69,68,89.75,120077.18,54,7.77,30761.54,59935.97,0.8,7,0,2396.43
21351,18,Female,bangalore,Savings,abc,,24483.56,40,13.55,631231.41,51,21.38,59212.06,178273.9,6.3,3,0,15023.31
21352,37,Female,DELHI,Savings,68050.62,896,62752.21,33,53.79,312984.94,13,18.98,11467.12,228493.73,9.1,7,0,28645.34
21353,60,Male,HYDERABAD,Savings,36920.35,638,69055.67,41,33.33,914920.22,19,20.44,53032.91,462286.8,1.4,9,0,57996.31
21354,46,Male, Kolkata ,Savings,164408.84,381,112114.31,21,93.55,916823.16,6,11.06,88700.59,380106.25,8.5,8,0,169703.97
21355,23,Female, Bangalore ,Savings,58250.45,487,124855.93,11,28.2,222549.41,24,13.36,50341.56,21061.98,4.7,9,0,10511.75
21356,38,Female, Hyderabad ,Savings,189202.88,536,57566.63,27,52.0,1487480.96,37,9.57,3915.88,70916.07,2.9,4,0,44049.54
21357,37,Female,delhi,Savings,100965.01,858,95837.49,16,84.82,426027.7,27,18.88,86846.09,282132.9,9.1,9,0,18757.84
21358,58,Female,delhi,Savings,81762.78,732,40085.74,79,83.01,718728.2,20,7.84,27026.09,476868.88,3.0,1,0,38753.82
21359,19,Male,pune,Savings,109832.09,775,26115.74,5,45.03,209302.59,50,14.72,43759.29,464784.73,0.6,4,0,4802.24
21360,63,Male, Hyderabad ,Current,,,85759.1,79,91.22,219237.32,35,17.75,16719.46,45317.51,3.2,3,0,7375.77
21361,33,Female,hyderabad,Current,123600.47,757,96005.33,70,82.43,662651.05,31,7.92,60829.8,116229.76,4.2,2,0,23068.81
21362,33,Male,DELHI,Savings,55878.42,616,93764.21,44,56.15,973214.99,22,18.17,60675.5,430715.68,10.0,4,0,52274.92
21363,35,Male, Hyderabad ,Savings,,568,4457.53,77,84.16,813444.77,46,17.78,76171.57,245599.2,8.1,8,0,20827.72
21364,27,Male,BANGALORE,Savings,119388.15,813,141184.16,72,88.84,292891.69,12,12.75,80866.25,99870.12,7.4,0,0,27519.62
21365,43,Female,chennai,Savings,43596.42,,113892.35,22,98.12,1148681.51,19,8.45,NaN,129066.59,3.8,7,0,65565.53
21366,51,Female, Delhi ,Savings,152935.2,462,137835.9,71,59.52,1299524.45,31,17.35,68319.07,375484.23,9.5,3,0,49193.29
21367,20,Female,kolkata,Current,19757.05,740,149848.7,32,41.76,405463.81,29,9.17,108484.83,430741.7,2.6,1,0,15263.62
21368,56,Female,chennai,Savings,79866.15,447,24545.12,12,48.13,66871.18,46,13.16,19678.34,463883.76,8.8,0,0,1645.03
21369,18,Female,PUNE,Savings,90979.75,470,93419.64,43,69.57,326784.99,11,20.14,7583.19,55755.23,1.1,5,0,35690.86
21370,46,Female,CHENNAI,Savings,17534.86,615,24291.21,12,18.31,148627.68,48,21.63,57375.69,427284.45,3.5,1,0,3766.16
21371,18,Female, Hyderabad ,Current,71768.85,535,95657.56,77,22.47,408465.2,29,19.33,76544.14,187299.53,1.5,1,0,16807.64
21372,26,Male, Pune ,Savings,183049.97,613,139451.0,76,51.5,849655.78,20,21.69,38508.11,435140.74,4.0,3,0,51697.31
21373,24,Female,HYDERABAD,Savings,126407.74,423,88558.12,49,64.34,97740.39,38,7.63,,470474.01,10.2,6,0,2768.37
21374,46,Male,CHENNAI,Current,59330.76,359,17689.21,41,86.9,165999.62,45,21.53,90721.23,320780.02,10.1,7,0,4483.1
21375,66,Male,BANGALORE,Savings,abc,404,104830.58,38,21.09,1410191.77,17,14.94,89008.41,346842.24,6.2,9,0,95345.55
21376,46,Male, Hyderabad ,Savings,148193.97,501,140467.15,8,72.67,246885.15,48,10.15,,1658.34,3.5,1,0,5665.5
21377,50,Male,KOLKATA,Savings,89461.25,374,129203.6,39,74.51,1281998.88,59,21.03,119665.93,26326.37,1.6,7,0,26298.36
21378,35,Male,HYDERABAD,Savings,40580.0,381,141607.74,60,32.75,1207197.48,11,7.35,81593.51,174312.6,7.6,6,0,117811.5
21379,39,Female,CHENNAI,Current,190874.89,696,16196.29,32,79.72,1087814.62,52,14.08,70565.08,190432.19,3.7,5,0,23864.98
21380,51,Male, Delhi ,Savings,45333.93,785,135194.32,74,11.03,847454.9,10,7.67,32250.39,398317.92,8.9,1,0,91245.47
21381,25,Female,delhi,Savings,167940.43,780,58873.75,21,79.8,1158418.34,21,13.6,49150.91,284821.68,8.7,9,0,62664.92
21382,22,Male,delhi,Savings,136249.8,875,32489.85,51,34.75,1258370.16,15,9.64,50391.7,141567.88,5.1,6,0,91978.47
21383,23,Female, Kolkata ,Savings,22347.06,666,60406.74,13,67.03,1180588.54,30,16.67,11385.43,22554.52,6.9,3,0,45913.09
21384,65,Female, Delhi ,Current,77354.18,535,14316.54,52,25.3,1314505.72,29,19.56,75982.59,363004.13,11.2,6,0,54193.9
21385,55,Male,mumbai,Savings,164266.54,898,45119.47,57,88.8,550517.17,58,8.69,119532.73,463261.78,5.7,0,0,10316.5
21386,48,Female,CHENNAI,Savings,129389.47,395,86067.15,75,22.01,854396.97,44,7.43,659.2,463433.88,11.1,0,0,20860.88
21387,67,Male, Mumbai ,Current,36994.11,707,3240.7,65,57.47,460117.57,37,20.17,79469.96,480271.88,2.8,9,0,14943.87
21388,47,Female,BANGALORE,Current,54902.03,481,25722.87,18,38.02,1275454.18,45,7.81,68853.58,77786.61,11.5,0,0,30557.05
21389,51,Female,DELHI,Savings,102117.98,444,26798.11,5,48.05,10865.94,56,18.86,105673.84,46253.18,11.8,8,0,230.63
21390,23,Female,CHENNAI,Savings,26303.37,625,105925.46,47,57.88,449151.27,13,12.12,86217.7,207729.34,8.8,8,0,38737.57
21391,42,Male, Hyderabad ,Savings,70347.95,625,122289.56,9,74.7,52170.89,29,20.12,104200.96,22877.2,9.9,9,0,2160.95
21392,18,Male,BANGALORE,Savings,129841.22,721,81537.24,65,71.34,14481.24,32,15.01,20764.09,8532.75,11.2,6,1,520.46
21393,57,Male, Delhi ,Savings,22461.1,652,134531.37,9,18.83,1272133.96,59,16.39,76089.6,314150.94,9.2,7,0,25095.54
21394,34,Female, Mumbai ,Savings,154110.56,838,19243.83,43,78.78,1085774.33,40,21.59,86010.74,373988.72,10.6,3,0,33004.83
21395,34,Female,mumbai,Savings,113302.6,761,137089.76,74,55.07,143900.75,31,20.38,110129.9,354195.51,9.9,3,0,5587.99
21396,30,Female,kolkata,Savings,165714.16,829,122053.47,18,95.31,1354605.07,47,21.77,56666.33,152848.22,7.3,8,0,35095.8
21397,40,Female,bangalore,Savings,150241.61,684,23412.29,8,14.03,1311373.99,16,9.73,47105.34,403754.17,4.0,4,0,89935.67
21398,21,Male,pune,Savings,102299.75,692,55552.35,62,81.89,955338.94,56,16.84,27898.44,245493.3,11.6,2,0,19932.46
21399,38,Male, Delhi ,Current,20345.48,691,49646.27,69,42.36,982186.96,55,10.9,105392.41,27157.68,9.4,4,1,19804.46
21400,22,Male,KOLKATA,Savings,55793.52,453,47168.79,44,53.1,712758.45,43,20.8,91888.98,89666.99,6.8,5,0,20023.54
21401,24,Female, Bangalore ,Savings,57546.42,394,127431.38,13,27.81,776334.66,6,13.03,93796.01,469756.62,11.4,2,1,146248.51
21402,55,Female,PUNE,Savings,131475.19,825,32948.43,27,11.81,649929.0,26,11.91,,204380.12,11.2,7,0,27974.44
21403,32,Male,mumbai,Savings,116462.08,425,49832.03,58,10.93,1335840.14,41,7.68,57795.75,392435.07,6.9,0,0,35083.72
21404,24,Male,mumbai,Savings,53117.08,614,,57,38.82,1493795.34,10,8.44,97644.44,162046.2,2.7,5,0,161987.17
21405,25,Female, Hyderabad ,Savings,25390.39,623,93640.24,14,93.53,533927.23,45,20.47,104361.83,207713.55,3.4,2,0,14293.83
21406,24,Male,DELHI,Savings,146785.01,595,84379.18,25,61.39,570729.14,36,17.25,95282.39,288058.58,8.8,6,0,18588.33
21407,65,Female, Chennai ,Savings,177370.54,666,126654.57,53,89.12,1152132.43,59,17.39,85253.83,299317.33,6.0,3,0,22923.53
21408,55,Female,hyderabad,Savings,170462.13,662,120410.78,22,29.82,289954.35,33,7.88,12535.43,155493.2,7.5,1,0,9478.87
21409,51,Male, Pune ,Savings,148686.55,386,138129.35,27,24.66,1174228.0,45,19.2,65414.28,333039.99,3.9,1,0,31104.0
21410,64,Male, Pune ,Savings,abc,839,66655.12,26,55.33,304972.78,58,16.4,100744.81,92522.33,1.8,5,0,6120.49
21411,29,Male, Chennai ,Savings,36921.71,441,44004.11,29,83.8,635848.3,47,19.55,29462.47,166142.55,8.1,8,0,16173.55
21412,42,Male,HYDERABAD,Current,150631.22,647,101299.98,49,31.5,74286.61,42,13.27,45938.36,59399.1,10.1,3,0,2003.44
21413,66,Female, Chennai ,Current,,643,28445.73,63,50.36,933710.62,27,18.08,85903.15,496404.24,6.7,0,0,40834.28
21414,33,Female,delhi,Savings,61698.19,364,30842.16,77,42.81,1050659.06,14,11.76,,66074.32,6.7,6,0,83872.61
21415,63,Male,mumbai,Savings,108819.28,709,123405.62,15,36.43,677657.95,48,21.34,106924.72,462794.92,9.3,2,0,17130.63
21416,61,Male,hyderabad,Savings,188227.96,376,111262.11,33,80.66,388982.78,31,18.58,2915.01,204176.73,7.2,7,0,14879.22
21417,33,Female, Bangalore ,Savings,36239.07,650,22562.23,68,68.84,1417422.95,16,11.83,,490729.54,11.2,3,1,99069.01
21418,33,Male,delhi,Savings,125321.71,626,20975.82,75,68.39,1124609.29,9,13.79,62682.44,45460.07,0.7,9,0,142188.1
21419,19,Male, Pune ,Current,185431.17,539,140735.84,40,50.76,495322.7,55,19.23,57551.08,327317.28,4.9,8,0,10737.7
21420,25,Male,MUMBAI,Savings,77508.28,768,140913.8,46,81.36,244239.48,52,18.01,28657.48,427046.95,4.4,1,0,5542.83
21421,51,Male,kolkata,Savings,198439.04,369,,20,90.41,219170.8,28,12.44,14365.67,304379.76,3.1,0,1,8801.27
21422,47,Female, Hyderabad ,Current,,894,115912.92,65,18.95,151854.13,53,12.24,21940.13,301175.48,6.2,7,1,3215.87
21423,44,Female,HYDERABAD,Savings,62568.56,,56735.85,56,66.67,1137438.84,6,19.72,36178.44,16674.22,6.5,9,0,226956.96
21424,45,Female,pune,Current,23000.19,684,,70,93.96,719291.01,22,20.35,83426.51,400920.62,1.8,0,0,39348.49
21425,65,Female,mumbai,Savings,62712.45,688,18060.96,61,79.61,846427.63,49,7.7,90570.43,29140.41,6.9,3,1,18604.13
21426,64,Female, Hyderabad ,Savings,105933.52,687,80981.91,23,20.47,1064978.45,52,14.9,117317.8,143550.56,0.9,5,0,23531.93
21427,32,Male, Hyderabad ,Current,101277.43,783,48534.24,33,93.11,90343.05,46,15.73,23113.45,368109.09,1.4,4,1,2272.91
21428,21,Female,hyderabad,Savings,183775.65,603,100133.71,73,61.27,1001394.84,10,19.64,56367.22,469662.87,3.6,7,1,119806.88
21429,45,Male,PUNE,Savings,67525.01,671,14435.09,7,88.93,1141261.84,17,7.24,3285.41,46748.08,5.6,3,0,71993.48
21430,34,Female,KOLKATA,Savings,36245.66,581,20293.23,10,18.23,474605.08,44,12.38,4088.07,217067.25,0.6,2,0,12121.85
21431,58,Female,MUMBAI,Current,101538.28,798,22478.15,45,25.88,1362385.55,37,14.52,114766.29,253310.58,6.3,2,0,42167.67
21432,30,Female,pune,Savings,110079.22,506,6530.36,10,35.3,1229613.67,30,13.37,13595.81,491293.71,6.6,9,0,46467.1
21433,34,Female,mumbai,Savings,19407.42,740,,9,63.58,825962.79,40,14.15,75734.77,250043.04,5.7,6,1,23570.91
21434,25,Male,delhi,Current,142879.99,,149825.33,35,67.94,570946.77,45,20.07,73036.89,199806.65,5.0,9,0,15234.13
21435,66,Female,KOLKATA,Savings,184052.84,783,131677.77,24,34.05,1062138.73,40,19.82,105395.53,297737.49,3.4,3,1,31816.37
21436,55,Male,MUMBAI,Savings,79097.99,789,66214.6,79,89.96,822794.21,55,20.69,NaN,490740.09,5.5,2,1,18055.1
21437,25,Male,MUMBAI,Savings,119461.24,597,130279.71,54,86.8,607614.1,41,8.62,73299.8,256691.51,11.0,7,0,16097.33
21438,66,Male,CHENNAI,Savings,182620.57,571,72351.03,35,74.36,1358823.84,24,14.19,90712.94,269431.71,8.3,0,0,64651.71
21439,66,Female,pune,Savings,157577.85,658,71549.09,25,13.26,1093668.42,13,10.86,78330.23,79922.82,6.2,2,0,93264.68
21440,31,Male,mumbai,Savings,120509.03,729,15847.91,40,51.59,1000677.37,53,8.64,,78667.34,8.6,2,0,20512.0
21441,29,Male,MUMBAI,Savings,35842.27,,79785.15,27,80.99,241127.3,55,20.65,112397.46,34139.88,6.9,1,1,5289.46
21442,36,Male,bangalore,Savings,53525.12,522,102828.46,10,92.12,1106815.33,8,8.37,46621.98,374295.7,10.2,4,0,149931.97
21443,27,Female,chennai,Savings,83827.14,516,43886.09,72,92.78,883839.85,19,18.41,75530.98,5714.47,3.8,7,0,55081.83
21444,62,Male,HYDERABAD,Current,128061.96,673,3904.57,50,48.31,771685.17,30,19.09,858.5,164747.43,12.0,2,0,30633.33
21445,27,Female,KOLKATA,Savings,54849.67,814,2007.79,10,11.09,906283.7,8,18.07,79461.75,368241.5,10.6,1,0,133756.15
21446,20,Male,CHENNAI,Savings,29808.36,563,144839.21,18,25.71,1038747.06,16,16.57,,158186.6,6.3,7,0,75679.22
21447,51,Male,BANGALORE,Savings,194616.3,674,40865.96,26,42.73,1416831.83,37,8.83,77180.42,474084.18,8.9,5,0,41674.0
21448,22,Female,pune,Savings,164989.12,440,133645.07,72,71.98,539370.45,54,8.11,71875.15,69566.82,3.5,3,0,10798.4
21449,20,Female,PUNE,Savings,137429.53,607,59091.22,10,41.6,779925.01,24,19.26,43790.16,324118.38,11.2,1,1,38755.77
21450,48,Male,MUMBAI,Savings,148968.97,848,49830.87,46,84.76,249738.22,6,21.31,57973.17,291579.06,9.6,7,0,50492.91
21451,42,Female,kolkata,Savings,172343.72,677,128712.36,40,34.95,249017.86,48,21.79,119008.96,4259.55,1.8,8,0,6318.31
21452,23,Female,pune,Savings,178356.51,376,24615.03,63,63.84,870897.22,17,12.7,,474803.65,10.0,7,0,57735.36
21453,20,Female, Bangalore ,Savings,42168.34,496,79623.65,74,33.02,985106.65,57,16.37,15085.6,306971.25,3.1,7,0,20111.73
21454,67,Male,chennai,Savings,60261.72,591,59281.42,48,48.96,348410.86,18,10.39,66593.67,265288.91,3.2,6,0,21367.26
21455,26,Female,PUNE,Savings,194952.0,797,145721.7,51,83.76,237850.55,59,14.62,NaN,160397.18,2.9,4,0,4620.75
21456,20,Female,pune,Current,94095.7,816,92758.62,41,65.2,344664.38,44,16.31,93776.56,482003.0,2.9,2,1,9110.89
21457,42,Female, Kolkata ,Savings,40423.55,683,108586.04,56,86.17,535750.64,9,18.13,52601.26,307805.61,11.1,8,1,70320.25
21458,42,Male,MUMBAI,Current,141220.53,488,14571.41,73,54.33,1268594.44,28,7.43,83973.03,85639.02,10.4,3,0,48673.25
21459,67,Female, Mumbai ,Current,102606.72,879,57696.65,54,64.82,1486355.84,41,8.24,44440.07,376352.02,10.5,6,1,39239.79
21460,64,Female, Kolkata ,Savings,65841.65,671,60433.34,34,20.53,1197493.17,49,19.42,77208.11,228187.08,1.9,1,0,29184.62
21461,56,Female, Chennai ,Current,79275.82,882,5134.24,5,49.07,1042485.99,42,11.2,40559.46,262938.03,11.1,4,0,27601.06
21462,28,Male,pune,Savings,146831.77,580,118131.52,75,93.51,471513.87,30,20.3,12041.83,120765.96,5.8,5,0,18907.71
21463,43,Male,MUMBAI,Current,67262.19,544,141083.83,43,52.18,704665.43,13,16.23,41755.97,75541.89,2.1,4,0,63002.51
21464,25,Female, Mumbai ,Current,181438.57,719,119015.71,47,77.02,1358328.52,34,11.49,47150.5,129813.01,7.0,2,0,44541.19
21465,41,Female,HYDERABAD,Savings,45433.96,562,107043.53,38,43.89,779902.09,47,17.6,,96787.38,8.4,2,1,19514.15
21466,37,Female, Delhi ,Savings,162168.39,570,51209.84,24,75.47,241794.41,52,21.16,24292.14,288980.93,3.3,3,0,5633.81
21467,20,Male,MUMBAI,Savings,58478.91,,47683.23,65,18.9,644426.38,12,13.09,12585.1,13249.96,7.9,0,0,60731.82
21468,27,Female,DELHI,Savings,193263.24,786,12185.84,44,18.53,944161.47,20,13.68,,123086.24,4.0,9,1,53666.14
21469,55,Female,chennai,Savings,18851.88,753,22353.21,38,17.23,734146.53,57,18.15,20561.74,223676.83,2.7,2,0,15217.44
21470,61,Male,MUMBAI,Savings,49972.98,847,27757.06,70,46.12,1325665.58,37,14.51,19192.76,220085.96,7.6,2,0,41027.56
21471,39,Female,CHENNAI,Savings,20789.75,898,86067.62,29,79.2,1038828.71,53,20.42,14838.09,34482.29,7.1,6,0,23602.97
21472,65,Female,CHENNAI,Savings,167127.84,434,43507.15,50,11.22,959048.71,36,8.38,104322.7,398661.64,6.1,9,0,28872.69
21473,26,Female,HYDERABAD,Savings,77095.67,640,73133.61,17,98.75,135749.93,52,16.52,80638.32,66749.72,8.6,1,1,3041.84
21474,49,Female,bangalore,Current,93709.97,721,3872.26,34,25.79,1016218.57,31,20.28,16209.02,478878.61,3.4,9,0,39429.28
21475,45,Female,MUMBAI,Savings,60798.23,692,120915.98,52,87.96,269513.85,8,7.54,8637.6,302076.96,10.3,6,0,36229.4
21476,20,Male, Kolkata ,Savings,75545.13,816,2298.04,9,25.29,615454.59,22,12.04,57790.2,170555.92,10.5,4,0,31343.42
21477,39,Female, Delhi ,Savings,184944.91,372,106722.42,51,90.65,606189.62,7,10.77,93317.01,323004.72,7.3,6,0,95925.18
21478,42,Female,chennai,Savings,146176.17,548,22922.19,65,78.81,702834.13,26,20.06,30121.96,384247.44,9.4,7,0,32454.72
21479,21,Male, Mumbai ,Savings,,505,35603.31,11,27.7,1013188.63,36,19.8,1685.26,152913.09,9.1,4,0,33716.67
21480,40,Male,delhi,Savings,20230.45,542,20707.2,7,49.91,477522.81,8,17.94,115927.09,421091.33,4.2,9,0,70398.8
21481,47,Male, Chennai ,Savings,33683.23,512,45770.31,63,44.19,1246331.66,9,15.31,2972.33,386898.12,7.1,4,0,159682.78
21482,59,Male,bangalore,Current,,606,130157.24,39,97.7,416446.0,38,14.15,49740.84,452840.19,6.6,7,0,12509.82
21483,53,Female,kolkata,Current,67180.66,734,103443.22,22,45.63,1051464.6,23,17.26,100478.44,188201.19,7.3,4,0,53606.41
21484,43,Female,BANGALORE,Savings,135306.52,,45440.96,25,33.23,1026234.49,47,10.76,4510.35,321950.56,7.0,9,0,24184.2
21485,48,Male, Kolkata ,Savings,125950.86,894,133350.32,65,41.18,496758.44,56,19.35,50691.22,159370.23,7.5,5,0,10587.16
21486,26,Male,MUMBAI,Savings,45065.48,656,20422.48,36,62.48,1382629.98,19,16.54,72875.58,123914.5,3.6,3,0,84806.16
21487,40,Female, Chennai ,Savings,,462,46981.02,13,74.41,1227485.67,58,17.76,79912.55,263647.8,1.7,3,0,24922.19
21488,24,Male,chennai,Savings,159866.2,877,57611.16,73,66.17,552428.27,22,9.14,61955.48,290405.55,1.3,7,1,27405.46
21489,23,Female,chennai,Current,24329.38,596,16068.3,66,93.82,809021.79,50,14.17,39688.02,289735.31,7.1,9,0,18473.2
21490,41,Female,kolkata,Savings,78958.28,733,21872.85,52,64.08,813762.11,28,9.21,47053.26,334185.18,10.5,7,1,31739.63
21491,50,Male,HYDERABAD,Savings,65221.02,692,29316.74,21,84.3,129323.55,25,11.3,111320.03,125910.56,11.0,9,0,5757.48
21492,61,Female,hyderabad,Savings,167265.12,878,124595.35,75,56.19,795401.19,30,19.04,74998.6,460183.28,5.8,7,0,31561.52
21493,63,Female,bangalore,Current,,,19206.57,8,24.6,1115444.79,57,16.39,14098.81,22715.9,4.5,8,0,22776.6
21494,49,Male,delhi,Current,151673.56,448,,44,39.66,254232.76,59,10.14,NaN,39312.44,7.9,9,0,4745.97
21495,60,Male,PUNE,Savings,149074.81,1200,88759.96,35,65.1,784221.57,39,12.53,28168.35,349939.85,1.8,3,0,22627.81
21496,22,Female,mumbai,Savings,170263.46,745,50436.21,28,63.2,966203.84,14,10.83,78872.92,30603.79,5.9,5,0,76488.84
21497,34,Female, Hyderabad ,Current,64501.05,855,17237.82,11,14.16,1051642.92,57,15.37,113627.3,469352.2,6.3,6,0,21285.62
21498,20,Female,mumbai,Savings,156084.65,420,145005.05,59,13.74,802774.24,15,16.23,3455.1,224071.27,9.3,4,0,62204.3
21499,23,Male,MUMBAI,Savings,153204.15,804,124373.15,64,58.75,455291.82,10,19.03,36878.76,40788.53,2.8,0,0,54193.39
21500,65,Female,DELHI,Current,18913.74,427,94185.4,58,91.48,748412.06,45,7.61,72968.36,261434.36,10.6,3,0,17897.03
21501,40,Male,BANGALORE,Current,102977.31,584,143430.92,52,77.06,648513.95,20,15.41,114298.16,141782.03,9.0,9,0,37422.5
21502,47,Male, Delhi ,Savings,138116.02,864,40961.75,50,48.95,920531.11,44,13.41,61766.69,91315.0,5.0,3,0,23726.69
21503,42,Female,PUNE,Savings,129161.25,606,51469.26,30,69.99,161812.61,52,12.2,6035.1,360977.99,1.6,2,0,3491.42
21504,38,Female,MUMBAI,Current,182299.63,894,31031.84,11,20.49,1266032.6,37,17.77,94479.25,187323.2,11.0,1,0,40297.48
21505,38,Male,KOLKATA,Current,60012.92,887,99123.84,59,55.11,1337709.01,11,20.45,99359.3,329648.48,6.8,6,0,146479.14
21506,66,Female, Mumbai ,Savings,139160.8,504,9699.84,57,65.76,867724.27,14,14.29,20292.95,240472.13,7.4,6,0,70837.29
21507,36,Male, Mumbai ,Savings,130151.81,810,144442.71,59,84.23,373411.58,24,20.59,62481.28,413148.92,2.5,2,0,18762.38
21508,19,Female, Hyderabad ,Current,108420.69,652,23603.66,10,79.22,626971.08,21,16.66,42056.16,330716.17,11.2,2,0,34829.74
21509,32,Female, Hyderabad ,Savings,150719.91,679,93008.14,52,84.8,283618.89,44,13.59,92640.85,256858.11,10.9,7,0,7321.88
21510,42,Female,hyderabad,Savings,77687.93,700,60514.91,10,51.91,390186.69,35,16.76,76937.55,226048.34,7.0,0,0,13016.63
21511,23,Female,BANGALORE,Savings,139494.76,402,99544.96,37,74.01,443994.42,35,11.35,61882.81,331429.39,1.2,0,0,14125.37
21512,59,Female,HYDERABAD,Savings,102326.97,524,15919.9,9,90.92,774475.89,20,7.11,8600.7,90094.35,2.2,6,0,41477.06
21513,50,Male,DELHI,Savings,80666.05,1200,,58,73.77,1284230.49,23,9.2,36489.36,157643.05,6.2,2,0,60973.03
21514,22,Male, Chennai ,Savings,57155.65,789,2737.23,30,39.18,1436636.07,18,15.45,74138.58,469379.99,2.3,8,0,92144.24
21515,38,Male, Mumbai ,Current,,870,48165.99,7,44.21,1139456.29,12,16.86,3133.07,393996.26,2.9,3,0,110964.05
21516,49,Female,kolkata,Current,179129.49,587,87730.12,61,61.41,693619.79,53,17.39,37655.55,351382.77,9.5,4,0,15363.02
21517,66,Female,KOLKATA,Savings,,518,105656.62,36,91.79,1242385.14,10,16.17,104261.05,386588.76,2.3,8,0,144327.88
21518,62,Female,DELHI,Savings,177456.84,762,99098.44,59,55.06,1183218.0,44,11.19,91541.47,401878.3,6.7,1,0,29900.46
21519,64,Male, Bangalore ,Savings,30639.57,822,101985.13,36,92.96,857378.26,27,15.74,57500.59,271227.39,7.0,4,0,36752.95
21520,50,Female,HYDERABAD,Savings,198107.58,405,37393.69,65,22.73,167697.45,31,9.17,46746.44,237604.5,11.6,3,0,5905.66
21521,47,Male,bangalore,Current,101659.75,453,132162.89,45,24.77,145644.11,44,13.52,10579.24,498639.06,8.8,2,0,3757.62
21522,28,Female,mumbai,Savings,92578.84,461,72805.86,35,20.96,89503.99,51,14.53,78238.12,370311.23,9.2,3,0,2009.98
21523,67,Male,pune,Current,172602.23,894,93601.08,54,81.69,510853.44,15,10.17,93921.67,110438.38,8.5,8,0,37520.48
21524,68,Female,chennai,Savings,36746.69,,28969.8,57,82.62,1135928.38,22,20.52,103023.98,137481.24,10.3,4,1,62228.22
21525,45,Male,kolkata,Savings,27213.54,606,81587.43,60,47.23,1415767.4,47,18.7,110830.99,82041.03,9.8,3,0,35755.66
21526,41,Female, Hyderabad ,Savings,170114.49,881,10719.04,60,55.58,1440908.29,30,17.86,,28072.19,8.2,2,0,56608.48
21527,28,Female, Pune ,Current,55177.58,534,9551.67,50,88.62,232067.42,33,18.87,56638.3,370349.63,7.7,0,1,8359.35
21528,35,Male,MUMBAI,Current,82457.96,455,144496.68,12,14.97,1339179.91,13,20.12,96353.87,466409.53,1.0,0,0,123740.22
21529,58,Female, Bangalore ,Savings,169448.3,575,72188.15,19,17.02,1269347.91,18,13.28,36058.72,471293.96,4.4,1,0,79884.3
21530,39,Male,CHENNAI,Current,131962.17,756,124901.15,51,49.24,76531.19,45,20.05,100955.3,296861.7,11.7,2,0,2041.68
21531,56,Male,chennai,Savings,152438.26,550,,76,75.9,72127.21,28,13.67,51355.75,149125.27,2.8,6,0,2928.11
21532,26,Female,bangalore,Current,,529,86716.78,5,74.82,1110917.66,8,10.49,9649.17,325318.2,8.1,6,0,153431.62
21533,28,Female, Delhi ,Current,55346.43,670,11620.33,51,71.97,34724.38,48,20.83,17190.08,483108.85,4.7,0,0,874.11
21534,21,Male, Delhi ,Savings,100451.49,410,22422.61,35,76.46,52458.15,58,12.56,74600.03,357513.17,7.1,0,1,1018.05
21535,48,Male,DELHI,Savings,18446.28,592,,19,52.5,427458.63,10,10.47,114998.7,239449.95,4.5,4,0,47221.35
21536,20,Female,mumbai,Savings,179844.87,745,9999999,31,55.45,463415.65,23,7.99,108786.51,130025.2,4.9,4,0,21758.37
21537,18,Male, Bangalore ,Savings,180332.59,739,109122.7,61,20.95,278399.81,35,17.12,,358867.3,9.2,0,0,9316.05
21538,67,Female, Pune ,Savings,154239.75,658,14190.75,49,78.29,981421.33,52,14.47,88743.93,185384.5,1.5,2,1,21604.48
21539,55,Male,hyderabad,Savings,54141.49,841,133147.99,37,47.26,1304718.75,23,17.49,24701.88,56288.95,2.2,5,1,66648.44
21540,56,Female,KOLKATA,Savings,142663.7,722,46912.76,17,21.7,1444448.95,57,19.39,NaN,422602.74,6.8,3,1,30254.87
21541,54,Female, Mumbai ,Current,109362.33,827,63346.93,33,74.4,517493.93,12,20.88,51672.57,76379.38,11.9,4,1,52128.89
21542,39,Female, Kolkata ,Savings,102072.53,628,26925.86,25,15.1,1138148.39,26,13.69,88744.14,83353.73,8.2,1,0,49767.73
21543,51,Female,CHENNAI,Savings,95976.2,706,95982.95,14,49.83,1141422.93,41,15.72,49098.18,54274.0,6.5,0,0,32215.97
21544,41,Female,BANGALORE,Savings,17880.22,,27925.71,29,39.46,420812.23,29,19.2,55628.53,495084.54,8.4,4,0,17296.83
21545,23,Female,CHENNAI,Savings,44916.1,381,144865.45,43,79.3,404586.92,28,21.76,13522.37,9224.75,0.8,3,0,17593.75
21546,37,Male,chennai,Savings,23771.74,857,24109.76,19,17.84,747135.84,42,12.86,95332.41,114744.77,5.6,0,0,20076.61
21547,58,Male,CHENNAI,Current,149949.79,575,46843.38,8,89.12,1106989.7,20,11.36,113670.85,73462.35,5.1,5,0,61637.19
21548,20,Male,MUMBAI,Savings,183341.88,490,13593.21,28,74.58,371293.39,28,16.1,97661.06,467077.94,8.3,5,0,15395.42
21549,44,Male,MUMBAI,Savings,41735.44,520,,67,22.71,1233287.29,20,10.44,94423.66,472229.13,7.6,4,0,68102.12
21550,23,Male, Kolkata ,Savings,165812.4,639,93812.15,66,78.16,1380437.8,31,16.64,59442.63,191830.48,8.1,4,0,51940.09
21551,29,Male, Delhi ,Savings,51020.65,720,84075.06,58,19.75,1354611.94,51,11.09,51447.31,425007.51,10.6,4,0,29506.64
21552,65,Female, Bangalore ,Savings,36863.45,539,97984.69,56,15.37,516177.48,22,12.64,25368.96,293516.58,9.7,6,0,26428.29
21553,56,Female, Hyderabad ,Savings,71797.06,855,69871.08,28,70.07,394824.74,17,9.15,102096.09,144182.88,0.8,9,0,25350.07
21554,51,Male,kolkata,Savings,163296.56,470,9820.84,25,47.29,516210.1,50,19.3,45203.94,219043.5,3.5,1,0,12316.77
21555,64,Male,PUNE,Savings,30148.72,807,103121.58,51,49.63,1245071.2,51,15.22,89904.27,72581.5,4.3,0,0,28128.84
21556,38,Male,bangalore,Savings,abc,876,,65,16.18,983027.45,51,15.89,46376.72,77510.95,2.4,0,0,22337.85
21557,21,Female,bangalore,Current,167599.25,712,87849.81,60,75.31,1238369.52,7,21.98,1453.15,60251.49,10.8,2,0,215794.73
21558,22,Female,DELHI,Savings,29974.62,637,18587.35,70,69.2,521106.09,14,21.89,37114.48,468784.12,1.7,6,1,45369.73
21559,24,Female,hyderabad,Savings,173009.22,778,34330.59,52,93.8,409096.24,30,7.05,104959.25,109488.98,9.5,4,0,14597.92
21560,41,Female, Bangalore ,Savings,179849.29,455,87870.64,55,11.72,1155559.4,55,11.92,92937.92,17406.62,9.5,9,0,23514.58
21561,33,Female,chennai,Current,127070.77,565,101313.02,71,48.2,801146.65,30,11.1,93602.26,280646.45,11.4,9,0,29669.13
21562,66,Female, Kolkata ,Current,73074.13,552,75272.62,20,51.58,575981.27,43,14.2,95202.92,84055.93,8.7,5,0,15296.99
21563,47,Female,PUNE,Savings,129181.77,564,64897.8,10,55.96,807266.19,11,17.29,54491.24,398973.58,3.0,2,0,86076.59
21564,54,Female,MUMBAI,Current,147394.61,456,129428.48,47,60.61,434482.89,11,17.32,24009.33,364393.79,9.0,4,1,46339.58
21565,25,Female, Hyderabad ,Savings,41327.18,626,143601.74,66,34.32,1361759.7,40,19.72,91502.49,335558.58,2.4,3,0,40757.47
21566,65,Male,HYDERABAD,Savings,29874.31,884,41630.62,48,17.17,1355434.04,30,18.98,75329.56,41890.7,4.9,0,0,53756.51
21567,56,Female,kolkata,Current,89833.54,403,29674.84,15,48.82,885501.62,33,7.36,22021.18,177863.87,10.3,2,0,28808.32
21568,63,Female,delhi,Savings,120078.35,444,147875.02,11,85.46,1057960.52,12,16.78,75270.92,202784.96,1.1,7,0,102957.19
21569,61,Male, Chennai ,Savings,190929.82,785,13110.3,46,35.37,441215.57,20,16.0,18823.45,216634.81,1.5,3,0,25590.5
21570,24,Male, Bangalore ,Savings,171776.96,433,7708.3,78,68.7,192876.11,56,16.63,103054.93,367752.33,7.8,2,0,4016.99
21571,29,Male,DELHI,Savings,140224.67,653,89236.81,31,95.66,633407.83,16,10.9,31252.4,351220.86,11.6,7,0,43903.08
21572,23,Male, Bangalore ,Current,172616.71,438,101654.2,7,63.51,266319.1,23,8.23,56236.4,7704.02,4.8,3,1,12532.05
21573,66,Male, Hyderabad ,Savings,84181.25,568,70616.08,60,39.87,1021918.24,38,10.55,20033.52,13086.54,2.7,1,0,29729.75
21574,42,Male,HYDERABAD,Current,181701.33,684,79226.66,17,78.49,415186.74,11,8.77,42397.79,416721.57,6.5,4,0,41054.42
21575,47,Male,HYDERABAD,Current,158510.02,,37510.16,52,26.68,353598.61,14,14.07,,347080.67,11.6,5,0,28810.71
21576,28,Female,mumbai,Savings,75211.31,733,,28,99.59,1234140.92,13,17.83,40681.86,167388.24,3.9,8,0,111860.63
21577,47,Male, Hyderabad ,Savings,128426.05,396,90734.64,38,78.48,994143.21,53,15.62,75296.76,343214.0,11.3,9,0,21687.33
21578,69,Female,DELHI,Current,87424.65,848,127826.45,17,34.41,1011552.95,16,7.79,28376.85,222180.87,3.5,4,1,68147.06
21579,68,Female,DELHI,Current,78472.18,609,14003.91,51,61.08,681221.16,48,16.25,NaN,113279.96,8.6,0,1,16498.32
21580,60,Male,chennai,Savings,190201.68,384,48454.93,24,12.1,1412969.26,15,20.69,15554.68,412893.98,7.2,9,0,113687.51
21581,54,Male,KOLKATA,Current,,370,48386.08,7,14.34,537404.0,22,7.72,104800.19,454456.65,5.7,1,0,26313.25
21582,67,Male,chennai,Savings,118943.52,366,38223.97,29,42.96,634872.11,7,13.76,14548.06,267432.58,2.2,4,0,103175.79
21583,43,Female, Hyderabad ,Savings,183434.05,456,103986.03,37,44.19,1473919.03,53,15.11,13386.0,204606.13,7.2,1,0,32011.85
21584,28,Female,DELHI,Current,185432.37,,9999999,44,71.93,793883.19,57,12.92,,232375.78,10.4,1,0,15727.24
21585,40,Female,KOLKATA,Current,34670.69,505,93669.23,19,28.01,227148.41,57,17.73,NaN,457425.08,11.5,5,0,4691.61
21586,34,Male, Delhi ,Savings,33860.7,765,90749.45,21,61.66,294929.82,14,17.16,92507.07,114827.12,11.3,7,0,24681.41
21587,34,Female, Bangalore ,Current,192908.79,400,30350.39,36,86.56,404259.48,7,17.72,89998.04,61137.66,9.5,8,0,67984.89
21588,52,Female,hyderabad,Savings,48572.16,625,40864.9,42,17.4,860797.34,58,20.38,NaN,129781.48,7.6,3,0,17866.0
21589,34,Male,hyderabad,Current,76322.9,597,96222.12,7,44.53,215797.44,20,17.51,93534.78,239957.67,0.8,0,0,12679.18
21590,30,Female,hyderabad,Savings,,793,87067.99,9,54.6,805469.5,12,7.79,44893.25,280571.38,3.2,3,0,72351.3
21591,21,Male,mumbai,Savings,62767.99,384,20897.33,48,81.14,46958.39,10,11.48,102244.39,387391.39,6.1,9,0,5234.92
21592,68,Female, Bangalore ,Savings,196594.31,763,44541.4,42,27.68,363148.09,6,20.16,28058.11,149710.48,2.1,7,0,72726.46
21593,44,Female, Hyderabad ,Savings,103789.21,820,49548.39,43,93.82,569014.28,40,18.66,3517.11,202096.56,7.0,2,0,16879.81
21594,46,Female,mumbai,Savings,129865.87,831,87878.36,52,55.55,1232240.08,51,9.06,7801.38,417224.88,10.4,7,0,26350.61
21595,55,Female, Mumbai ,Savings,178026.74,554,23390.4,47,17.21,48396.75,53,21.9,50722.66,267222.14,3.6,8,0,1113.13
21596,43,Female,HYDERABAD,Current,91377.38,553,79677.53,40,30.33,1031615.6,44,17.59,5468.59,493970.07,2.8,8,0,27569.93
21597,53,Male,DELHI,Current,162269.61,385,70263.21,42,86.39,493683.62,20,18.22,45468.13,388685.4,6.2,9,0,29181.64
21598,40,Female, Bangalore ,Savings,197328.72,739,120955.36,77,31.93,1038768.48,9,14.66,90897.0,429954.41,9.5,4,0,132339.1
21599,26,Female,pune,Savings,157817.84,,137085.36,20,47.99,1367549.15,20,15.33,57356.95,278712.39,3.2,6,1,78859.72
21600,19,Male, Mumbai ,Current,121624.23,651,9999999,47,24.43,317294.27,7,18.58,23788.11,223244.18,7.0,1,0,53749.65
21601,49,Male,pune,Current,156672.77,588,99308.16,40,75.71,954133.63,16,13.75,79767.04,486787.49,6.7,0,0,67832.94
21602,59,Male,MUMBAI,Savings,21307.03,372,15579.83,38,62.35,463613.45,25,9.44,8662.73,176035.21,10.8,9,1,20295.14
21603,64,Female,kolkata,Savings,189376.66,672,54300.94,6,95.34,892173.16,55,15.06,98327.67,171359.55,10.4,8,0,18664.26
21604,48,Female, Kolkata ,Savings,135861.55,686,29180.64,74,16.41,309839.91,49,14.67,80445.13,175946.17,2.9,1,0,7250.89
21605,46,Female,mumbai,Savings,26576.89,829,5620.78,50,65.7,344991.76,10,11.03,69642.47,154604.74,10.2,9,0,38304.44
21606,22,Female,DELHI,Savings,97278.93,588,,79,25.98,477427.26,17,7.37,68924.17,213371.78,10.5,6,1,30153.74
21607,53,Female,chennai,Savings,125304.11,,95476.73,33,65.71,661672.1,28,20.51,33488.42,122186.98,10.0,9,0,28477.89
21608,66,Male, Kolkata ,Current,,531,142066.32,52,80.59,99408.52,10,20.54,82130.4,377366.19,9.3,7,0,11982.7
21609,45,Female,CHENNAI,Savings,40749.59,584,138880.3,65,57.41,1196435.2,8,14.91,28366.91,81609.29,3.1,4,0,171852.96
21610,54,Male,BANGALORE,Savings,140159.75,581,68993.31,39,82.34,518427.54,31,10.95,94524.52,279158.92,10.4,0,0,18554.69
21611,67,Female, Kolkata ,Savings,193227.85,516,98158.41,31,10.0,876179.1,32,20.04,59100.27,202181.75,4.9,0,0,32867.67
21612,57,Female,chennai,Savings,103255.68,650,102234.1,19,89.49,985224.53,12,13.91,54146.66,292020.7,5.4,7,1,93522.44
21613,44,Female, Mumbai ,Current,146974.78,627,115453.22,46,16.25,1335540.35,25,19.66,43214.96,323838.86,2.9,3,0,63924.3
21614,27,Female,delhi,Savings,60151.15,1200,41847.62,29,50.51,109782.09,55,15.17,10565.19,46994.9,11.6,7,0,2298.84
21615,44,Male, Hyderabad ,Current,169890.66,645,16714.18,38,64.24,1092316.27,59,12.12,17713.98,268846.98,10.0,0,0,20757.71
21616,47,Female,MUMBAI,Current,198235.41,455,79311.14,48,19.82,279241.07,33,21.76,49872.76,315252.79,11.9,1,0,10303.15
21617,68,Female,HYDERABAD,Current,136576.72,531,14719.14,16,99.33,432394.59,19,9.7,10338.43,147290.47,3.2,0,0,24965.1
21618,60,Female, Delhi ,Savings,98210.03,427,138724.37,71,58.49,582925.94,33,11.01,40981.79,56210.52,2.9,5,0,19609.28
21619,37,Female,CHENNAI,Savings,39600.76,739,26128.39,76,97.32,1173243.1,44,13.32,83717.53,138452.19,3.0,2,0,30216.34
21620,22,Male,MUMBAI,Savings,184283.55,623,71096.63,51,89.19,1103700.5,58,16.17,17639.84,378125.17,10.2,0,0,22106.36
21621,55,Male, Hyderabad ,Savings,79339.48,364,144733.05,9,39.45,371971.14,12,10.37,26737.61,459047.5,5.9,1,0,34212.05
21622,46,Female,mumbai,Savings,173847.4,859,71668.42,31,66.12,285093.44,48,16.46,65381.27,1093.66,6.2,1,0,6917.08
21623,59,Female,MUMBAI,Current,20773.86,645,4886.29,47,29.94,1342518.91,29,21.08,112079.77,38083.6,9.4,9,0,56052.48
21624,33,Male,bangalore,Savings,88562.56,641,101700.91,6,74.89,649438.64,55,16.98,40213.03,123407.24,11.5,2,0,13812.97
21625,46,Male,pune,Savings,162535.35,459,112074.2,54,41.78,900286.24,59,18.89,12207.86,295556.06,3.1,4,0,18141.53
21626,33,Female, Kolkata ,Savings,42309.4,667,23390.84,74,64.9,76203.21,24,20.53,37630.48,482824.72,6.5,7,0,3826.99
21627,64,Male,BANGALORE,Current,26863.8,597,110963.17,6,56.18,1388941.6,57,15.02,19836.74,133847.03,10.0,1,0,28027.38
21628,42,Male,HYDERABAD,Savings,70206.44,,118798.47,61,60.07,186771.56,17,15.23,20031.94,435222.39,8.1,8,0,12659.82
21629,47,Male, Chennai ,Savings,147286.12,878,25541.17,38,85.25,279006.07,55,7.11,72715.5,4831.83,12.0,7,0,5433.52
21630,19,Female,CHENNAI,Current,,562,22800.25,43,48.72,437388.44,25,15.99,7392.45,349151.45,11.1,9,0,20293.07
21631,37,Female,KOLKATA,Savings,127911.76,758,44248.83,23,51.61,13009.22,49,18.03,114566.41,443287.68,10.5,2,1,313.36
21632,59,Male, Delhi ,Savings,143970.89,823,78131.1,19,19.14,485554.08,43,21.98,102595.95,459297.1,6.9,9,0,13773.93
21633,64,Female, Mumbai ,Savings,30013.24,593,124702.53,65,79.58,511083.88,53,14.4,65408.28,386024.23,10.6,5,0,11031.7
21634,50,Male, Delhi ,Savings,45240.12,485,2026.13,22,35.34,423034.49,41,21.61,13937.76,301921.58,0.5,4,1,12547.62
21635,67,Female, Mumbai ,Savings,abc,1200,80819.51,53,77.38,1379720.46,58,9.88,7738.73,210498.48,10.7,5,1,26138.57
21636,36,Male,KOLKATA,Savings,54072.87,897,11950.28,31,15.18,1439048.24,39,21.56,21869.4,35707.4,9.4,0,0,44854.03
21637,21,Female,CHENNAI,Savings,144084.41,467,94150.51,79,60.05,109561.25,57,17.48,50197.78,309899.29,1.4,3,0,2258.12
21638,50,Male,chennai,Savings,69976.47,514,147544.67,16,83.49,402887.03,31,19.07,79941.6,432306.54,5.7,2,0,15474.76
21639,42,Female,CHENNAI,Savings,131777.36,595,8448.68,59,85.88,888982.14,42,15.0,1997.67,132450.49,1.7,7,1,24341.18
21640,53,Male,HYDERABAD,Current,145927.43,619,136885.72,52,55.14,521787.52,47,12.89,15814.64,21367.15,2.6,0,0,12532.89
21641,67,Male,MUMBAI,Current,155786.89,449,94431.41,49,28.0,436596.7,37,20.35,31270.57,378892.24,6.9,1,0,14201.19
21642,18,Male, Hyderabad ,Savings,168163.24,596,34761.25,7,66.06,6904.84,22,14.94,103295.69,103868.52,11.7,9,0,360.75
21643,33,Male,HYDERABAD,Savings,137392.58,353,81924.49,20,85.7,935875.64,46,12.04,117672.05,96715.4,12.0,4,0,22794.68
21644,42,Female, Pune ,Savings,79400.18,370,119411.12,22,14.49,1091947.92,39,20.22,11922.82,317534.09,8.1,1,1,33659.99
21645,52,Male,chennai,Savings,20582.55,779,27304.52,35,26.22,101809.54,30,14.97,41709.17,48804.95,2.3,3,0,3901.68
21646,28,Female, Mumbai ,Savings,71935.47,361,134349.66,44,40.92,528175.29,46,11.13,100790.1,12194.25,5.9,2,0,12760.03
21647,41,Female,MUMBAI,Savings,145782.52,424,86734.46,45,76.97,696105.68,9,11.42,19280.12,458969.16,2.2,3,0,86177.88
21648,52,Male, Kolkata ,Savings,,418,54028.7,77,47.15,1043865.76,19,12.76,22777.23,304828.77,7.2,3,0,61950.69
21649,38,Female, Hyderabad ,Savings,21560.82,897,7980.77,10,37.82,562217.15,47,18.74,97072.9,83132.97,7.3,5,0,14203.76
21650,21,Male,hyderabad,Savings,50543.77,708,10563.39,56,68.44,898777.0,57,7.45,63931.87,215627.92,10.9,3,1,16942.73
21651,62,Male, Pune ,Savings,38462.15,,5962.63,36,45.38,155865.66,58,20.9,54002.97,109547.24,2.9,2,0,3248.99
21652,31,Female,pune,Savings,38903.52,748,67683.08,60,91.44,986069.52,52,14.11,12110.82,307627.78,8.8,6,0,21638.54
21653,44,Female,chennai,Current,50449.31,879,137548.28,33,60.56,120650.6,47,15.53,8182.52,233698.33,4.9,2,1,2965.69
21654,50,Female, Chennai ,Savings,107103.88,827,49687.6,79,58.78,500286.94,36,9.94,18821.01,79181.3,1.9,2,0,15278.21
21655,33,Male, Bangalore ,Current,85563.26,402,87479.2,41,79.52,840023.56,47,10.92,84290.68,146415.56,7.0,2,0,19824.56
21656,61,Female,kolkata,Current,,685,106844.72,74,51.74,235642.28,49,15.81,88436.08,389305.54,7.3,6,0,5569.33
21657,19,Female,MUMBAI,Savings,18513.82,507,38931.47,50,52.02,22214.94,13,13.05,69231.09,126966.28,7.8,7,0,1931.85
21658,50,Female,kolkata,Current,170715.65,670,115642.87,19,80.56,1213210.33,37,11.7,67457.36,12505.46,7.1,1,0,36625.84
21659,19,Male,bangalore,Savings,120404.6,1200,118133.52,49,76.8,608832.87,36,21.93,55854.0,336870.91,4.0,3,1,20620.83
21660,40,Male, Pune ,Savings,60571.09,732,113166.25,30,67.34,415170.96,43,8.41,10655.22,243688.65,7.2,3,0,10467.14
21661,19,Female,KOLKATA,Savings,164175.29,543,112746.41,24,25.74,385001.16,19,13.12,90532.17,184919.8,5.5,8,0,22921.75
21662,39,Male, Mumbai ,Savings,190835.12,810,99808.46,50,63.48,1471363.42,16,18.34,62550.58,471454.22,3.1,4,0,108825.72
21663,59,Female,HYDERABAD,Current,16337.72,711,57414.79,24,95.63,761666.01,36,13.65,33354.52,451412.26,4.1,1,0,24045.37
21664,54,Male, Pune ,Savings,193943.41,556,11432.46,16,26.75,909924.61,46,17.81,93687.72,60997.67,5.7,4,0,23303.96
21665,32,Male, Mumbai ,Savings,25986.98,546,145447.64,69,90.79,463326.67,35,17.29,70496.51,482361.81,7.4,2,1,15526.74
21666,26,Male,BANGALORE,Savings,38540.13,695,138510.7,41,69.24,672402.48,31,7.8,54289.38,256667.06,4.3,9,0,23382.25
21667,46,Male,kolkata,Savings,85646.32,605,4777.18,32,39.13,7242.91,48,17.41,25328.34,193501.42,6.9,9,1,177.16
21668,37,Female, Mumbai ,Savings,38791.11,700,10588.37,24,69.45,1078716.57,14,15.85,108328.57,465326.99,9.9,1,0,89263.8
21669,21,Female,kolkata,Current,,602,121063.87,14,25.24,1433469.81,26,10.1,110303.34,171119.29,11.1,2,0,60701.93
21670,27,Male,BANGALORE,Savings,128892.26,533,39153.02,45,43.36,144893.3,7,7.91,116108.69,140206.72,2.3,3,0,22336.34
21671,44,Male,pune,Savings,173335.63,800,99243.95,50,36.22,1161765.64,43,16.67,NaN,91511.2,0.6,1,0,31521.67
21672,41,Male, Pune ,Savings,58506.38,640,86269.96,58,31.85,147800.9,52,19.71,103250.63,489108.8,8.6,5,0,3402.55
21673,61,Female,HYDERABAD,Savings,173932.9,702,31992.38,66,73.23,1481239.88,52,15.84,85955.18,269837.23,9.0,5,1,32997.47
21674,19,Female,PUNE,Current,187878.32,517,106390.12,23,52.95,625962.49,37,11.42,103725.76,146227.65,12.0,2,0,18849.93
21675,65,Female,CHENNAI,Current,74416.64,607,22414.88,21,30.76,1332112.59,55,19.83,5345.03,395488.17,2.3,3,0,29023.1
21676,41,Female,HYDERABAD,Savings,,549,7437.89,12,23.44,412954.7,32,14.92,5765.67,373339.9,5.5,7,0,14830.24
21677,45,Male, Hyderabad ,Savings,43198.16,868,29092.2,48,49.59,1395044.07,35,9.87,2517.78,415604.78,1.7,5,0,43792.43
21678,64,Female,MUMBAI,Current,64955.27,578,37956.61,49,89.81,977562.05,42,19.76,1730.97,397306.34,0.6,0,0,27874.48
21679,63,Male,pune,Savings,165226.62,878,66954.53,11,75.93,1452940.04,32,13.96,41963.4,158524.32,2.0,3,0,51742.83
21680,60,Male, Kolkata ,Savings,24991.75,458,50366.94,9,76.07,966909.77,14,9.97,91831.64,308790.91,11.1,7,0,75950.76
21681,36,Male,kolkata,Savings,,708,25052.75,67,98.1,367637.34,35,9.93,93427.05,16430.54,4.4,5,0,11546.96
21682,45,Female,MUMBAI,Savings,196423.41,362,140925.48,45,77.62,226297.73,36,9.55,76109.63,29078.13,7.6,0,1,6886.37
21683,28,Male,BANGALORE,Savings,153415.68,,66807.43,42,57.72,46272.3,23,13.83,114980.25,1587.93,9.8,6,0,2290.08
21684,49,Male,CHENNAI,Current,163946.2,,,26,80.04,958154.63,11,7.59,92228.76,414239.38,6.3,6,0,93716.23
21685,38,Male,delhi,Savings,,808,20271.37,25,43.31,310887.74,57,17.39,41566.51,250623.01,7.4,5,0,6402.65
21686,21,Female, Pune ,Current,30880.66,794,35507.13,61,96.72,214271.24,11,13.23,35275.29,210555.46,9.0,1,0,22056.3
21687,58,Male,kolkata,Savings,104111.94,847,17124.93,28,20.64,867566.4,53,12.7,97698.19,377164.59,9.0,5,0,18448.06
21688,57,Male, Kolkata ,Savings,119333.57,585,71902.36,10,86.41,30090.44,47,9.39,90953.63,191621.5,10.4,4,0,700.34
21689,44,Female, Kolkata ,Current,153563.84,546,59466.19,63,10.35,713738.47,52,14.64,NaN,390397.91,6.6,6,0,15735.19
21690,50,Female,CHENNAI,Savings,64958.54,447,89756.99,20,27.46,202200.55,51,18.4,86540.86,354410.51,7.0,7,0,4694.22
21691,57,Male, Hyderabad ,Savings,20042.26,,39894.39,12,52.15,1458351.15,57,19.6,83716.42,493756.18,3.7,0,0,30599.79
21692,31,Male,kolkata,Savings,91900.95,694,143430.12,77,43.28,151727.85,57,17.35,85594.41,299595.73,8.1,2,0,3123.73
21693,25,Male,CHENNAI,Savings,175520.01,611,145353.24,45,45.22,848972.06,15,15.9,NaN,350677.86,5.0,3,0,65597.24
21694,44,Male,MUMBAI,Current,97813.76,851,94513.02,63,57.33,815509.26,8,16.74,105823.7,382452.21,11.6,0,0,119003.19
21695,64,Female, Hyderabad ,Savings,,735,129621.25,75,38.75,1336691.81,51,20.96,107257.68,391032.74,3.3,6,0,31703.18
21696,42,Male,BANGALORE,Savings,132111.88,403,78479.04,74,50.43,120574.79,9,14.89,37925.32,181019.38,7.4,8,0,15392.04
21697,45,Female,kolkata,Savings,128358.99,731,104537.93,56,35.03,159891.14,46,17.25,110482.14,363817.85,4.5,2,0,4075.49
21698,66,Female, Chennai ,Savings,104636.97,612,45029.01,64,11.28,469642.54,54,7.07,14448.16,135791.06,10.2,9,1,9311.97
21699,35,Female,pune,Savings,187946.34,414,129505.6,68,59.78,1206630.76,13,18.6,27990.88,264742.33,10.7,2,0,110081.85
21700,47,Female,pune,Current,187227.91,513,23579.44,51,33.14,1013720.28,49,7.05,48144.43,291646.55,3.7,1,0,22146.68
21701,47,Female,pune,Savings,19548.94,355,88755.54,24,69.13,166159.79,36,10.35,57180.55,130289.11,2.6,5,0,5093.26
21702,39,Female,kolkata,Savings,171112.28,592,20506.5,9,74.66,444032.5,19,14.52,97263.83,135839.99,8.8,0,0,26763.47
21703,29,Male,DELHI,Savings,130800.29,710,145620.38,18,35.37,1475051.06,18,21.34,17684.95,218945.47,7.6,2,0,99434.83
21704,52,Male,HYDERABAD,Savings,146393.44,871,129089.35,29,49.24,574069.49,34,11.28,40866.09,152340.91,1.0,8,0,18788.96
21705,65,Female, Bangalore ,Savings,62101.49,645,53892.18,5,90.32,378467.98,39,16.52,21746.0,368682.18,1.6,7,0,11307.46
21706,24,Male,chennai,Savings,167130.74,423,7210.18,62,33.57,573431.94,58,21.73,71001.12,215531.35,11.5,1,0,12035.15
21707,23,Male,hyderabad,Savings,197137.04,489,59661.4,53,94.62,1136632.04,42,20.73,15268.81,259236.2,4.2,0,0,32672.76
21708,27,Female,BANGALORE,Current,131431.13,631,138637.58,29,37.85,301666.92,10,20.44,NaN,464864.83,3.8,8,0,36332.76
21709,28,Male, Pune ,Savings,33668.01,780,43988.96,14,32.51,766285.19,17,8.6,70231.37,380605.85,7.7,5,0,48952.1
21710,31,Female,hyderabad,Savings,136631.96,748,9326.53,9,73.86,413077.66,24,20.99,110863.76,399916.72,8.2,7,0,20824.28
21711,19,Female, Pune ,Current,181817.5,654,12712.65,6,62.33,1005929.84,44,16.86,78429.31,195916.19,2.7,9,1,26716.58
21712,53,Female,BANGALORE,Current,,538,26119.33,55,26.94,819823.14,15,11.1,66243.0,201325.66,5.9,4,0,60721.57
21713,23,Female,bangalore,Savings,112540.17,869,3905.01,73,92.8,245221.97,58,12.44,92027.37,477087.52,10.6,7,0,4753.92
21714,22,Male, Bangalore ,Savings,50667.37,1200,54934.32,13,42.13,564639.99,36,19.73,27081.82,203465.0,11.3,0,1,18778.99
21715,29,Female, Pune ,Savings,41770.03,892,92858.81,7,18.51,649543.67,45,12.38,66929.75,484556.01,5.9,5,1,16221.27
21716,68,Male, Hyderabad ,Savings,123598.01,706,10551.07,68,73.57,844277.38,25,9.85,100558.59,354529.6,2.2,7,1,37097.55
21717,66,Female, Hyderabad ,Savings,34013.23,667,43972.77,34,35.16,214978.84,21,16.6,73607.95,327077.68,7.5,8,0,11936.44
21718,36,Male,hyderabad,Savings,97680.18,741,52035.0,42,98.63,1446387.75,58,19.12,78030.06,150438.58,0.5,5,1,29705.81
21719,27,Female,PUNE,Savings,187209.47,886,8318.48,34,54.26,1382742.48,27,12.64,62901.59,166105.45,9.4,3,0,57685.97
21720,22,Male, Chennai ,Current,116331.14,899,125825.76,76,78.96,288616.72,35,7.33,104601.25,46736.28,11.1,7,0,8850.64
21721,45,Female, Bangalore ,Current,70723.79,,95567.01,45,39.15,47633.53,24,20.06,29527.16,98038.79,5.9,7,0,2382.87
21722,66,Male,pune,Savings,51173.33,628,63100.22,56,12.68,1162209.5,51,7.4,8680.65,256298.1,6.3,0,0,24474.76
21723,43,Female, Pune ,Current,150751.93,586,57737.38,44,87.98,212569.32,46,11.61,54576.76,205248.03,0.8,6,0,5157.58
21724,20,Male, Mumbai ,Savings,29339.28,547,34613.15,56,18.81,1118421.48,40,21.79,62813.27,446190.53,2.4,4,0,34053.14
21725,57,Female, Mumbai ,Savings,39543.55,746,76450.74,34,86.79,1263458.46,35,9.57,100362.37,17959.62,1.9,5,0,39553.47
21726,59,Female, Delhi ,Current,125911.83,866,22060.76,31,22.02,771134.88,46,20.5,104721.27,133210.15,1.8,6,0,20200.38
21727,34,Male,KOLKATA,Savings,17929.73,529,96174.28,76,93.63,1226979.76,35,12.62,84385.18,163288.5,2.1,4,0,39480.7
21728,19,Female,delhi,Current,38784.93,580,27431.89,65,86.52,611224.12,54,7.48,26468.48,414718.23,2.9,3,0,12165.62
21729,62,Female, Mumbai ,Current,183023.16,841,66869.41,8,70.46,1232055.46,35,16.06,90633.52,244052.55,10.8,0,0,40854.96
21730,52,Female, Pune ,Savings,135121.47,679,86119.69,27,20.71,982902.05,55,13.72,23217.3,324034.83,2.4,8,0,20322.84
21731,48,Female,kolkata,Savings,33109.42,1200,72068.96,36,37.3,1102137.72,23,10.29,12221.49,457697.84,0.7,2,1,52849.9
21732,23,Male,bangalore,Current,164257.69,1200,119500.92,63,80.47,423332.34,50,7.61,99182.8,313489.77,2.6,5,0,9110.96
21733,64,Male, Delhi ,Savings,182746.7,744,9999999,12,90.44,74755.75,13,13.72,91762.55,483767.95,2.1,2,0,6539.4
21734,56,Female,bangalore,Savings,39901.02,612,142035.12,40,15.12,806846.55,22,10.32,118919.19,252296.13,2.3,2,0,40459.69
21735,44,Female,KOLKATA,Savings,113318.58,407,56593.34,46,95.17,768821.6,42,16.14,19725.39,251390.72,11.6,6,0,21259.75
21736,29,Male,hyderabad,Savings,103374.46,402,98436.9,77,71.8,1346033.54,35,8.47,98994.09,244856.7,5.1,7,0,41715.5
21737,21,Male,kolkata,Savings,,719,22260.14,49,72.23,1051300.43,45,15.98,,300560.3,10.1,7,0,27095.52
21738,51,Female,hyderabad,Savings,133957.07,650,68307.69,46,45.44,1096882.18,11,9.07,82857.48,3900.45,2.5,5,0,108760.85
21739,42,Male,KOLKATA,Current,138594.2,645,9999999,51,48.39,1082440.94,52,17.41,,193665.11,1.2,6,0,24440.27
21740,67,Male, Pune ,Savings,40989.83,645,74991.58,14,43.1,1183887.0,9,7.76,51598.25,438386.07,11.9,2,0,141750.74
21741,68,Female,mumbai,Savings,88087.25,463,64567.7,61,83.45,1157741.09,8,7.56,8137.04,122147.71,4.4,5,0,155658.29
21742,32,Female,CHENNAI,Savings,abc,845,27645.6,18,94.44,468794.56,53,12.25,106670.34,359970.57,11.0,2,0,9928.71
21743,67,Male,delhi,Savings,152539.43,726,,70,84.0,1464161.64,18,10.85,40120.05,86759.79,4.6,4,0,90167.95
21744,35,Male,PUNE,Savings,abc,802,26308.79,64,94.68,61942.86,35,13.82,106218.51,305204.0,0.7,9,1,2014.38
21745,50,Female, Chennai ,Savings,123347.0,1200,9999999,33,79.11,725307.53,6,15.44,61533.54,136.44,9.9,0,0,139549.17
21746,69,Male,bangalore,Savings,125245.94,590,52502.97,6,84.68,1467337.94,34,20.03,22492.7,275607.39,1.3,6,0,51801.34
21747,19,Male,MUMBAI,Current,193746.33,796,35833.57,36,30.65,1237123.8,49,11.95,31841.67,103508.78,10.6,8,1,28264.49
21748,54,Male, Chennai ,Savings,,670,63097.41,70,41.7,780929.66,11,18.42,32374.44,483295.32,11.9,3,1,84070.63
21749,66,Male,chennai,Savings,28560.49,576,85957.44,76,97.93,265347.16,40,10.32,NaN,78709.44,0.6,4,0,7318.27
21750,42,Female, Chennai ,Savings,148803.56,568,26836.57,52,25.67,380271.56,30,9.38,26837.44,440686.55,3.0,8,0,13864.7
21751,43,Female, Kolkata ,Savings,69599.26,560,148646.95,74,84.83,586994.33,56,12.16,79002.18,460835.0,5.1,5,1,11756.66
21752,38,Male, Mumbai ,Savings,179701.41,896,123758.96,35,15.53,934326.12,33,10.66,117845.85,441688.89,0.7,8,0,31331.07
21753,39,Female,hyderabad,Savings,27351.13,532,100481.18,13,40.76,1007290.69,6,9.88,17336.82,292473.94,0.6,8,1,184468.5
21754,39,Male,hyderabad,Savings,157700.22,563,56989.12,25,17.45,240355.29,34,9.09,41003.66,221260.53,5.4,6,0,7711.87
21755,32,Male,bangalore,Savings,100657.33,496,49482.76,71,70.32,836032.5,54,11.9,79045.51,3024.55,1.0,3,0,17324.45
21756,44,Male,MUMBAI,Current,175993.27,386,5821.56,33,61.99,1380372.79,20,15.38,4202.2,150877.4,6.7,6,0,79633.71
21757,31,Female,bangalore,Savings,55604.18,805,146064.19,16,80.57,346659.29,14,11.68,54710.49,456552.48,10.1,9,1,27653.51
21758,46,Male,PUNE,Savings,157569.41,561,,62,90.83,1152618.38,44,12.05,67120.25,79637.15,6.6,0,0,29352.47
21759,18,Male, Chennai ,Savings,63409.11,1200,,18,50.13,619194.79,27,12.33,NaN,299820.56,11.8,0,0,25760.8
21760,29,Female,hyderabad,Current,152196.42,880,71924.1,59,97.49,422954.98,48,12.39,48856.66,259691.43,9.9,9,1,9903.31
21761,67,Female,bangalore,Current,79447.43,796,138594.5,38,79.35,1036022.19,40,20.46,83462.59,289590.86,5.8,5,0,31199.81
21762,19,Female,delhi,Savings,70327.1,724,97334.71,17,82.95,394747.95,17,17.96,NaN,192068.89,10.4,4,0,27390.86
21763,55,Male,BANGALORE,Savings,118721.51,853,14021.48,64,13.86,836896.34,48,10.96,18218.8,372912.66,5.3,1,0,19346.25
21764,26,Female,delhi,Savings,117666.74,639,53995.66,27,90.44,1270125.88,38,21.56,24760.74,393471.33,2.5,5,1,40630.66
21765,59,Male, Bangalore ,Current,,453,123296.53,23,68.02,1102328.45,29,8.12,80531.07,254749.68,4.8,5,0,41097.85
21766,68,Female,CHENNAI,Savings,143293.19,385,108410.32,35,29.87,153616.28,20,20.56,62780.87,134166.34,8.4,3,1,9259.99
21767,53,Female, Delhi ,Current,106558.02,557,37156.43,79,65.41,119909.72,30,21.98,72224.28,24348.2,1.7,6,1,4875.53
21768,43,Male,KOLKATA,Current,90265.12,622,91831.12,24,71.81,661856.33,35,10.89,83881.53,279327.6,10.8,0,0,20969.5
21769,28,Male, Chennai ,Savings,33204.22,389,93685.6,40,74.93,799408.96,59,19.55,27421.49,151680.21,5.6,2,0,16198.19
21770,42,Male,bangalore,Savings,199299.81,616,52133.63,47,64.33,579875.41,21,20.96,47597.02,271202.63,2.7,1,0,33400.82
21771,50,Male,mumbai,Current,160391.97,563,136018.94,59,53.56,1037899.12,57,13.79,16302.94,492041.34,11.4,3,0,20719.74
21772,23,Male,mumbai,Current,abc,806,110107.49,26,69.41,1442563.46,33,17.97,109374.4,140097.35,0.7,9,0,51569.46
21773,28,Female,mumbai,Savings,183943.38,733,127366.57,26,36.96,1414188.99,36,21.97,66614.95,15455.43,1.5,9,0,47913.51
21774,22,Male, Chennai ,Savings,198767.5,427,140795.7,20,44.41,57432.59,50,19.33,99621.31,483832.36,8.4,1,0,1370.69
21775,18,Male,CHENNAI,Savings,108708.19,461,111866.7,17,12.3,1263309.98,51,13.79,36493.66,33855.67,6.9,1,0,28186.68
21776,36,Female,CHENNAI,Savings,105343.04,501,62631.66,53,17.94,335535.99,27,14.59,7701.89,8362.83,5.1,1,0,14240.4
21777,68,Female,MUMBAI,Savings,152869.45,723,143422.69,6,92.85,1063936.84,31,7.58,73296.86,478384.75,6.1,2,0,36922.04
21778,42,Male,hyderabad,Current,127343.1,682,108215.28,19,76.79,1441376.28,9,14.39,35558.58,403906.62,2.0,7,0,183198.93
21779,69,Male,HYDERABAD,Savings,87590.58,438,114209.13,46,73.71,849203.19,22,8.95,75079.49,284833.86,3.8,9,0,42054.86
21780,56,Male,CHENNAI,Savings,57061.05,799,95357.29,29,82.33,1387011.17,47,21.6,119855.58,82430.5,3.2,6,1,35885.23
21781,18,Female,DELHI,Current,122199.36,354,37053.06,59,91.45,492414.57,29,8.56,51556.49,281253.63,9.3,9,0,18433.28
21782,18,Female,delhi,Savings,197829.29,827,79645.15,51,91.28,219794.97,27,15.12,17017.65,57327.64,4.8,3,0,9371.41
21783,43,Female,CHENNAI,Savings,182908.41,791,19715.24,8,10.12,398426.79,33,20.66,96957.43,389396.45,8.3,1,0,14567.93
21784,27,Male,KOLKATA,Savings,73566.47,,140201.47,55,34.26,423202.37,17,13.68,29591.99,415820.41,4.8,1,0,28299.79
21785,66,Male, Kolkata ,Savings,33295.85,681,48137.76,40,67.41,579238.37,6,13.53,106631.42,280652.18,6.0,5,0,109601.55
21786,55,Female, Chennai ,Savings,185148.09,694,7450.76,34,90.02,242941.1,20,19.11,69808.67,242398.81,12.0,5,0,14468.36
21787,44,Male,MUMBAI,Current,120509.17,357,29912.75,51,18.11,1355115.65,46,21.44,92639.32,124702.42,7.1,7,0,35775.05
21788,62,Male, Pune ,Savings,29287.69,678,36463.78,51,39.17,60407.69,51,21.9,25424.76,311904.91,6.0,7,0,1443.86
21789,69,Female,kolkata,Savings,72305.02,423,22953.58,13,81.09,740910.03,14,9.51,83818.44,20532.72,8.8,1,0,57955.04
21790,52,Male, Chennai ,Current,169213.25,861,31699.62,57,88.71,632498.15,10,11.12,31803.93,392535.84,11.7,5,0,70283.19
21791,27,Female,chennai,Savings,abc,813,29698.06,33,26.18,1126084.73,58,19.66,23317.73,344084.63,3.6,7,1,23232.29
21792,37,Male,MUMBAI,Savings,95541.93,432,88974.64,47,68.21,667328.71,29,10.28,112071.57,245206.74,11.6,2,0,25376.9
21793,55,Male, Pune ,Savings,34720.47,543,36771.63,24,38.93,787483.82,40,7.62,107639.45,52089.37,2.8,3,0,21187.25
21794,34,Female,chennai,Savings,181401.49,579,106042.69,72,22.41,1137339.01,14,16.42,NaN,164948.73,5.0,8,0,94577.86
21795,39,Male,KOLKATA,Current,31770.74,367,17413.29,45,49.18,1327993.94,58,20.38,59829.85,18794.73,8.0,2,0,27562.74
21796,48,Female, Delhi ,Current,193758.9,581,146873.36,71,30.35,958162.1,21,19.51,63802.32,145812.51,6.5,7,0,54528.55
21797,61,Female,bangalore,Savings,122365.77,471,68303.63,61,42.71,880371.43,41,15.7,58292.33,414248.95,5.0,6,0,24843.65
21798,23,Male,kolkata,Savings,97849.78,646,34783.75,63,64.38,1096458.42,20,19.21,27490.79,288302.57,8.9,2,0,65354.4
21799,45,Female,mumbai,Current,83891.75,682,93085.84,21,25.2,843257.13,7,7.87,81889.55,210946.34,8.0,7,0,129945.92
21800,56,Female, Chennai ,Savings,149873.48,469,130844.67,74,29.2,176026.09,26,21.46,NaN,93234.5,11.8,8,0,8223.13
21801,23,Female,chennai,Savings,119574.67,557,27610.02,53,10.85,375556.33,52,20.14,,210257.43,8.5,3,0,8676.8
21802,31,Female,BANGALORE,Savings,87037.02,535,36104.83,71,81.11,901268.49,32,20.45,54324.28,422549.51,2.6,8,0,33924.31
21803,21,Male,CHENNAI,Current,115723.69,448,33749.39,48,65.16,1279430.02,25,17.73,38806.04,22399.64,7.7,9,0,60250.92
21804,37,Female, Hyderabad ,Savings,117469.55,429,123147.48,12,94.58,475603.73,54,15.79,102698.11,196271.53,8.7,1,0,10198.18
21805,62,Female, Delhi ,Savings,73758.41,,89036.84,34,81.31,1114256.54,45,14.25,10373.12,110075.52,3.1,6,0,28289.74
21806,27,Male,DELHI,Savings,182792.07,1200,124874.37,23,58.53,1248952.11,22,7.06,57201.1,484939.83,8.7,6,0,60778.55
21807,28,Male,CHENNAI,Savings,160971.29,601,113840.93,16,64.52,232497.47,59,19.53,69009.69,323591.99,5.0,0,0,4710.24
21808,61,Female,MUMBAI,Savings,94426.73,,5352.87,58,57.75,1356255.32,13,19.73,117680.23,80074.06,9.0,7,0,124911.11
21809,56,Female, Delhi ,Savings,132041.06,703,122414.02,72,45.78,746766.13,29,9.76,68915.37,47811.37,6.1,8,0,28263.81
21810,43,Male,delhi,Savings,113658.5,352,149421.7,75,91.03,745321.42,6,18.0,66134.72,286821.2,12.0,3,1,146579.88
21811,54,Female,hyderabad,Savings,172115.24,1200,27997.4,8,70.61,839892.63,33,10.85,,441147.58,2.9,6,0,28212.76
21812,25,Male,KOLKATA,Current,78392.78,,105888.62,69,63.13,685551.36,31,8.22,NaN,480319.31,2.9,9,0,23932.38
21813,62,Female,mumbai,Current,99316.41,857,,72,90.35,1183856.81,48,12.69,NaN,64007.62,3.8,3,1,27793.5
21814,20,Male,kolkata,Savings,,580,24548.6,47,74.03,565175.58,57,12.86,14160.25,275933.54,8.2,2,0,11190.48
21815,46,Male,PUNE,Savings,84255.42,621,21602.39,51,79.62,568936.5,48,9.56,46518.43,370425.16,0.8,7,1,12985.98
21816,57,Male, Chennai ,Savings,185863.39,498,,68,51.49,560197.11,42,12.99,14326.03,23168.71,8.6,8,0,15070.64
21817,30,Female,delhi,Savings,116735.26,411,78026.47,14,67.36,663171.66,53,9.92,27511.95,258017.52,7.7,6,1,13753.93
21818,34,Male,bangalore,Savings,86225.41,602,76484.91,64,48.73,1392756.83,55,12.0,90980.86,175067.42,4.1,8,0,28361.59
21819,48,Male, Bangalore ,Savings,189495.29,378,80506.39,19,19.9,583582.75,16,16.4,80309.68,309249.23,9.8,6,0,42455.65
21820,44,Female,HYDERABAD,Current,134622.14,629,27832.24,5,52.91,183434.78,27,7.71,49906.37,400375.24,11.7,2,0,7317.69
21821,68,Female,MUMBAI,Savings,178573.95,887,12534.76,21,57.67,1328110.91,15,20.35,59785.27,217438.24,2.0,9,1,106558.77
21822,26,Female, Delhi ,Savings,29624.71,843,35466.2,79,10.92,713512.61,55,7.7,59299.22,78432.82,5.2,4,0,13971.87
21823,36,Male,DELHI,Current,63134.83,807,75274.85,25,74.92,546190.58,19,15.33,56182.09,163342.53,5.0,7,0,33153.77
21824,52,Female,MUMBAI,Savings,137387.37,814,86216.97,74,22.61,1175663.83,18,20.05,66153.99,490390.29,5.1,7,0,78410.25
21825,34,Male,pune,Savings,33312.46,622,68151.8,61,49.46,1431898.17,47,7.8,88671.12,3281.78,3.7,6,1,32842.26
21826,41,Male,KOLKATA,Savings,174763.62,594,15914.34,49,97.28,988702.97,35,10.16,62410.35,298427.19,9.2,6,0,31118.72
21827,41,Male, Delhi ,Current,,423,79184.74,8,47.17,512577.9,21,12.27,39074.56,242736.81,5.6,0,0,27403.39
21828,21,Male,HYDERABAD,Savings,197546.17,596,29462.03,57,74.9,871545.74,21,13.16,80701.55,65975.95,6.8,2,0,46963.86
21829,65,Male, Delhi ,Savings,141597.33,765,55253.57,66,40.32,1217224.07,56,14.71,52885.41,220635.04,4.7,1,0,24933.53
21830,39,Female,PUNE,Savings,,805,9577.01,46,51.82,43933.89,27,16.49,,270584.41,7.7,4,0,1895.5
21831,67,Female,chennai,Current,83704.13,381,73617.7,35,69.88,861751.7,17,21.27,59083.65,405656.46,10.3,8,1,61473.31
21832,46,Male, Delhi ,Savings,120856.29,797,113305.19,39,33.67,1142603.34,12,17.83,80952.65,443106.76,9.1,5,0,112194.13
21833,68,Female, Kolkata ,Current,74984.39,488,90223.49,25,76.55,722371.01,7,16.75,91651.21,485106.94,5.4,6,1,120481.16
21834,35,Male,HYDERABAD,Current,44994.72,887,9999999,43,72.72,1004777.05,49,16.51,3878.22,136560.95,6.9,3,0,23891.14
21835,67,Male, Chennai ,Current,179812.64,886,145764.1,29,31.38,1362745.84,53,16.2,61506.14,63388.06,7.4,7,1,29877.56
21836,38,Female,delhi,Savings,107252.64,689,122716.22,50,31.47,786486.24,17,18.01,16517.68,169893.0,11.4,4,0,54596.02
21837,59,Female,CHENNAI,Savings,128193.43,746,76755.75,66,71.95,1063829.14,59,18.76,29647.41,462464.11,6.6,6,0,21413.62
21838,63,Male, Hyderabad ,Savings,,423,53600.81,40,77.13,199154.95,57,10.32,113830.8,339226.15,4.2,5,0,3854.52
21839,23,Female,DELHI,Current,86108.92,425,45058.7,38,64.88,1171422.48,45,15.23,74240.9,266876.44,8.4,1,0,29996.22
21840,69,Female,DELHI,Savings,161210.64,431,32442.15,31,33.21,772487.29,30,7.23,30554.31,475709.59,2.4,5,0,27611.27
21841,37,Male,pune,Savings,56561.81,790,55709.04,10,47.3,358360.66,29,8.6,8406.76,172630.24,6.8,8,0,13419.99
21842,50,Male,CHENNAI,Savings,177846.24,691,,12,86.65,1287610.37,13,15.54,4891.22,415564.83,6.9,8,0,114438.85
21843,52,Male, Delhi ,Savings,143672.69,848,129024.89,59,64.54,494380.0,35,21.55,74558.49,396783.24,6.6,5,1,17169.11
21844,65,Male,pune,Current,25602.65,690,102905.0,24,95.97,228135.78,51,13.98,61341.05,41732.66,5.4,5,0,5098.61
21845,57,Male,BANGALORE,Current,146197.51,740,28203.22,59,55.55,27565.73,21,9.18,70429.35,191639.1,1.4,5,1,1433.16
21846,68,Female,PUNE,Savings,89827.37,639,136441.54,25,74.67,547965.64,24,9.61,88866.67,486708.28,6.0,6,0,25026.05
21847,63,Male, Hyderabad ,Current,173966.12,788,25463.92,18,18.68,538208.47,26,16.87,,431847.2,7.9,7,0,24192.47
21848,53,Female,kolkata,Savings,80029.64,761,145191.05,74,83.19,108097.31,53,9.36,100058.21,167636.42,5.3,6,0,2230.48
21849,46,Female,bangalore,Savings,,412,60190.55,55,21.39,739870.08,46,12.48,,89243.85,3.4,0,0,18091.43
21850,32,Male,hyderabad,Savings,28536.66,715,9999999,32,53.03,715955.85,37,19.63,NaN,82054.45,7.6,5,0,23148.59
21851,28,Male,bangalore,Savings,123833.55,868,74508.15,9,94.35,61409.86,40,15.39,86319.49,136110.48,10.7,4,0,1771.52
21852,22,Female, Bangalore ,Current,36858.01,687,96847.42,24,29.88,648568.48,37,8.29,79196.29,4867.29,5.1,4,0,18982.02
21853,25,Male,KOLKATA,Savings,178806.69,627,27068.68,72,53.17,193543.98,28,20.23,99143.51,20567.99,8.8,6,1,8310.64
21854,59,Male, Hyderabad ,Current,68159.14,811,110282.63,22,49.98,756161.23,33,20.81,4015.02,237655.28,11.6,2,0,27682.38
21855,18,Female, Bangalore ,Savings,162211.25,,44854.22,72,38.32,1074673.39,21,15.87,47390.09,398453.67,11.9,3,0,59296.38
21856,43,Female,bangalore,Current,155739.13,459,64893.46,62,92.15,1007595.54,27,19.99,9158.57,117419.42,3.8,2,1,44778.29
21857,20,Male,CHENNAI,Savings,66127.13,1200,148002.02,56,81.02,79340.24,38,18.9,40058.5,162621.0,6.6,6,0,2482.51
21858,35,Male,kolkata,Current,86058.03,518,9999999,46,11.77,1027039.13,21,13.19,86507.7,471130.85,1.5,6,0,55357.41
21859,46,Female, Pune ,Current,194717.41,415,61537.86,24,52.12,194791.57,36,19.2,6834.8,425750.11,5.6,1,0,6449.77
21860,46,Male,delhi,Savings,103933.89,767,136776.74,35,98.03,432224.9,55,20.1,12136.7,88059.31,1.4,7,0,9438.22
21861,35,Female,hyderabad,Savings,34474.21,488,46324.14,48,26.19,1215833.33,40,12.56,25660.97,157821.96,1.2,9,0,34213.55
21862,44,Female, Pune ,Current,176222.72,548,118043.2,38,11.17,1165652.97,9,10.85,107297.34,373048.71,1.9,4,0,143569.59
21863,43,Male, Kolkata ,Savings,148718.75,898,52695.39,65,57.16,231126.89,31,13.14,56300.56,239653.85,9.3,0,0,8435.39
21864,44,Female,kolkata,Savings,151925.79,708,126114.44,17,23.45,884709.67,27,9.77,59829.68,409937.61,7.9,3,1,35968.36
21865,36,Male,PUNE,Savings,44273.2,792,96735.1,52,32.4,564621.2,58,18.06,49830.37,496641.87,11.8,6,0,11492.96
21866,57,Female,delhi,Savings,108703.94,782,67344.78,21,97.99,521563.18,42,16.04,53107.55,444424.28,2.7,3,0,14410.05
21867,20,Male,chennai,Savings,68473.93,1200,137589.52,47,80.26,655599.37,46,10.71,35011.51,281373.42,11.8,3,0,15778.57
21868,61,Male,chennai,Savings,148667.16,1200,81416.09,39,94.19,1455518.06,12,19.88,23069.4,493255.42,11.6,4,0,145406.25
21869,18,Female,pune,Savings,54449.76,660,14698.2,29,48.46,136755.4,26,12.57,101287.76,29295.38,6.4,7,0,5920.98
21870,60,Female, Chennai ,Savings,190494.34,,43922.47,26,32.88,174839.33,47,15.48,116026.86,11965.64,2.2,0,0,4295.84
21871,68,Male,kolkata,Current,57417.15,1200,19228.17,7,51.01,189595.84,47,21.02,35249.51,371744.64,2.3,9,1,4881.89
21872,34,Female,DELHI,Savings,132301.84,646,89976.16,59,33.05,209478.63,45,12.29,52517.29,10694.76,7.3,9,0,5227.19
21873,61,Female,CHENNAI,Savings,102803.74,1200,101023.57,5,33.79,757110.64,24,15.84,56000.06,469455.26,11.1,1,0,36543.21
21874,18,Female, Bangalore ,Current,188791.47,735,132707.08,59,90.35,551799.05,38,9.19,80494.04,26719.4,11.8,3,0,15855.51
21875,42,Male,KOLKATA,Savings,145753.11,482,104702.63,19,58.42,482345.47,40,18.22,,92532.11,8.7,8,1,14255.72
21876,36,Male,MUMBAI,Savings,98632.54,568,92462.81,34,53.41,1456435.37,49,17.79,78696.92,16078.93,10.0,4,0,35010.92
21877,34,Male, Chennai ,Savings,93019.4,455,132126.73,71,49.32,596314.38,53,17.09,97116.8,280885.8,3.9,2,0,13174.05
21878,62,Male, Pune ,Savings,70840.19,654,127819.45,26,66.56,732981.03,55,14.64,117360.58,201589.2,3.8,5,0,15277.99
21879,18,Female,kolkata,Savings,160946.58,394,22149.11,53,51.21,457702.86,12,17.92,77465.48,297156.68,10.8,1,1,44976.93
21880,24,Female, Hyderabad ,Savings,73871.72,671,149375.9,49,76.11,569315.51,23,15.62,40325.28,79866.72,3.9,1,0,28619.24
21881,66,Male,mumbai,Current,,456,75759.19,41,24.65,224236.93,43,21.78,9912.42,297674.0,0.7,1,0,6350.6
21882,48,Male, Bangalore ,Savings,48902.39,451,98200.19,41,47.37,1019746.37,33,9.04,66139.6,409908.36,11.8,5,0,33694.89
21883,37,Female, Chennai ,Current,150145.57,452,81770.9,27,77.94,1390756.68,29,7.13,65964.34,50604.63,0.9,3,0,51376.47
21884,55,Female,chennai,Current,175011.03,767,82931.6,20,38.26,451682.5,29,11.75,45959.78,40596.77,8.8,4,1,17405.35
21885,25,Female,CHENNAI,Current,abc,451,20705.54,31,13.69,1058416.69,11,20.56,85762.07,471693.42,8.1,6,0,116002.47
21886,60,Female, Pune ,Savings,63966.72,651,92029.63,46,98.38,1473602.95,55,18.85,59382.13,338075.36,9.3,8,0,31843.22
21887,46,Male, Hyderabad ,Savings,158424.46,368,73031.71,7,75.17,684030.5,42,15.19,108602.77,72283.06,5.8,5,0,18760.35
21888,45,Female, Pune ,Savings,129156.39,405,121873.33,27,78.46,1427393.94,45,10.53,25038.91,123341.05,6.3,9,0,35059.97
21889,33,Female, Bangalore ,Savings,54663.74,811,10809.55,29,11.17,352008.58,9,18.84,33877.29,275616.05,5.8,7,0,46480.78
21890,29,Female,BANGALORE,Savings,186255.87,850,119297.31,43,18.34,1149399.95,55,17.33,3455.47,223807.74,2.4,6,0,24519.84
21891,49,Male,mumbai,Savings,132507.28,398,61934.56,12,63.39,1455735.47,14,21.21,97051.18,492711.14,6.4,9,0,126035.5
21892,56,Male, Mumbai ,Savings,136602.45,847,114536.71,33,14.25,321839.05,24,8.36,58349.2,371186.06,2.3,1,0,14531.03
21893,43,Male,bangalore,Savings,58613.88,462,122529.11,19,62.93,418421.9,17,11.22,86011.27,216067.93,7.0,2,0,27374.64
21894,53,Female,DELHI,Savings,39371.88,882,96291.69,59,75.66,597293.22,48,10.49,66523.27,10106.56,1.1,4,0,13748.94
21895,40,Female,kolkata,Savings,95857.06,688,,66,44.53,588179.92,39,20.8,4725.03,47128.07,5.7,5,0,18218.5
21896,35,Female,KOLKATA,Savings,171538.45,564,103964.81,65,65.8,639040.27,23,19.83,113052.8,59226.86,6.2,0,0,33294.0
21897,21,Female, Kolkata ,Savings,abc,577,73199.01,50,37.63,1030175.74,20,11.65,31006.46,310592.57,10.6,4,0,57509.56
21898,43,Male,MUMBAI,Savings,160598.21,623,53025.7,63,38.13,1490287.66,20,13.37,1061.74,310901.46,11.0,5,1,84476.96
21899,24,Male,hyderabad,Savings,20534.25,587,62132.72,28,13.93,856602.38,30,15.13,83574.93,156552.67,7.4,9,0,32873.54
21900,24,Female,pune,Savings,167943.65,762,139829.36,45,61.88,885994.3,12,13.71,7887.52,456019.77,10.5,7,0,83955.34
21901,24,Female,mumbai,Savings,176301.97,596,34766.12,78,15.47,56172.31,26,10.69,69952.65,426823.06,2.2,2,1,2391.43
21902,30,Female, Mumbai ,Savings,20040.64,635,119550.5,12,90.61,1461838.95,33,21.94,24548.06,401257.62,3.7,6,0,54017.16
21903,66,Male, Chennai ,Savings,123406.8,770,39619.37,36,25.37,1375496.23,14,10.25,75374.74,415453.46,1.5,7,0,108320.33
21904,47,Female, Pune ,Savings,108362.21,1200,,12,27.65,212485.52,48,19.66,14740.75,137462.13,10.4,1,0,5297.09
21905,66,Female,CHENNAI,Savings,172438.71,822,12168.07,72,69.47,1030717.19,33,8.63,62346.89,389967.49,7.6,5,0,33929.34
21906,40,Male,hyderabad,Savings,83713.77,539,105719.46,46,41.78,796075.74,33,10.77,95666.84,113728.53,0.8,0,0,26721.61
21907,39,Female,KOLKATA,Current,83630.84,609,114735.55,37,58.35,1282987.5,10,8.04,1895.39,412113.85,9.6,3,0,138613.97
21908,28,Female, Chennai ,Savings,60352.38,514,120313.27,71,26.33,371245.14,12,21.99,,432091.55,8.0,2,0,37740.16
21909,28,Female,HYDERABAD,Savings,39505.85,772,94970.83,76,95.45,168856.17,50,12.79,92478.13,496438.37,4.5,0,0,3809.06
21910,21,Female,CHENNAI,Savings,abc,873,127377.69,72,15.75,447769.24,58,8.67,76768.18,480989.44,2.0,0,0,8389.5
21911,35,Male, Chennai ,Current,111734.27,422,83125.91,48,13.28,1464000.37,17,15.81,17468.89,224427.95,9.6,7,0,99732.87
21912,54,Male,hyderabad,Savings,156199.1,546,21751.69,50,82.87,989489.87,20,11.81,38520.03,64221.11,2.1,2,0,55317.43
21913,39,Male,bangalore,Savings,139010.53,531,9515.26,7,93.08,928971.49,58,8.4,15891.08,473589.18,10.1,9,0,17362.16
21914,49,Female,PUNE,Savings,163582.23,408,112675.74,57,35.35,1099316.51,55,14.68,39893.18,135497.26,8.7,8,0,22921.75
21915,68,Male,pune,Savings,85852.44,680,83423.88,45,42.23,193684.54,43,14.41,NaN,76392.51,10.5,3,0,5153.36
21916,58,Male, Hyderabad ,Current,170014.39,560,36689.82,10,90.27,307078.51,21,19.68,97895.95,275880.62,6.3,4,0,17500.55
21917,43,Female, Kolkata ,Current,33389.54,,140749.88,49,35.45,484071.54,52,7.75,118025.2,144345.7,10.8,0,0,10030.52
21918,31,Female, Chennai ,Savings,177694.08,541,85029.99,38,65.76,83109.25,31,9.45,,432672.41,7.7,1,0,2934.29
21919,27,Female,mumbai,Savings,44461.15,565,125940.2,24,18.41,23952.15,42,21.07,32121.71,376446.66,2.4,9,0,690.45
21920,34,Female,bangalore,Savings,85257.4,863,99458.17,40,85.15,1453314.03,8,7.92,5491.73,476512.68,11.4,1,0,196052.06
21921,65,Female, Delhi ,Savings,16237.99,500,104604.74,24,49.74,585320.93,16,19.03,17633.23,261410.5,0.5,9,0,43544.22
21922,27,Female,kolkata,Savings,87829.7,803,100865.49,50,49.15,641827.92,23,8.5,115457.46,454452.22,4.9,2,0,30277.53
21923,37,Female,delhi,Savings,27846.93,,124398.64,33,48.9,966024.88,13,21.31,67650.64,402051.3,3.1,1,0,90144.98
21924,31,Male,HYDERABAD,Savings,152338.62,785,57770.21,54,39.37,596064.46,46,7.15,35133.9,90815.78,6.9,4,0,13884.41
21925,51,Female,chennai,Savings,93471.8,525,21827.95,25,52.4,665286.69,22,12.26,80925.96,471449.0,8.1,3,0,33947.77
21926,48,Female, Mumbai ,Savings,142126.98,471,102554.97,56,93.48,1314597.65,7,9.18,10919.13,63523.76,6.2,1,0,205039.67
21927,35,Female, Chennai ,Savings,143853.85,873,95795.37,17,77.98,1326926.26,29,19.35,1963.61,26286.32,0.8,0,0,54609.88
21928,28,Female, Mumbai ,Savings,abc,810,144295.07,6,35.72,902966.29,31,11.4,12309.49,417218.64,11.1,1,1,32448.53
21929,39,Male,BANGALORE,Savings,40387.68,,9999999,7,33.41,356953.1,43,7.4,65286.65,80271.78,11.3,4,1,8915.53
21930,67,Female,kolkata,Savings,,493,56180.73,74,93.31,1064579.29,10,18.6,14816.63,199901.43,0.6,5,0,126259.1
21931,18,Female, Bangalore ,Savings,191393.56,412,39381.4,19,75.49,835425.57,37,18.74,5590.4,20075.86,8.6,4,0,26810.39
21932,26,Female, Bangalore ,Savings,116617.35,687,63957.92,50,95.81,617871.71,11,17.1,98438.41,376299.51,8.7,9,0,65775.25
21933,53,Male,hyderabad,Current,40981.27,746,56607.82,20,74.48,1344715.53,34,12.53,81973.35,416099.01,10.4,5,0,44506.13
21934,51,Female,delhi,Savings,157555.68,547,45509.51,53,89.96,1140368.57,29,20.07,90097.46,365833.98,4.5,9,0,47215.19
21935,44,Female,pune,Current,127948.57,524,128731.68,21,33.42,923485.33,50,21.38,55393.06,303405.05,10.8,1,1,22418.53
21936,52,Male,HYDERABAD,Savings,185277.23,418,109202.19,42,63.71,639848.88,36,20.78,112165.4,350300.82,7.2,3,1,21466.93
21937,59,Female,CHENNAI,Current,60600.61,434,89793.34,11,17.0,659132.38,45,21.89,115109.84,276962.42,9.7,9,0,17853.7
21938,58,Male,MUMBAI,Savings,38296.72,895,6134.37,42,73.65,1339284.16,55,20.19,32560.06,362828.35,10.6,3,0,29267.01
21939,55,Male,hyderabad,Savings,98592.61,563,44578.41,33,75.6,1117402.37,43,15.24,53782.96,261855.58,2.5,5,0,29946.38
21940,36,Female, Chennai ,Savings,58732.76,,83352.39,60,36.82,683103.8,9,15.35,81786.8,302467.43,4.8,7,0,87551.14
21941,36,Male,CHENNAI,Savings,193659.11,587,36732.56,75,33.42,472104.9,58,7.98,71214.94,120507.17,10.5,9,0,8789.29
21942,37,Female, Delhi ,Savings,130914.56,386,125769.43,47,10.94,859924.2,9,8.11,89040.11,184257.43,11.4,4,0,103296.01
21943,61,Female, Bangalore ,Savings,197019.2,687,115501.88,31,40.74,269016.06,43,18.33,106071.27,389806.93,1.3,4,0,7402.95
21944,54,Female,MUMBAI,Current,117824.52,775,100701.87,7,60.58,960204.56,28,16.38,12689.14,370947.23,7.9,2,0,39910.22
21945,42,Female, Bangalore ,Savings,151648.7,392,98355.98,76,18.47,1080779.26,46,17.68,70638.84,63553.8,10.0,1,1,27649.15
21946,49,Female, Pune ,Savings,188553.86,719,36869.22,55,96.99,579421.38,42,17.63,44704.46,34656.61,2.8,6,0,16227.94
21947,18,Male,BANGALORE,Current,181613.48,814,116123.95,74,72.56,1208887.57,32,17.23,50228.59,290180.58,2.4,9,0,44286.84
21948,55,Female, Chennai ,Current,195693.12,518,86865.09,5,27.37,1169965.69,48,14.7,66812.5,92504.02,1.8,1,1,27957.31
21949,33,Male,BANGALORE,Current,40348.09,373,82296.3,57,63.01,454113.64,57,8.4,39356.04,430185.04,3.3,4,0,8636.13
21950,56,Male, Delhi ,Savings,22908.21,601,9999999,51,57.54,831606.92,55,11.06,33305.02,123200.3,6.7,5,1,16792.41
21951,52,Female, Bangalore ,Savings,38858.21,711,15433.1,36,25.17,78391.63,24,9.15,29679.23,26809.26,1.4,5,0,3565.19
21952,23,Female,chennai,Savings,,780,58902.32,41,57.9,311184.04,58,15.05,74553.89,8240.11,6.2,4,1,6172.71
21953,58,Male, Pune ,Savings,147559.49,367,141846.86,72,46.77,983040.13,23,13.29,118683.06,332190.68,5.7,7,0,48421.14
21954,58,Male, Delhi ,Savings,82580.74,663,135825.69,68,18.94,508655.41,47,20.16,85389.12,407822.88,3.5,9,0,13004.26
21955,63,Female, Chennai ,Savings,56321.26,874,21285.28,24,50.2,1494833.12,14,18.44,51633.06,250232.67,2.9,0,1,126462.88
21956,47,Female,pune,Savings,160904.83,687,125413.95,23,50.75,821800.24,52,10.44,98103.23,255723.7,7.8,1,0,17453.77
21957,28,Female, Mumbai ,Savings,150417.3,810,119744.26,42,91.41,615076.05,58,9.46,45051.98,262392.45,7.8,8,0,11607.97
21958,47,Female, Kolkata ,Current,108676.78,855,71828.34,17,87.43,1370681.15,28,15.47,87169.6,473357.64,5.6,0,0,56525.91
21959,54,Male, Pune ,Savings,189664.89,1200,123573.94,16,97.09,631458.42,10,17.37,,135884.65,10.2,2,0,74114.27
21960,48,Female,KOLKATA,Savings,62101.13,758,100025.08,56,66.88,402615.67,39,17.78,67628.03,169360.29,7.8,7,0,12158.99
21961,63,Male,chennai,Savings,147783.5,784,76797.85,22,50.88,842873.92,32,9.81,46432.79,265432.04,5.2,4,1,28923.75
21962,48,Male,KOLKATA,Savings,43095.57,659,67410.27,61,62.82,121678.48,45,21.4,40949.17,336505.39,10.6,6,0,3282.61
21963,28,Female,MUMBAI,Savings,94005.56,350,123398.72,19,10.78,993142.21,36,8.75,12248.61,207786.77,12.0,9,0,30001.17
21964,21,Male,HYDERABAD,Savings,26962.11,661,85333.46,59,31.3,144783.56,23,18.16,105624.41,26678.05,8.9,0,0,7438.1
21965,63,Male,delhi,Savings,45398.74,717,18899.56,12,91.93,453195.15,7,7.55,98616.21,442974.95,7.7,1,1,69630.2
21966,69,Male,HYDERABAD,Current,132361.56,706,73605.15,50,16.49,1473648.4,40,16.05,65997.28,168628.5,2.2,3,1,42754.22
21967,63,Female,kolkata,Savings,172752.82,545,140533.8,21,12.2,630943.88,38,10.17,73436.83,71783.09,11.3,3,1,18292.39
21968,44,Female,hyderabad,Savings,79921.81,569,49061.64,35,25.86,1099574.91,37,17.4,13919.86,427780.15,10.8,9,1,34889.21
21969,23,Female, Pune ,Savings,182939.42,,45918.34,74,81.58,299555.82,9,8.41,38077.76,437097.83,11.2,1,0,36083.16
21970,67,Female,mumbai,Current,102700.08,,116822.67,42,61.18,723155.15,46,17.96,34095.81,336442.33,11.9,2,1,18544.21
21971,35,Female,CHENNAI,Savings,92074.51,733,142649.94,29,92.55,1043424.25,43,16.95,67565.74,366964.92,5.4,3,0,28378.71
21972,61,Male, Kolkata ,Savings,138501.71,587,149432.42,72,90.69,707571.14,50,12.88,89692.18,446618.47,8.6,5,0,15974.13
21973,46,Male,BANGALORE,Current,193989.21,430,8542.66,53,58.03,1180902.03,41,18.67,67471.55,478134.93,3.7,7,0,34179.91
21974,22,Female, Hyderabad ,Current,149944.09,740,21882.97,74,53.71,220157.06,19,18.61,13876.43,300363.96,7.2,9,0,13743.59
21975,47,Female,DELHI,Savings,142322.52,,133340.02,40,23.59,501503.29,12,17.96,,27483.2,3.3,7,0,49297.77
21976,18,Female,mumbai,Savings,167338.47,847,99408.73,53,82.67,687417.95,47,7.75,107952.2,78341.51,11.3,0,0,15759.42
21977,40,Male,HYDERABAD,Savings,65015.58,502,10977.45,64,73.37,1245891.9,48,14.42,113067.59,62179.87,10.2,9,0,29698.95
21978,64,Female, Bangalore ,Savings,121716.72,687,120746.28,79,12.29,1407424.61,30,11.01,71345.27,491391.48,9.6,1,0,52079.4
21979,56,Male, Kolkata ,Savings,70747.92,384,91219.38,16,70.52,1330679.32,46,18.52,,484127.61,1.4,5,0,34285.24
21980,35,Male,KOLKATA,Savings,114161.44,759,29030.04,26,18.33,1127585.72,8,17.18,37761.6,496210.21,5.3,8,1,165163.12
21981,20,Male, Delhi ,Savings,79595.33,787,37691.87,47,39.66,449540.07,59,20.95,9828.15,272231.19,5.1,0,0,9215.57
21982,19,Male,DELHI,Current,112563.06,540,60287.51,62,39.91,1381814.05,35,12.49,78546.74,79222.75,5.3,8,0,44411.5
21983,58,Female,BANGALORE,Savings,84137.66,775,47986.64,29,61.88,235111.85,32,17.64,63029.15,225110.72,11.6,0,0,8643.3
21984,19,Female,KOLKATA,Savings,102385.72,471,16170.2,51,17.34,1214956.52,43,21.82,99578.56,264977.52,10.9,5,0,34420.0
21985,69,Female, Mumbai ,Savings,155991.67,877,34194.57,72,24.31,200237.45,18,21.94,795.71,79710.06,7.9,5,0,13564.97
21986,55,Female,hyderabad,Current,158206.98,579,144519.92,28,41.67,630636.74,37,10.74,,380892.57,11.4,7,0,18874.79
21987,22,Male,BANGALORE,Current,139554.31,358,53031.25,34,62.67,495942.53,25,11.04,21369.06,466453.61,3.3,2,1,22027.78
21988,53,Male,delhi,Savings,abc,891,25433.68,24,72.87,85819.8,50,17.14,109246.16,210650.49,6.4,9,0,2010.59
21989,53,Female,chennai,Current,102673.9,358,139771.69,70,33.74,1183689.12,31,20.56,112640.17,467155.38,3.4,3,1,46034.05
21990,38,Female,KOLKATA,Savings,39003.16,471,5297.61,53,10.02,1310153.03,20,21.51,110694.71,382014.45,5.9,8,0,79598.35
21991,49,Female, Pune ,Savings,108609.79,835,146548.98,11,59.75,386578.94,24,17.36,117838.45,291410.91,8.0,6,0,18903.71
21992,42,Male, Bangalore ,Savings,121031.1,855,30638.53,59,19.14,997246.95,18,7.11,64332.08,439791.96,4.6,3,0,59341.73
21993,19,Female,bangalore,Savings,105479.93,585,66310.08,49,51.25,1400340.94,42,14.33,18117.75,473575.93,4.3,8,0,38119.28
21994,61,Female, Mumbai ,Savings,118953.66,711,134327.15,30,62.16,1159093.15,38,8.34,14149.72,11029.25,7.7,2,0,33046.36
21995,68,Male,PUNE,Savings,140167.72,446,113386.19,36,85.43,571815.43,45,13.59,12410.34,355954.92,2.9,2,0,14433.89
21996,61,Female,kolkata,Current,156663.57,799,,69,80.49,215717.1,39,9.23,27694.04,74271.26,1.0,1,1,6041.74
21997,25,Male, Bangalore ,Savings,48943.72,598,75159.14,49,26.68,255764.57,48,21.61,6484.82,247142.66,9.6,8,1,6479.9
21998,43,Female, Bangalore ,Savings,74800.71,541,70725.09,15,29.1,5565.82,14,14.79,75362.58,127310.77,10.4,1,0,456.36
21999,24,Male,HYDERABAD,Current,190177.5,670,67163.61,30,89.43,900642.29,6,14.23,64603.83,460570.56,5.6,0,0,171467.28
22000,64,Male, Hyderabad ,Savings,17017.43,666,137053.03,71,75.15,928987.11,30,16.01,2796.06,216062.22,8.3,7,0,35923.93
20868,34,Female,bangalore,Savings,123506.75,647,42119.62,15,51.88,931758.92,54,20.89,24038.5,302977.3,11.3,0,0,20859.32
20207,27,Male,PUNE,Savings,189824.02,432,40745.49,57,38.96,865248.36,47,9.02,13497.62,292254.61,8.9,4,0,20070.08
21726,59,Female,delhi,Current,125911.83,866,22060.76,31,22.02,771134.88,46,20.5,104721.27,133210.15,1.8,6,0,20200.38
20999,66,Female, Hyderabad ,Savings,155343.99,480,116949.69,65,84.26,1441829.9,52,13.92,66307.98,337026.51,11.6,6,0,31587.17
21143,65,Female, Kolkata ,Savings,129148.87,666,10660.76,44,25.04,718841.38,20,13.62,54195.32,240297.36,1.3,4,1,40837.38
21425,65,Female, Mumbai ,Savings,62712.45,688,18060.96,61,79.61,846427.63,49,7.7,90570.43,29140.41,6.9,3,1,18604.13
20074,48,Female,kolkata,Savings,22950.95,692,49569.69,47,99.8,922793.61,33,14.87,33193.34,458724.91,0.6,2,0,32121.61
21033,53,Female, Hyderabad ,Savings,18043.77,383,106327.28,68,99.03,102356.15,56,21.35,30996.24,239429.54,3.0,7,0,2218.02
20741,22,Female, Mumbai ,Savings,129266.09,474,61042.45,69,77.14,1162266.58,18,13.82,95834.42,10361.32,1.4,8,0,73493.99
21768,43,Male,KOLKATA,Current,,622,91831.12,24,71.81,661856.33,35,10.89,83881.53,279327.6,10.8,0,0,20969.5
21983,58,Female, Bangalore ,Savings,84137.66,775,47986.64,29,61.88,235111.85,32,17.64,63029.15,225110.72,11.6,0,0,8643.3
20412,37,Male,bangalore,Savings,171326.99,896,131159.16,27,83.01,708946.84,27,10.11,116755.04,108680.0,4.9,7,0,28911.9
20625,30,Male,hyderabad,Savings,189761.46,1200,98950.51,17,83.23,443242.08,50,11.58,102342.69,188860.55,11.1,1,0,9891.39
20671,45,Male,DELHI,Savings,abc,485,122254.63,49,30.31,915710.45,16,14.67,27722.24,81751.68,3.2,9,1,65627.82
21745,50,Female, Chennai ,Savings,123347.0,612,9999999,33,79.11,725307.53,6,15.44,61533.54,136.44,9.9,0,0,139549.17
21544,41,Female,bangalore,Savings,17880.22,583,9999999,29,39.46,420812.23,29,19.2,55628.53,495084.54,8.4,4,0,17296.83
20205,36,Male,hyderabad,Current,174809.42,864,53784.19,62,81.59,133548.09,52,10.52,106363.25,55649.85,8.3,9,0,2838.41
21936,52,Male,HYDERABAD,Savings,185277.23,418,,42,63.71,639848.88,36,20.78,112165.4,350300.82,7.2,3,1,21466.93
21138,25,Female,MUMBAI,Current,111499.29,560,130826.62,17,49.14,1428643.99,35,20.27,108275.15,129080.8,3.0,1,1,49092.29
21462,28,Male, Pune ,Savings,146831.77,580,118131.52,75,93.51,471513.87,30,20.3,12041.83,120765.96,5.8,5,0,18907.71
21105,21,Female, Mumbai ,Savings,23968.5,833,49538.01,37,53.88,1000772.04,13,9.13,61248.99,442113.0,6.8,5,1,84010.96
20028,23,Male,chennai,Savings,148655.99,898,105206.76,79,16.04,212211.07,42,8.21,80658.16,15089.38,2.4,1,0,5467.47
21069,26,Male,HYDERABAD,Savings,152101.37,412,104338.34,36,26.15,520960.87,47,10.56,51711.96,230536.4,6.2,5,0,12254.77
20206,27,Male,KOLKATA,Current,93807.2,612,67170.29,11,91.12,1319350.82,19,11.49,71136.45,247120.08,2.9,5,0,77418.12
21740,67,Male,pune,Savings,40989.83,,74991.58,14,43.1,1183887.0,9,7.76,51598.25,438386.07,11.9,2,0,141750.74
21090,23,Female, Chennai ,Savings,185337.48,612,130704.33,67,68.12,1282390.03,35,7.49,102082.01,287903.41,6.6,6,0,39384.03
21456,20,Female,pune,Current,,816,92758.62,41,65.2,344664.38,44,16.31,93776.56,482003.0,2.9,2,1,9110.89
21567,56,Female,KOLKATA,Current,89833.54,1200,29674.84,15,48.82,885501.62,33,7.36,NaN,177863.87,10.3,2,0,28808.32
21111,19,Female,chennai,Savings,135613.26,629,98257.77,13,13.61,813750.75,37,9.2,46218.71,17696.51,5.7,0,1,24016.64
21662,39,Male,mumbai,Savings,190835.12,810,99808.46,50,63.48,1471363.42,16,18.34,62550.58,471454.22,3.1,4,0,108825.72
20147,35,Male, Pune ,Savings,30709.09,525,3602.66,62,47.84,585258.25,31,10.33,23711.54,489652.21,5.5,7,0,20829.53
21279,56,Female,pune,Savings,162683.13,761,48545.39,46,19.36,300317.34,49,11.33,46014.28,251001.38,9.2,4,0,6823.33
20378,37,Male,pune,Current,81781.61,601,18448.21,20,75.39,1030615.21,26,16.13,5207.34,329132.61,7.8,1,0,46032.82
21674,19,Female, Pune ,Current,187878.32,517,106390.12,23,52.95,625962.49,37,11.42,103725.76,146227.65,12.0,2,0,18849.93
21387,67,Male,mumbai,Current,36994.11,707,3240.7,65,57.47,460117.57,37,20.17,79469.96,480271.88,2.8,9,0,14943.87
20042,26,Male, Delhi ,Savings,172824.97,402,75499.09,38,70.79,957114.14,56,16.85,107525.08,464018.8,6.8,4,1,19971.21
21471,39,Female, Chennai ,Savings,20789.75,898,86067.62,29,79.2,1038828.71,53,20.42,14838.09,34482.29,7.1,6,0,23602.97
21922,27,Female, Kolkata ,Savings,87829.7,803,100865.49,50,49.15,641827.92,23,8.5,115457.46,454452.22,4.9,2,0,30277.53
20211,19,Male,HYDERABAD,Savings,abc,867,82369.23,50,72.79,1339839.75,29,20.77,15845.89,152470.48,5.1,5,0,55797.4
20104,26,Male,CHENNAI,Savings,32040.63,471,34741.41,77,87.76,1404146.09,27,18.15,83953.7,197530.71,1.8,5,0,61444.39
21169,38,Female, Hyderabad ,Savings,109047.97,818,103836.69,43,94.0,670175.34,38,17.85,103863.53,388721.36,10.3,0,0,20784.25
20975,20,Female,HYDERABAD,Savings,121014.48,,75952.54,58,56.28,1459471.69,35,11.32,101798.06,43051.63,11.4,1,1,46419.54
20006,41,Male,BANGALORE,Current,45591.33,482,51500.4,74,69.7,1351358.32,18,16.93,,212034.94,2.7,4,0,87785.74
21851,28,Male,bangalore,Savings,123833.55,868,74508.15,9,94.35,61409.86,40,15.39,86319.49,136110.48,10.7,4,0,1771.52
20769,63,Male,delhi,Current,125642.18,602,60607.96,13,14.99,1457108.22,28,15.13,12102.12,192494.83,11.2,3,0,59913.17
20901,48,Male, Pune ,Savings,133377.83,471,27493.99,17,83.0,1347509.17,14,7.33,57550.85,91870.78,5.8,4,1,103305.83
21135,59,Male,KOLKATA,Savings,133329.45,853,92439.22,39,78.74,1137736.33,39,20.45,69260.34,226296.1,5.2,2,0,35138.55
20677,69,Male,HYDERABAD,Savings,,546,67217.35,31,75.38,558999.24,47,12.2,23008.4,189769.99,3.4,0,0,13344.62
21898,43,Male, Mumbai ,Savings,160598.21,623,53025.7,63,38.13,1490287.66,20,13.37,1061.74,310901.46,11.0,5,1,84476.96
21716,68,Male, Hyderabad ,Savings,123598.01,706,10551.07,68,73.57,844277.38,25,9.85,100558.59,354529.6,2.2,7,1,37097.55
20540,49,Male,delhi,Savings,193900.21,391,,11,82.01,152873.33,26,19.8,77305.56,230028.33,8.7,1,1,7043.93
20800,26,Female,pune,Current,50933.83,894,53787.95,33,24.16,970062.45,32,16.03,61736.69,305779.24,10.9,2,0,35173.86
20771,28,Male, Kolkata ,Savings,abc,744,,13,99.75,169095.65,31,16.11,51359.85,27064.71,10.2,9,0,6333.45
20325,24,Female,DELHI,Current,190326.21,652,46098.48,43,86.19,143856.44,50,13.74,61560.74,249261.13,9.3,9,0,3272.45
20295,62,Female, Delhi ,Savings,89859.91,404,66127.06,52,19.73,1356434.05,11,12.0,112218.39,180598.4,4.3,8,0,138109.65
21130,59,Male, Delhi ,Savings,189811.45,502,94065.2,36,91.79,263032.25,46,18.11,24080.84,73963.48,2.3,3,1,6753.64
20148,23,Female,MUMBAI,Savings,26434.5,430,78091.25,79,23.92,304642.4,50,10.22,516.75,161728.19,7.4,2,0,6715.54
20275,65,Male, Pune ,Current,192662.83,762,9999999,39,79.45,566919.71,39,12.64,85086.71,229967.85,4.5,9,0,16373.8
20882,42,Male,mumbai,Savings,26253.17,851,49990.59,12,74.08,1185670.37,37,20.29,43597.24,97996.78,12.0,8,0,38547.11
20246,27,Female,chennai,Current,176434.16,,103877.8,49,19.6,904673.19,53,7.06,97393.87,136397.83,2.0,6,0,18274.4
21160,39,Female,PUNE,Savings,189730.24,562,148274.81,20,12.14,229356.63,33,7.42,NaN,492523.89,4.3,3,1,7465.91
20869,64,Male,delhi,Current,122264.34,615,134257.61,33,48.77,930402.26,27,7.45,91378.92,347472.91,11.6,9,0,37026.56
20365,51,Female,KOLKATA,Savings,147900.43,676,62845.4,14,59.9,1121058.21,10,7.07,109620.58,358677.33,7.1,4,0,120031.7
21646,28,Female, Mumbai ,Savings,71935.47,361,134349.66,44,40.92,528175.29,46,11.13,,12194.25,5.9,2,0,12760.03
21695,64,Female,HYDERABAD,Savings,31983.27,735,129621.25,75,38.75,1336691.81,51,20.96,107257.68,391032.74,3.3,6,0,31703.18
20191,49,Female,PUNE,Savings,23833.79,498,38610.54,50,38.63,730015.01,52,9.6,93105.74,231028.76,3.7,7,0,15386.47
21804,37,Female, Hyderabad ,Savings,117469.55,429,123147.48,12,94.58,475603.73,54,15.79,102698.11,196271.53,8.7,1,0,10198.18
21516,49,Female,KOLKATA,Current,,587,,61,61.41,693619.79,53,17.39,37655.55,351382.77,9.5,4,0,15363.02
20836,35,Female,BANGALORE,Savings,185489.8,743,86946.25,8,16.83,1283995.21,7,15.91,96915.01,409373.44,8.7,4,0,212611.26
21405,25,Female, Hyderabad ,Savings,25390.39,623,93640.24,14,93.53,533927.23,45,20.47,NaN,207713.55,3.4,2,0,14293.83
21474,49,Female,bangalore,Current,abc,721,3872.26,34,25.79,1016218.57,31,20.28,16209.02,478878.61,3.4,9,0,39429.28
20184,46,Male,HYDERABAD,Savings,121030.02,499,141880.3,60,32.75,384777.08,48,15.34,69540.03,36472.71,9.1,3,0,9245.87
20388,28,Male,DELHI,Savings,113463.34,799,92290.13,57,63.13,147647.67,9,9.77,NaN,314061.3,8.4,5,0,18008.09
20604,57,Female, Delhi ,Savings,173454.23,,143143.25,35,92.02,365831.29,57,13.02,27857.95,215170.1,4.5,7,0,7253.73
20079,49,Female,MUMBAI,Current,158521.56,645,130942.76,49,16.44,881064.68,55,21.8,NaN,322865.28,8.6,3,0,19511.58
21948,55,Female,CHENNAI,Current,195693.12,518,86865.09,5,27.37,1169965.69,48,14.7,66812.5,92504.02,1.8,1,1,27957.31
21950,56,Male,DELHI,Savings,22908.21,601,82963.93,51,57.54,831606.92,55,11.06,33305.02,123200.3,6.7,5,1,16792.41
20802,38,Male,mumbai,Savings,55409.18,412,73225.91,30,66.82,1458989.61,48,19.55,111415.18,260468.79,8.0,9,0,36337.96
20730,65,Male,chennai,Current,131130.22,432,114138.11,55,38.87,2590.1,8,7.41,94033.37,2688.38,11.5,9,0,347.75
20854,28,Female, Pune ,Savings,83213.36,604,32907.29,44,26.02,795801.33,50,10.32,,225984.15,11.1,7,0,17558.56
20392,44,Female,delhi,Savings,,350,132429.03,18,18.25,477162.21,45,19.67,104826.74,73351.9,0.8,0,0,12689.33
20529,34,Male,KOLKATA,Savings,,481,51154.59,47,50.66,311247.68,30,9.82,41122.45,17330.18,4.2,9,0,11393.74
21119,37,Male,CHENNAI,Savings,128224.3,401,119795.12,39,73.05,1481442.13,40,19.52,16268.67,229206.97,8.3,3,0,44265.49
20015,44,Female,PUNE,Savings,53061.7,731,114002.01,73,31.88,161698.91,43,11.89,92904.1,328167.34,11.8,4,0,4207.56
20987,57,Male,pune,Savings,141401.61,579,92523.02,8,85.95,96556.78,17,17.91,15022.75,39880.63,2.6,0,0,6697.06
21824,52,Female, Mumbai ,Savings,137387.37,814,86216.97,74,22.61,1175663.83,18,20.05,66153.99,490390.29,5.1,7,0,78410.25
20266,60,Male, Chennai ,Current,195605.85,842,46289.85,53,89.04,7214.13,36,8.43,96743.9,453350.26,6.3,5,0,217.29
21575,47,Male,HYDERABAD,Current,158510.02,404,37510.16,52,26.68,353598.61,14,14.07,27685.61,347080.67,11.6,5,0,28810.71
21840,69,Female,delhi,Savings,161210.64,431,,31,33.21,772487.29,30,7.23,30554.31,475709.59,2.4,5,0,27611.27
20145,56,Female,hyderabad,Savings,103748.98,368,23927.22,24,10.84,643777.92,19,14.83,83379.24,254154.6,2.1,3,0,38907.9
21414,33,Female,delhi,Savings,61698.19,364,30842.16,77,42.81,1050659.06,14,11.76,25742.68,66074.32,6.7,6,0,83872.61
20419,38,Female, Chennai ,Current,45824.0,833,119930.61,66,36.44,1442981.55,29,8.43,62256.86,348688.77,7.2,7,0,53952.58
20686,67,Male,hyderabad,Savings,70012.78,1200,24010.54,14,25.87,510489.42,43,20.47,60046.49,185567.37,9.6,4,0,14302.01
21724,20,Male,MUMBAI,Savings,29339.28,547,34613.15,56,18.81,1118421.48,40,21.79,62813.27,446190.53,2.4,4,0,34053.14
20409,66,Male,pune,Savings,125980.57,,84996.73,64,25.21,1077795.42,8,19.74,43156.93,193325.94,6.9,3,0,161319.03
21422,47,Female,hyderabad,Current,60190.45,894,115912.92,65,18.95,151854.13,53,12.24,21940.13,301175.48,6.2,7,1,3215.87
20375,25,Male,BANGALORE,Savings,162505.38,392,64281.35,60,85.71,159864.71,56,8.31,69684.74,240317.47,1.0,6,0,3091.95
21260,67,Male,KOLKATA,Savings,30206.82,572,30053.79,19,79.72,1217987.92,58,10.93,,135680.98,6.6,5,0,23295.07
20745,31,Male,PUNE,Savings,29526.53,375,31502.43,33,89.41,659269.75,56,20.09,2533.29,49429.2,8.3,8,0,14137.8
20032,52,Female,chennai,Current,135706.91,740,19077.77,69,88.5,1266388.41,12,16.69,12529.13,464242.87,0.9,0,0,123145.72
21057,53,Male,CHENNAI,Savings,197553.2,361,15721.77,57,34.78,1242050.47,9,10.48,102958.58,244461.85,4.6,0,0,152468.6
20333,56,Male,DELHI,Current,146536.97,551,2131.84,77,78.34,708521.3,32,16.52,NaN,384687.37,1.2,8,0,25799.03
21197,54,Female,delhi,Current,26719.31,816,89282.77,23,74.54,147049.55,47,12.73,51382.55,68732.73,11.5,2,0,3527.0
21926,48,Female,MUMBAI,Savings,142126.98,471,102554.97,56,93.48,1314597.65,7,9.18,10919.13,63523.76,6.2,1,0,205039.67
20399,67,Male,CHENNAI,Savings,42744.24,736,129315.71,9,59.28,241175.23,14,18.61,31664.57,279434.4,1.9,1,0,20432.71
20176,54,Male,DELHI,Savings,42561.76,608,37478.19,70,75.14,133850.17,7,16.76,,487632.34,10.7,4,0,22326.21
20095,21,Male,DELHI,Current,73284.38,1200,93716.97,21,33.71,1387795.77,8,8.51,41091.65,368202.74,2.6,1,0,188237.15
20851,50,Male, Kolkata ,Current,167859.58,685,111650.28,52,59.58,826433.78,56,10.04,20999.9,369713.81,9.2,1,1,16239.42
20897,64,Male, Kolkata ,Savings,,446,88120.99,33,76.76,671069.34,10,10.37,29484.16,246182.05,1.2,2,0,74065.92
21160,39,Female, Pune ,Savings,189730.24,562,148274.81,20,12.14,229356.63,33,7.42,15733.52,492523.89,4.3,3,1,7465.91
21239,45,Male,pune,Savings,30113.87,878,41810.16,60,34.21,1339533.15,17,7.95,86441.82,293937.05,3.3,0,0,85060.36
20529,34,Male, Kolkata ,Savings,183974.18,481,51154.59,47,50.66,311247.68,30,9.82,41122.45,17330.18,4.2,9,0,11393.74
21089,66,Female,mumbai,Savings,127649.85,665,23317.53,30,15.73,576141.54,17,14.6,109238.28,392678.33,10.4,7,1,38838.72
20265,64,Female, Hyderabad ,Savings,55502.31,604,61725.6,50,98.26,299439.92,55,16.48,81100.81,261668.95,4.1,2,0,6341.59
21499,23,Male,MUMBAI,Savings,153204.15,804,124373.15,64,58.75,455291.82,10,19.03,36878.76,40788.53,2.8,0,0,54193.39
20045,19,Female,hyderabad,Savings,68430.09,889,33808.59,16,82.38,971692.78,45,11.44,9092.25,357242.89,10.3,8,1,24063.43
20639,35,Female,CHENNAI,Savings,102649.56,,36497.92,20,85.08,289055.3,46,16.45,32020.48,178029.15,4.9,0,0,7317.5
20678,44,Female, Bangalore ,Savings,41443.41,641,55479.44,48,95.51,1132182.81,38,7.81,,106637.05,6.6,7,0,32121.22
20095,21,Male,delhi,Current,73284.38,758,93716.97,21,33.71,1387795.77,8,8.51,,368202.74,2.6,1,0,188237.15
21484,43,Female,BANGALORE,Savings,135306.52,481,45440.96,25,33.23,1026234.49,47,10.76,4510.35,321950.56,7.0,9,0,24184.2
20902,27,Male, Pune ,Current,94975.38,352,104509.94,62,12.53,614451.07,32,13.01,72997.8,439138.6,7.3,0,0,21699.72
20746,42,Female, Pune ,Savings,24786.88,424,131051.16,49,48.94,4346.47,24,15.7,107751.1,372277.54,10.6,8,0,209.54
20919,29,Female,bangalore,Savings,164897.07,779,12669.58,38,94.82,1473589.95,22,16.73,,24259.2,6.7,6,1,78187.34
20181,33,Male,bangalore,Current,161872.45,393,59133.88,72,62.88,297418.86,24,9.5,81001.36,34623.53,6.6,5,0,13569.74
20838,34,Female,mumbai,Savings,94225.23,356,97531.75,46,66.4,435029.9,43,19.23,31102.64,301446.86,10.7,9,1,12062.47
21747,19,Male,MUMBAI,Current,193746.33,796,35833.57,36,30.65,1237123.8,49,11.95,31841.67,103508.78,10.6,8,1,28264.49
21725,57,Female,mumbai,Savings,39543.55,746,76450.74,34,86.79,1263458.46,35,9.57,100362.37,17959.62,1.9,5,0,39553.47
21884,55,Female,chennai,Current,175011.03,767,82931.6,20,38.26,451682.5,29,11.75,,40596.77,8.8,4,1,17405.35
21054,60,Male,MUMBAI,Savings,39774.36,836,35747.03,17,44.16,500212.53,15,11.09,28710.77,376112.55,4.3,1,0,37045.74
20217,67,Female,mumbai,Savings,149627.41,,57542.32,16,21.3,623856.96,20,13.13,,371088.8,10.2,2,0,35288.47
20633,20,Female,CHENNAI,Savings,116798.83,529,101652.79,31,41.97,545704.62,21,21.87,9474.97,146688.73,3.6,2,0,31669.06
20226,45,Female,kolkata,Current,98424.15,353,38775.01,5,53.73,53867.28,42,8.12,74260.74,494092.0,4.1,0,0,1386.7
20477,26,Male, Bangalore ,Savings,127814.62,811,39602.69,59,42.56,383463.55,25,7.24,47755.78,88556.64,6.0,3,0,16449.05
20720,27,Male,bangalore,Current,194067.78,494,100834.75,25,33.47,857913.09,19,7.6,78343.09,34421.34,3.3,4,0,48584.97
21863,43,Male,KOLKATA,Savings,148718.75,898,52695.39,65,57.16,231126.89,31,13.14,56300.56,239653.85,9.3,0,0,8435.39
20548,44,Male,HYDERABAD,Current,143657.85,364,28350.39,24,84.93,1387007.41,41,18.29,118480.16,496003.5,8.6,4,0,40016.86
20880,43,Female, Delhi ,Savings,100537.09,601,21792.15,74,60.0,342511.24,54,10.16,,339976.42,10.3,6,0,6987.23
20277,37,Male,MUMBAI,Savings,106611.82,612,81993.71,50,14.85,1344232.0,54,9.6,2810.95,440286.27,4.4,1,0,27282.93
20178,39,Male, Bangalore ,Savings,,654,26907.21,76,60.63,250178.49,27,18.31,30330.47,448815.76,8.9,3,0,10962.45
20512,41,Female,DELHI,Savings,113180.69,750,139046.2,32,77.92,1122554.62,28,14.67,46020.74,265474.6,3.5,3,0,45972.62
20585,20,Male, Chennai ,Savings,110948.21,452,120608.56,32,60.54,1417358.07,12,20.56,30828.54,93706.87,7.9,2,0,142397.24
21697,45,Female, Kolkata ,Savings,128358.99,731,104537.93,56,35.03,159891.14,46,17.25,,363817.85,4.5,2,0,4075.49
21235,44,Female, Mumbai ,Savings,57956.07,729,121470.65,57,74.64,893836.16,6,18.7,71485.53,5578.59,1.2,5,0,176830.59
21038,28,Female, Kolkata ,Current,174389.66,624,108291.72,32,99.48,81356.42,48,16.63,15032.99,115596.01,5.8,6,0,1976.79
21245,64,Female, Hyderabad ,Savings,92692.61,868,21572.21,60,52.91,873283.62,35,8.88,88225.14,302187.63,11.8,0,0,27166.61
20508,56,Female,PUNE,Savings,111121.2,769,83215.13,49,65.35,761481.01,24,9.43,99201.8,395745.11,9.8,9,0,34720.36
20752,44,Male, Chennai ,Current,113068.82,880,54697.43,25,86.63,594091.93,33,7.85,111289.46,67433.7,6.3,8,0,19416.0
21171,64,Male,HYDERABAD,Current,161852.89,509,32538.45,15,66.48,637615.02,49,17.55,54557.05,445773.61,2.5,9,1,15296.25
21333,43,Male,chennai,Savings,157576.89,575,,16,38.61,1437914.91,12,16.76,NaN,311713.69,8.6,2,0,139909.12
21362,33,Male,delhi,Savings,55878.42,616,93764.21,44,56.15,973214.99,22,18.17,60675.5,430715.68,10.0,4,0,52274.92
21047,63,Female,DELHI,Current,22647.01,858,54515.43,47,51.16,252444.06,37,19.28,108495.63,432952.46,1.2,0,1,8138.25
21851,28,Male,BANGALORE,Savings,123833.55,868,9999999,9,94.35,61409.86,40,15.39,86319.49,136110.48,10.7,4,0,1771.52
20373,63,Male,PUNE,Savings,142490.02,,132253.72,58,83.66,865683.57,14,18.23,111405.66,400146.34,8.8,9,0,73106.98
20861,36,Female,BANGALORE,Savings,52321.26,861,106288.84,43,27.06,1075987.85,6,20.65,112515.21,182822.61,5.1,7,0,216363.22
20946,24,Female,chennai,Savings,166776.07,443,9191.11,21,39.61,374020.98,41,14.17,NaN,477567.41,5.7,4,0,10415.12
21285,43,Male,kolkata,Savings,abc,857,140827.04,49,78.89,497396.23,33,8.83,26067.31,112806.29,6.8,5,0,16403.52
20083,36,Female, Bangalore ,Current,40805.16,540,58594.18,17,61.63,981212.05,9,16.18,25849.19,52742.26,10.2,3,1,126663.57
20244,18,Female,MUMBAI,Savings,81477.81,409,116841.56,9,94.55,852446.37,10,10.02,81208.85,362010.76,11.3,4,0,93786.15
20037,64,Male,DELHI,Savings,38784.96,582,109101.56,5,54.71,1251408.45,38,13.34,NaN,168098.69,10.6,3,0,37324.9
20170,61,Female,hyderabad,Savings,173942.15,551,134331.89,28,48.86,97308.32,48,16.43,52972.57,148469.72,11.7,8,0,2360.33
21301,39,Male,mumbai,Savings,90586.53,,2778.08,5,93.95,817834.39,16,13.22,12207.02,350999.89,8.6,8,0,57872.01
21185,46,Female, Kolkata ,Savings,59907.87,684,136603.2,14,92.6,629084.8,9,21.02,75742.75,498162.8,3.8,8,0,84590.94
20779,42,Male,CHENNAI,Savings,,400,28540.78,73,34.92,544478.87,8,21.19,51016.06,124220.94,5.5,1,1,82481.74
20544,18,Male,pune,Savings,58819.43,350,135655.88,45,91.18,756479.25,40,14.47,52123.43,82687.08,8.2,2,1,21648.54
21296,58,Female,kolkata,Savings,66667.94,702,14139.13,54,52.13,73276.65,20,19.97,27727.54,274934.13,5.5,8,1,4395.5
20893,66,Female,bangalore,Current,117256.01,502,90772.29,34,16.97,183147.72,44,8.6,5662.05,196646.47,4.0,5,0,4520.42
21559,24,Female,hyderabad,Savings,173009.22,778,34330.59,52,93.8,409096.24,30,7.05,104959.25,109488.98,9.5,4,0,14597.92
21095,63,Female,MUMBAI,Savings,180419.28,719,61846.59,63,43.95,136202.31,15,11.39,NaN,287135.26,10.5,5,1,10114.38
20394,18,Male,chennai,Savings,150487.31,772,122974.69,24,22.25,1479446.55,13,9.75,90317.71,216369.85,8.1,1,1,124899.43
20064,53,Female, Chennai ,Savings,173735.63,,3154.93,59,18.96,779812.36,45,12.02,49649.44,392907.75,1.1,3,1,19412.13
21631,37,Female,KOLKATA,Savings,127911.76,,44248.83,23,51.61,13009.22,49,18.03,,443287.68,10.5,2,1,313.36
20271,65,Male, Delhi ,Savings,181465.94,615,63096.09,66,94.72,1002389.64,52,21.27,71073.93,106104.25,10.6,2,0,23376.88
21731,48,Female,kolkata,Savings,33109.42,412,72068.96,36,37.3,1102137.72,23,10.29,12221.49,457697.84,0.7,2,1,52849.9
21403,32,Male,mumbai,Savings,116462.08,425,49832.03,58,10.93,1335840.14,41,7.68,57795.75,392435.07,6.9,0,0,35083.72
21594,46,Female,MUMBAI,Savings,129865.87,831,87878.36,52,55.55,1232240.08,51,9.06,,417224.88,10.4,7,0,26350.61
20660,29,Female,kolkata,Savings,165402.35,843,41135.05,35,57.45,113245.38,8,18.69,76551.73,62710.19,2.2,2,0,16801.37
20961,64,Male,DELHI,Savings,53794.01,459,50355.07,32,68.91,1376159.51,27,20.31,27003.91,433256.07,7.8,0,0,61320.65
21545,23,Female,chennai,Savings,44916.1,381,144865.45,43,79.3,404586.92,28,21.76,13522.37,9224.75,0.8,3,0,17593.75
21161,47,Female, Mumbai ,Savings,30954.57,551,127014.1,23,77.2,569195.42,58,20.16,31846.4,10773.35,6.7,6,0,11792.16
21020,20,Male, Pune ,Savings,78155.49,453,9999999,47,72.58,78720.5,56,13.49,NaN,357594.2,2.6,7,0,1595.36
21658,50,Female,KOLKATA,Current,170715.65,670,115642.87,19,80.56,1213210.33,37,11.7,67457.36,12505.46,7.1,1,0,36625.84
21480,40,Male,delhi,Savings,20230.45,542,20707.2,7,49.91,477522.81,8,17.94,115927.09,421091.33,4.2,9,0,70398.8
21805,62,Female,DELHI,Savings,73758.41,832,89036.84,34,81.31,1114256.54,45,14.25,10373.12,110075.52,3.1,6,0,28289.74
21685,38,Male, Delhi ,Savings,22472.96,808,20271.37,25,43.31,310887.74,57,17.39,41566.51,250623.01,7.4,5,0,6402.65
20828,52,Male,kolkata,Savings,186367.66,886,15597.9,15,65.59,601320.55,32,18.28,28617.39,379330.04,10.3,1,0,22226.31
20713,54,Female,delhi,Savings,161127.3,363,142262.97,44,37.25,192530.73,39,15.23,115045.12,48290.34,0.6,8,0,5688.54
21227,64,Male,chennai,Savings,120352.22,,103658.13,67,46.23,1083587.73,26,17.82,9772.41,136379.91,2.5,7,0,49103.19
21021,50,Male,HYDERABAD,Current,189033.79,488,141343.39,13,80.2,437236.51,20,19.81,83840.1,175274.15,4.3,6,1,26192.65
21225,45,Male,PUNE,Current,abc,694,16594.72,20,78.33,1495029.36,57,20.77,60626.28,422294.83,6.4,0,1,31676.26
21697,45,Female,kolkata,Savings,128358.99,731,104537.93,56,35.03,159891.14,46,17.25,NaN,363817.85,4.5,2,0,4075.49
21680,60,Male,kolkata,Savings,24991.75,458,,9,76.07,966909.77,14,9.97,91831.64,308790.91,11.1,7,0,75950.76
20111,57,Female,PUNE,Current,40487.36,443,69995.92,45,90.39,894089.37,51,16.67,54381.65,121756.74,6.1,7,0,20453.61
21478,42,Female,CHENNAI,Savings,146176.17,548,22922.19,65,78.81,702834.13,26,20.06,30121.96,384247.44,9.4,7,0,32454.72
20548,44,Male,HYDERABAD,Current,143657.85,364,28350.39,24,84.93,1387007.41,41,18.29,118480.16,496003.5,8.6,4,0,40016.86
21727,34,Male, Kolkata ,Savings,17929.73,529,96174.28,76,93.63,1226979.76,35,12.62,84385.18,163288.5,2.1,4,0,39480.7
20492,68,Male, Mumbai ,Savings,123054.07,414,7853.05,68,79.38,615068.51,41,7.78,26777.26,469193.44,4.5,0,0,16168.8
20172,69,Male,chennai,Savings,29379.33,794,41342.42,52,36.92,1382275.04,29,17.99,53905.86,166536.44,4.6,2,0,56239.53
20101,66,Female, Hyderabad ,Savings,178278.29,893,92552.03,23,88.31,403022.85,28,21.76,69655.22,373617.15,7.3,0,0,17525.74
20769,63,Male, Delhi ,Current,125642.18,602,60607.96,13,14.99,1457108.22,28,15.13,,192494.83,11.2,3,0,59913.17
20131,59,Female,chennai,Savings,,596,78784.72,25,59.76,939666.33,28,10.33,58310.86,350750.49,0.6,1,0,37026.21
20899,68,Female, Kolkata ,Savings,160294.24,477,36881.16,39,92.34,679177.36,12,10.32,49053.64,229428.59,9.5,1,0,62439.04
20498,35,Male, Bangalore ,Savings,37927.82,365,14953.5,70,82.08,546093.73,46,19.42,56555.3,412807.52,12.0,6,0,14177.07
20988,40,Male,HYDERABAD,Savings,81948.82,703,64270.35,36,25.64,730976.76,9,13.78,41750.24,42275.55,1.8,4,0,92411.71
20706,63,Male, Pune ,Savings,109302.45,820,39250.43,76,74.24,1313140.43,47,21.94,3053.21,254565.65,11.3,9,0,34069.01
21710,31,Female,hyderabad,Savings,,748,9326.53,9,73.86,413077.66,24,20.99,110863.76,399916.72,8.2,7,0,20824.28
20728,57,Male,HYDERABAD,Savings,161349.4,620,,66,33.86,615888.92,12,11.35,12567.92,172429.37,9.3,5,1,57149.36
20256,60,Female,BANGALORE,Savings,59730.0,545,3608.44,46,81.11,218828.09,46,14.19,39256.75,264407.17,1.7,8,0,5432.17
20258,58,Female,mumbai,Current,157191.89,675,138734.18,32,18.14,1321029.69,48,19.95,88656.81,147325.64,2.5,5,0,33011.98
21944,54,Female, Mumbai ,Current,117824.52,775,100701.87,7,60.58,960204.56,28,16.38,12689.14,370947.23,7.9,2,0,39910.22
21715,29,Female, Pune ,Savings,41770.03,892,92858.81,7,18.51,649543.67,45,12.38,66929.75,484556.01,5.9,5,1,16221.27
20599,63,Male,chennai,Current,,471,85076.28,12,56.92,114932.97,41,14.39,105986.22,324892.36,11.7,3,0,3206.63
21556,38,Male,BANGALORE,Savings,47725.01,876,,65,16.18,983027.45,51,15.89,46376.72,77510.95,2.4,0,0,22337.85
20567,28,Female,kolkata,Savings,181211.3,506,6185.22,27,72.58,734909.69,29,19.8,85535.42,89340.06,11.7,0,1,30359.37
20921,29,Female, Mumbai ,Current,70160.84,529,5634.97,9,61.94,591354.11,57,7.89,79792.6,26164.81,2.6,8,0,11193.19
20705,19,Male,BANGALORE,Savings,175786.29,646,88703.37,29,66.29,857593.51,30,12.49,94980.93,427768.96,7.7,0,1,32156.9
21102,51,Male, Delhi ,Savings,170002.75,591,140685.83,29,36.98,1416999.63,34,18.28,106923.22,465353.14,9.4,5,0,49294.92
21610,54,Male,bangalore,Savings,140159.75,581,9999999,39,82.34,518427.54,31,10.95,94524.52,279158.92,10.4,0,0,18554.69
20898,20,Female,PUNE,Savings,37117.89,574,145075.39,73,74.07,722649.49,20,12.45,112181.87,134491.13,2.4,7,0,40630.97
20266,60,Male,chennai,Current,195605.85,842,46289.85,53,89.04,7214.13,36,8.43,96743.9,453350.26,6.3,5,0,217.29
20321,23,Female,BANGALORE,Savings,81883.99,572,34134.04,32,84.54,612339.01,44,21.03,41546.69,84263.41,9.4,2,0,16843.5
21641,67,Male, Mumbai ,Current,155786.89,449,94431.41,49,28.0,436596.7,37,20.35,31270.57,378892.24,6.9,1,0,14201.19
20408,55,Male,delhi,Savings,32501.96,677,85422.94,17,85.96,1270967.09,10,13.62,59095.98,228108.83,1.5,4,0,144407.28
20168,39,Female,delhi,Current,49111.13,682,112594.79,47,71.11,1337961.58,36,9.88,70279.01,26370.36,5.8,4,0,40837.56
20890,45,Male, Pune ,Savings,60426.87,868,78247.03,21,58.79,35757.68,21,18.98,87564.7,240708.35,1.6,5,0,2025.93
21733,64,Male,delhi,Savings,182746.7,744,61566.78,12,90.44,74755.75,13,13.72,91762.55,483767.95,2.1,2,0,6539.4
21776,36,Female,CHENNAI,Savings,105343.04,501,62631.66,53,17.94,335535.99,27,14.59,7701.89,8362.83,5.1,1,0,14240.4
20466,28,Female,KOLKATA,Savings,140140.46,678,,40,36.0,838885.57,59,13.51,46020.49,98059.94,8.8,6,0,16139.31
21116,34,Female, Bangalore ,Savings,176968.52,888,132379.68,77,14.27,41955.29,41,15.66,69845.63,444666.41,8.4,4,0,1183.55
21573,66,Male, Hyderabad ,Savings,84181.25,1200,70616.08,60,39.87,1021918.24,38,10.55,20033.52,13086.54,2.7,1,0,29729.75
20115,30,Female, Mumbai ,Savings,191576.34,827,47220.91,32,81.07,957983.45,26,14.53,85043.55,275737.1,10.0,4,0,42199.17
21890,29,Female,bangalore,Savings,186255.87,850,119297.31,43,18.34,1149399.95,55,17.33,3455.47,223807.74,2.4,6,0,24519.84
21112,31,Female,HYDERABAD,Current,abc,822,128386.29,56,79.05,419300.66,13,14.76,62895.21,109821.72,6.0,1,1,37014.57
21094,44,Male,kolkata,Savings,,592,100701.66,11,71.67,118696.65,43,19.63,79495.92,245220.29,11.5,0,0,3302.25
21277,25,Male,chennai,Current,41385.97,718,25215.48,15,43.57,766066.08,42,8.51,110898.98,329099.02,3.7,3,0,19791.86
21957,28,Female, Mumbai ,Savings,150417.3,810,119744.26,42,91.41,615076.05,58,9.46,45051.98,262392.45,7.8,8,0,11607.97
20915,44,Female, Kolkata ,Savings,129504.66,532,62632.44,38,31.62,1143440.79,6,12.2,33890.17,444635.03,1.3,1,0,213823.43
20291,49,Male, Chennai ,Current,161746.93,648,139640.12,69,70.61,285190.79,49,7.08,12418.95,472696.27,10.8,2,0,6232.29
21055,42,Male,delhi,Current,155860.88,893,62730.55,44,21.59,598296.06,30,17.69,18539.88,347696.45,7.4,8,0,23471.15
21614,27,Female, Delhi ,Savings,60151.15,841,41847.62,29,50.51,109782.09,55,15.17,10565.19,46994.9,11.6,7,0,2298.84
21634,50,Male,delhi,Savings,45240.12,485,2026.13,22,35.34,423034.49,41,21.61,13937.76,301921.58,0.5,4,1,12547.62
20883,50,Female,KOLKATA,Savings,104923.77,778,83028.58,45,99.76,1466955.94,35,8.72,50440.58,52332.42,3.4,9,1,45567.84
20804,64,Male,DELHI,Savings,74605.0,445,70666.47,35,40.85,1301100.42,48,19.45,71530.11,318043.11,8.7,2,0,32378.43
20030,66,Female,CHENNAI,Savings,24841.58,863,117063.32,31,23.98,1209112.21,8,19.95,108392.43,404647.07,5.7,8,0,181291.26
21794,34,Female,chennai,Savings,181401.49,579,106042.69,72,22.41,1137339.01,14,16.42,69154.35,164948.73,5.0,8,0,94577.86
20083,36,Female, Bangalore ,Current,40805.16,540,58594.18,17,61.63,981212.05,9,16.18,25849.19,52742.26,10.2,3,1,126663.57
20021,25,Male, Pune ,Savings,53380.17,640,55634.09,73,22.68,34779.59,35,17.93,92304.54,7335.72,5.2,4,0,1171.87
20234,60,Male, Delhi ,Savings,166103.4,613,,79,39.91,525753.92,16,10.89,26668.06,125262.27,4.8,2,1,36438.03
20641,43,Female,pune,Current,76075.52,730,111223.9,51,82.7,1175692.31,58,14.24,44110.87,336431.18,10.3,0,0,23157.08
21650,21,Male,HYDERABAD,Savings,50543.77,708,10563.39,56,68.44,898777.0,57,7.45,63931.87,215627.92,10.9,3,1,16942.73
20931,36,Male, Chennai ,Savings,41262.87,749,120564.53,22,50.63,168037.39,38,10.4,,27560.22,7.8,2,0,4881.93
21231,59,Female, Delhi ,Savings,89393.44,351,138378.04,9,35.41,1365916.91,41,19.11,118364.41,472157.12,8.3,6,0,39681.55
21460,64,Female, Kolkata ,Savings,65841.65,,60433.34,34,20.53,1197493.17,49,19.42,77208.11,228187.08,1.9,1,0,29184.62
20415,38,Female,delhi,Savings,108228.58,676,72387.56,59,69.97,135871.67,8,13.69,102471.27,48630.37,3.0,8,0,19309.06
20809,29,Female,KOLKATA,Savings,69079.07,588,16418.56,68,81.95,783271.17,54,14.66,40324.41,158354.24,1.5,9,0,16631.46
20075,55,Male, Bangalore ,Savings,32293.16,423,55027.64,77,65.47,430546.78,10,12.28,82270.31,43229.05,9.9,1,1,48341.79
21478,42,Female,chennai,Savings,146176.17,548,22922.19,65,78.81,702834.13,26,20.06,30121.96,384247.44,9.4,7,0,32454.72
21019,31,Female,chennai,Savings,118730.59,601,76170.25,16,31.07,487723.93,47,12.45,86611.26,126169.28,3.3,6,0,11669.05
21360,63,Male,hyderabad,Current,158251.92,511,85759.1,79,91.22,219237.32,35,17.75,16719.46,45317.51,3.2,3,0,7375.77
21206,49,Female, Bangalore ,Current,87223.38,,137851.31,55,99.17,440573.63,24,17.83,95287.64,185579.13,5.7,4,0,21630.33
20885,66,Male, Bangalore ,Savings,174319.96,490,144650.77,66,16.59,729922.04,7,8.28,15163.3,403745.39,0.7,4,0,112908.51
21428,21,Female, Hyderabad ,Savings,abc,603,100133.71,73,61.27,1001394.84,10,19.64,,469662.87,3.6,7,1,119806.88
21455,26,Female,pune,Savings,194952.0,797,145721.7,51,83.76,237850.55,59,14.62,118938.46,160397.18,2.9,4,0,4620.75
20155,65,Male, Mumbai ,Savings,129600.44,745,76811.79,19,70.09,653155.69,45,19.44,16795.72,372165.8,4.9,8,0,17336.2
20762,18,Female, Mumbai ,Savings,42858.92,432,98108.63,50,16.68,281702.85,26,7.13,108884.88,398826.26,1.0,8,0,11607.24
20598,33,Male,pune,Savings,116706.28,853,63803.66,26,29.5,860988.81,21,21.21,,249708.4,9.9,3,0,49695.45
21242,41,Male,DELHI,Savings,183456.74,584,130232.7,11,43.05,1351021.79,6,9.07,,342598.6,1.8,9,0,245593.24
20759,62,Male,pune,Current,196738.25,688,4769.4,48,10.24,937707.72,19,20.42,77380.79,245979.67,9.4,1,0,59430.93
20570,51,Male,chennai,Savings,51702.89,438,127033.66,12,83.56,25504.81,43,10.6,117732.24,147722.71,4.4,1,0,656.01
20230,54,Male,delhi,Savings,52530.92,381,23183.46,54,71.39,994694.81,17,20.94,42362.27,387087.34,1.4,1,0,70763.76
21426,64,Female,HYDERABAD,Savings,105933.52,687,80981.91,23,20.47,1064978.45,52,14.9,117317.8,143550.56,0.9,5,0,23531.93
21887,46,Male, Hyderabad ,Savings,158424.46,368,73031.71,7,75.17,684030.5,42,15.19,108602.77,72283.06,5.8,5,0,18760.35
21138,25,Female,mumbai,Current,111499.29,560,130826.62,17,49.14,1428643.99,35,20.27,108275.15,129080.8,3.0,1,1,49092.29
21217,39,Female,DELHI,Savings,141875.24,678,59788.96,33,61.76,1386795.24,46,7.77,48556.31,76868.68,9.9,7,0,32490.2
21437,25,Male,mumbai,Savings,119461.24,597,130279.71,54,86.8,607614.1,41,8.62,73299.8,256691.51,11.0,7,0,16097.33
21929,39,Male,BANGALORE,Savings,40387.68,848,45381.7,7,33.41,356953.1,43,7.4,65286.65,80271.78,11.3,4,1,8915.53
21918,31,Female,CHENNAI,Savings,177694.08,541,85029.99,38,65.76,83109.25,31,9.45,2712.61,432672.41,7.7,1,0,2934.29
20143,67,Male, Pune ,Savings,101180.3,364,113855.95,62,26.86,1259899.17,40,8.37,4977.64,1856.71,10.5,6,0,34133.82
20193,63,Female,PUNE,Savings,176126.2,528,128583.01,28,77.14,1445139.41,16,18.86,24156.52,358606.23,1.8,2,0,107355.79
21312,66,Female,KOLKATA,Savings,126316.01,717,113879.84,28,89.3,1008869.76,37,8.78,106583.52,368008.82,1.5,0,0,29660.77
20174,30,Female,chennai,Current,51024.41,633,100447.78,24,18.45,675153.99,18,12.63,27662.75,203594.53,4.5,2,0,42245.89
21670,27,Male,BANGALORE,Savings,128892.26,533,39153.02,45,43.36,144893.3,7,7.91,116108.69,140206.72,2.3,3,0,22336.34
21435,66,Female,KOLKATA,Savings,184052.84,,131677.77,24,34.05,1062138.73,40,19.82,NaN,297737.49,3.4,3,1,31816.37
20938,58,Male,HYDERABAD,Savings,65398.62,692,121896.05,53,56.89,271820.77,18,18.48,97679.8,453790.52,9.8,3,0,17891.85
20212,49,Female,pune,Savings,144352.03,,,55,78.57,731129.11,9,8.76,116081.39,234188.55,7.5,3,0,88352.89
21309,66,Female,pune,Savings,125541.9,613,,39,14.12,1392625.61,30,12.91,,464644.74,7.6,5,0,52413.79
20460,52,Female,mumbai,Savings,,,15178.89,29,62.7,529120.47,39,11.16,,387010.55,0.6,2,0,15081.29
20548,44,Male, Hyderabad ,Current,143657.85,364,28350.39,24,84.93,1387007.41,41,18.29,118480.16,496003.5,8.6,4,0,40016.86
20497,38,Female, Chennai ,Savings,174079.87,886,4175.31,71,46.96,552042.05,49,13.26,5745.8,168836.36,1.8,0,0,12760.06
20980,31,Male,DELHI,Savings,49629.93,503,22514.79,16,96.21,1178058.22,25,17.03,71457.69,62285.61,9.1,4,0,55147.26
20952,25,Male,CHENNAI,Savings,92354.97,836,31672.28,26,69.24,229546.22,50,21.62,108563.37,329497.19,9.1,6,0,5583.48
21796,48,Female,delhi,Current,193758.9,581,146873.36,71,30.35,958162.1,21,19.51,63802.32,145812.51,6.5,7,0,54528.55
20536,64,Male,CHENNAI,Current,74306.17,628,,79,76.0,16270.55,45,21.08,95409.75,17474.66,3.1,5,0,437.79
20900,65,Female,delhi,Savings,84552.97,456,73017.24,72,19.33,366446.79,31,15.47,109457.63,18020.4,9.8,5,0,13649.55
21120,26,Female,DELHI,Savings,39195.75,572,26155.71,19,17.91,655666.9,38,15.1,40913.22,328547.2,1.4,1,0,19859.81
21027,18,Male, Bangalore ,Savings,191766.43,532,128743.12,8,88.73,141116.21,30,12.86,51947.8,404879.7,10.5,1,1,5308.79
20567,28,Female, Kolkata ,Savings,181211.3,506,6185.22,27,72.58,734909.69,29,19.8,85535.42,89340.06,11.7,0,1,30359.37
20679,45,Female,PUNE,Savings,28003.61,808,58253.85,56,85.69,289040.98,38,14.94,75624.16,95259.16,8.4,4,1,8742.73
20403,44,Male, Pune ,Savings,187194.81,793,56046.41,5,15.8,667867.78,55,8.66,4679.55,434706.32,7.2,1,0,13194.64
20368,29,Male,mumbai,Current,86160.62,752,35643.49,32,56.25,450981.77,29,10.02,41485.82,213820.56,4.8,5,0,17109.32
20968,48,Female,MUMBAI,Savings,163972.71,476,123091.1,40,64.19,179582.37,57,9.91,27693.75,359466.35,2.9,3,0,3462.79
20193,63,Female, Pune ,Savings,176126.2,528,128583.01,28,77.14,1445139.41,16,18.86,24156.52,358606.23,1.8,2,0,107355.79
21956,47,Female, Pune ,Savings,160904.83,687,125413.95,23,50.75,821800.24,52,10.44,98103.23,255723.7,7.8,1,0,17453.77
20381,63,Male, Bangalore ,Current,121732.22,576,27816.01,10,98.12,1077493.74,25,14.02,79621.86,374596.98,0.5,7,1,49142.33
21400,22,Male,kolkata,Savings,55793.52,,47168.79,44,53.1,712758.45,43,20.8,91888.98,89666.99,6.8,5,0,20023.54
21574,42,Male,hyderabad,Current,181701.33,684,79226.66,17,78.49,415186.74,11,8.77,42397.79,416721.57,6.5,4,0,41054.42
21026,40,Male,kolkata,Savings,55554.47,846,89323.43,50,77.52,744520.86,23,14.06,72746.65,397413.59,7.4,6,1,36921.76
21439,66,Female, Pune ,Savings,157577.85,658,71549.09,25,13.26,1093668.42,13,10.86,78330.23,79922.82,6.2,2,0,93264.68
21116,34,Female, Bangalore ,Savings,,888,132379.68,77,14.27,41955.29,41,15.66,69845.63,444666.41,8.4,4,0,1183.55
21696,42,Male, Bangalore ,Savings,132111.88,403,78479.04,74,50.43,120574.79,9,14.89,37925.32,181019.38,7.4,8,0,15392.04
20606,60,Male,mumbai,Savings,139265.38,430,,15,65.91,598007.24,32,10.08,47902.97,57397.14,7.8,4,0,20571.45
21927,35,Female,CHENNAI,Savings,abc,873,95795.37,17,77.98,1326926.26,29,19.35,1963.61,26286.32,0.8,0,0,54609.88
20252,39,Male,bangalore,Savings,40237.76,821,107106.25,56,52.63,587777.82,29,8.35,2021.0,140027.29,8.3,5,0,21960.6
21288,59,Female,PUNE,Savings,105448.7,489,28404.15,12,96.13,507044.96,17,21.8,84166.46,211806.14,6.6,0,1,36328.28
20292,67,Male,chennai,Current,130073.52,377,64711.27,35,73.38,529470.65,18,19.51,77717.65,15185.31,1.3,6,0,35153.91
20847,64,Female,chennai,Savings,138394.03,836,18604.44,29,99.2,749135.43,18,19.27,20863.38,417592.88,3.5,7,0,49638.55
21790,52,Male, Chennai ,Current,169213.25,861,31699.62,57,88.71,632498.15,10,11.12,31803.93,392535.84,11.7,5,0,70283.19
20394,18,Male, Chennai ,Savings,150487.31,772,122974.69,24,22.25,1479446.55,13,9.75,90317.71,216369.85,8.1,1,1,124899.43
20264,67,Female, Pune ,Savings,168269.77,677,67616.36,24,93.62,159654.15,20,14.79,106431.08,132509.86,2.5,8,0,9163.35
21498,20,Female, Mumbai ,Savings,156084.65,420,145005.05,59,13.74,802774.24,15,16.23,3455.1,224071.27,9.3,4,0,62204.3
21512,59,Female,hyderabad,Savings,102326.97,524,15919.9,9,90.92,774475.89,20,7.11,8600.7,90094.35,2.2,6,0,41477.06
21591,21,Male, Mumbai ,Savings,62767.99,384,20897.33,48,81.14,46958.39,10,11.48,102244.39,387391.39,6.1,9,0,5234.92
20416,20,Male,chennai,Savings,126715.94,699,92223.37,56,81.2,263965.65,25,9.55,101037.41,178909.09,6.5,2,0,11566.97
21127,46,Male,bangalore,Savings,100852.9,508,9999999,52,52.54,1280573.1,13,19.59,31387.92,87712.63,0.7,3,1,117802.87
20015,44,Female, Pune ,Savings,53061.7,731,114002.01,73,31.88,161698.91,43,11.89,92904.1,328167.34,11.8,4,0,4207.56
20517,40,Male, Hyderabad ,Savings,23912.35,378,,59,12.05,611985.68,52,20.97,107332.58,308746.38,5.3,6,0,14236.91
21643,33,Male,hyderabad,Savings,137392.58,353,9999999,20,85.7,935875.64,46,12.04,117672.05,96715.4,12.0,4,0,22794.68
20726,26,Female,PUNE,Current,196890.45,827,14836.13,23,94.0,1328565.38,53,16.99,60678.23,285342.19,3.0,7,0,29326.2
21227,64,Male,CHENNAI,Savings,120352.22,746,103658.13,67,46.23,1083587.73,26,17.82,9772.41,136379.91,2.5,7,0,49103.19
21861,35,Female, Hyderabad ,Savings,34474.21,488,46324.14,48,26.19,1215833.33,40,12.56,25660.97,157821.96,1.2,9,0,34213.55
21889,33,Female,bangalore,Savings,54663.74,811,10809.55,29,11.17,352008.58,9,18.84,33877.29,275616.05,5.8,7,0,46480.78
20113,47,Female, Chennai ,Savings,90394.67,635,51330.08,34,82.83,1414078.92,23,15.25,41066.22,165046.38,2.5,6,0,70857.65
20722,40,Female,mumbai,Savings,107987.34,893,103074.17,14,52.41,132600.75,37,10.72,43277.42,467307.84,5.2,6,0,3967.99
20381,63,Male, Bangalore ,Current,121732.22,576,27816.01,10,98.12,1077493.74,25,14.02,NaN,374596.98,0.5,7,1,49142.33
20230,54,Male, Delhi ,Savings,52530.92,381,23183.46,54,71.39,994694.81,17,20.94,42362.27,387087.34,1.4,1,0,70763.76
20068,51,Male,PUNE,Current,148451.48,801,121519.5,11,37.6,608186.75,17,19.96,110540.99,430589.9,0.9,6,0,42916.52
21744,35,Male,PUNE,Savings,,802,26308.79,64,94.68,61942.86,35,13.82,,305204.0,0.7,9,1,2014.38
20018,56,Male, Delhi ,Savings,185321.14,,68280.36,54,22.05,1303026.53,10,13.45,NaN,59443.54,8.3,6,0,147828.36
21496,22,Female,MUMBAI,Savings,170263.46,745,50436.21,28,63.2,966203.84,14,10.83,78872.92,30603.79,5.9,5,0,76488.84
21777,68,Female, Mumbai ,Savings,152869.45,723,,6,92.85,1063936.84,31,7.58,73296.86,478384.75,6.1,2,0,36922.04
21548,20,Male, Mumbai ,Savings,183341.88,490,13593.21,28,74.58,371293.39,28,16.1,97661.06,467077.94,8.3,5,0,15395.42
21183,34,Male,MUMBAI,Savings,183514.67,426,53791.91,5,29.73,504948.19,23,18.74,104131.82,102192.34,8.6,4,0,26068.5
20923,55,Male,bangalore,Current,179217.31,550,120451.64,18,11.02,291526.03,47,19.54,50974.46,379008.26,5.4,3,0,7414.69
21929,39,Male,bangalore,Savings,40387.68,848,45381.7,7,33.41,356953.1,43,7.4,65286.65,80271.78,11.3,4,1,8915.53
20308,40,Male,CHENNAI,Savings,,420,92011.49,28,27.01,1152111.44,42,16.78,16911.34,271354.66,5.6,4,0,32034.18
21086,67,Male,PUNE,Savings,114242.3,634,86633.65,77,86.36,323042.79,16,9.49,10211.81,6093.99,10.8,9,0,22106.22
20341,23,Female, Chennai ,Savings,157686.51,736,64199.27,23,71.91,270615.31,27,16.32,15985.82,353697.61,2.0,3,1,11658.51
21205,61,Male,DELHI,Savings,abc,,95144.24,40,75.23,892097.71,41,9.38,20808.24,291446.37,1.7,3,0,23799.43
20075,55,Male,BANGALORE,Savings,32293.16,423,55027.64,77,65.47,430546.78,10,12.28,82270.31,43229.05,9.9,1,1,48341.79
21050,26,Male,HYDERABAD,Savings,15698.84,668,135254.6,51,23.9,1413142.85,31,9.04,113106.98,405399.64,1.4,4,1,49706.16
21162,22,Male,bangalore,Savings,45596.73,618,31069.8,45,31.91,375448.09,55,17.49,84819.62,183800.96,2.0,5,0,8020.25
21263,32,Female,kolkata,Savings,88532.4,355,65920.73,28,98.39,544449.8,41,8.6,45092.93,257994.04,1.9,8,0,14421.28
21783,43,Female, Chennai ,Savings,182908.41,791,19715.24,8,10.12,398426.79,33,20.66,96957.43,389396.45,8.3,1,0,14567.93
20672,58,Male, Pune ,Savings,49270.42,736,78212.07,71,85.08,158527.72,45,7.07,,321613.21,8.3,7,0,3771.9
20552,39,Female, Pune ,Current,128576.75,358,90182.43,24,65.83,670780.44,29,10.29,,67693.56,7.3,9,1,25510.47
21642,18,Male,hyderabad,Savings,168163.24,596,34761.25,7,66.06,6904.84,22,14.94,103295.69,103868.52,11.7,9,0,360.75
20828,52,Male,KOLKATA,Savings,,886,15597.9,15,65.59,601320.55,32,18.28,28617.39,379330.04,10.3,1,0,22226.31
20791,59,Male,DELHI,Savings,120634.24,608,91282.57,54,73.86,435395.4,27,11.28,60092.24,199318.72,10.1,8,0,17944.74
21105,21,Female,MUMBAI,Savings,23968.5,833,9999999,37,53.88,1000772.04,13,9.13,61248.99,442113.0,6.8,5,1,84010.96
20315,67,Female,CHENNAI,Savings,176758.49,1200,124336.41,71,34.32,275378.65,17,12.73,100017.5,314314.15,11.0,6,0,18260.84
21453,20,Female,bangalore,Savings,42168.34,496,79623.65,74,33.02,985106.65,57,16.37,15085.6,306971.25,3.1,7,0,20111.73
20509,63,Male,kolkata,Current,48135.69,580,89068.11,49,68.78,1185581.87,32,14.94,46385.2,485246.47,7.4,9,0,42584.62
21936,52,Male, Hyderabad ,Savings,185277.23,418,109202.19,42,63.71,639848.88,36,20.78,112165.4,350300.82,7.2,3,1,21466.93
21256,29,Male,KOLKATA,Savings,90755.68,681,57170.41,41,44.51,1479308.8,44,10.22,66923.48,186921.65,7.8,7,0,37056.69
21552,65,Female, Bangalore ,Savings,36863.45,539,97984.69,56,15.37,516177.48,22,12.64,25368.96,293516.58,9.7,6,0,26428.29
21632,59,Male, Delhi ,Savings,143970.89,823,78131.1,19,19.14,485554.08,43,21.98,102595.95,459297.1,6.9,9,0,13773.93
20334,31,Male,hyderabad,Current,187576.93,757,9999999,19,29.48,1348387.39,47,18.28,71657.65,211409.42,6.5,0,0,33933.46
21234,47,Male, Delhi ,Current,34155.42,466,40513.03,33,86.25,856218.73,49,14.13,102162.77,380602.82,8.1,8,0,19942.91
20228,26,Female,CHENNAI,Savings,38214.85,614,103296.24,64,62.63,702452.14,32,16.94,49625.18,389030.37,5.9,4,0,25670.24
20186,23,Female, Bangalore ,Current,71007.52,545,,65,65.13,1241176.55,17,19.55,9043.84,102163.27,7.3,3,0,87283.92
21583,43,Female,HYDERABAD,Savings,183434.05,456,103986.03,37,44.19,1473919.03,53,15.11,13386.0,204606.13,7.2,1,0,32011.85
20020,66,Female,bangalore,Savings,105829.81,1200,81209.64,74,37.4,568721.98,16,20.67,118595.8,156925.59,9.6,1,0,42892.3
20302,61,Female,bangalore,Current,147228.01,354,69436.61,60,55.64,421678.01,56,18.12,,185770.05,2.3,5,0,8894.39
20093,27,Male,pune,Savings,140020.62,759,130158.57,77,67.96,1432622.31,56,12.5,94909.25,134830.2,3.6,6,1,28780.36
20084,39,Female,kolkata,Savings,101763.26,670,92817.43,42,34.87,1105925.07,14,12.1,118369.03,458814.47,11.2,6,0,88553.0
20436,58,Female, Chennai ,Savings,179535.13,455,99379.72,78,82.52,154461.07,9,16.49,47363.93,232221.86,4.5,2,0,19992.41
20726,26,Female,pune,Current,196890.45,827,14836.13,23,94.0,1328565.38,53,16.99,60678.23,285342.19,3.0,7,0,29326.2
20114,30,Male,bangalore,Savings,158463.57,391,21214.49,39,64.45,988419.05,35,21.71,63885.86,34672.41,1.3,6,0,34371.57
21809,56,Female,delhi,Savings,132041.06,703,122414.02,72,45.78,746766.13,29,9.76,68915.37,47811.37,6.1,8,0,28263.81
21889,33,Female,bangalore,Savings,54663.74,811,10809.55,29,11.17,352008.58,9,18.84,33877.29,275616.05,5.8,7,0,46480.78
20411,45,Female,pune,Savings,25188.8,697,88700.03,15,33.75,1454489.03,13,14.64,45813.98,403907.24,8.6,1,0,128263.56
21119,37,Male,CHENNAI,Savings,128224.3,401,119795.12,39,73.05,1481442.13,40,19.52,16268.67,229206.97,8.3,3,0,44265.49
21695,64,Female,HYDERABAD,Savings,31983.27,735,129621.25,75,38.75,1336691.81,51,20.96,107257.68,391032.74,3.3,6,0,31703.18
21246,36,Female,mumbai,Savings,75425.43,546,117960.67,8,29.33,1483318.24,46,17.84,NaN,260059.27,8.1,6,0,37998.74
20115,30,Female,mumbai,Savings,191576.34,827,47220.91,32,81.07,957983.45,26,14.53,85043.55,275737.1,10.0,4,0,42199.17
21871,68,Male,kolkata,Current,57417.15,416,19228.17,7,51.01,189595.84,47,21.02,35249.51,371744.64,2.3,9,1,4881.89
21935,44,Female, Pune ,Current,127948.57,524,128731.68,21,33.42,923485.33,50,21.38,55393.06,303405.05,10.8,1,1,22418.53
20739,20,Male,BANGALORE,Savings,59579.04,,71129.86,70,64.13,984261.19,23,7.91,70415.08,8457.73,5.7,4,0,46178.97
21801,23,Female,CHENNAI,Savings,119574.67,557,27610.02,53,10.85,375556.33,52,20.14,74677.5,210257.43,8.5,3,0,8676.8
20186,23,Female,bangalore,Current,71007.52,545,9999999,65,65.13,1241176.55,17,19.55,9043.84,102163.27,7.3,3,0,87283.92
20082,68,Male,chennai,Savings,154101.67,423,85948.25,16,57.24,259917.81,6,8.25,20598.99,291989.93,9.9,1,0,46893.5
21193,21,Female,CHENNAI,Savings,185548.03,644,17065.03,77,31.45,1381520.94,13,11.83,101109.21,384589.02,1.8,0,1,118842.68
20828,52,Male,kolkata,Savings,186367.66,886,15597.9,15,65.59,601320.55,32,18.28,28617.39,379330.04,10.3,1,0,22226.31
20571,56,Male, Delhi ,Savings,40987.24,361,79077.33,5,82.27,256244.1,6,12.93,4850.7,261258.05,11.8,6,1,48229.41
21803,21,Male,CHENNAI,Current,115723.69,448,33749.39,48,65.16,1279430.02,25,17.73,38806.04,22399.64,7.7,9,0,60250.92
20263,47,Female, Bangalore ,Savings,115081.78,718,148225.27,56,70.9,441746.38,53,21.61,43692.51,396558.16,6.5,6,0,10136.0
21083,30,Male,MUMBAI,Savings,87915.9,437,103916.23,6,49.94,375853.29,43,11.63,70325.39,195169.35,5.0,9,0,9757.33
20120,24,Male,delhi,Current,abc,576,89335.61,24,59.06,870364.9,50,19.9,110532.64,370475.66,2.7,8,0,20871.35
21610,54,Male, Bangalore ,Savings,140159.75,581,68993.31,39,82.34,518427.54,31,10.95,94524.52,279158.92,10.4,0,0,18554.69
20695,35,Female,DELHI,Current,20392.32,598,24091.22,17,93.48,326590.56,22,19.28,90971.27,38866.12,8.7,7,0,17707.15
20606,60,Male, Mumbai ,Savings,139265.38,430,19098.7,15,65.91,598007.24,32,10.08,NaN,57397.14,7.8,4,0,20571.45
20162,30,Female,CHENNAI,Current,115236.85,461,,20,90.66,1240336.48,50,14.68,3151.0,353123.0,4.8,4,0,28448.36
20025,24,Female,BANGALORE,Current,65053.62,419,134002.15,36,65.21,1244848.16,53,15.44,3854.1,47944.4,7.8,4,0,27114.2
20403,44,Male,PUNE,Savings,187194.81,793,56046.41,5,15.8,667867.78,55,8.66,4679.55,434706.32,7.2,1,0,13194.64
21531,56,Male,CHENNAI,Savings,152438.26,550,11754.79,76,75.9,72127.21,28,13.67,51355.75,149125.27,2.8,6,0,2928.11
20277,37,Male, Mumbai ,Savings,106611.82,612,81993.71,50,14.85,1344232.0,54,9.6,2810.95,440286.27,4.4,1,0,27282.93
20175,63,Female, Chennai ,Savings,46825.81,354,9999999,48,25.12,264935.7,26,11.9,,318968.11,2.7,2,0,11402.42
21917,43,Female,kolkata,Current,33389.54,502,140749.88,49,35.45,484071.54,52,7.75,118025.2,144345.7,10.8,0,0,10030.52
20346,57,Female,chennai,Savings,46174.74,537,121830.93,29,65.05,879709.94,6,8.31,100303.17,266893.56,11.0,3,0,158802.31
20390,45,Male,chennai,Savings,137135.85,853,85346.86,15,31.52,1419534.93,26,14.09,100815.6,412161.86,11.7,0,0,62290.28
20845,40,Female,HYDERABAD,Current,93926.72,663,121383.23,48,40.46,1088703.26,31,20.86,54042.46,156700.27,4.7,7,0,42445.38
20762,18,Female,mumbai,Savings,42858.92,432,98108.63,50,16.68,281702.85,26,7.13,,398826.26,1.0,8,0,11607.24
21266,53,Male, Pune ,Savings,188681.7,899,67797.03,51,42.54,922403.97,37,14.82,31441.4,294766.93,8.3,4,0,28624.44
21454,67,Male,chennai,Savings,60261.72,591,,48,48.96,348410.86,18,10.39,66593.67,265288.91,3.2,6,0,21367.26
20080,20,Male, Delhi ,Savings,122110.56,,46487.21,77,45.1,1356371.16,50,7.43,72188.67,485582.12,6.5,9,0,29142.99
20153,58,Male,mumbai,Savings,197557.73,795,,78,59.81,601949.43,57,7.52,29758.42,174089.18,1.9,7,1,11354.67
21063,66,Female,bangalore,Savings,138132.45,895,28112.89,47,17.4,1138449.46,10,10.16,19107.48,268796.78,7.9,9,1,125411.59
20269,25,Female, Hyderabad ,Savings,23922.77,836,70013.25,6,19.72,982001.54,13,7.7,23455.69,87335.97,10.4,5,0,81355.05
20898,20,Female, Pune ,Savings,37117.89,574,145075.39,73,74.07,722649.49,20,12.45,112181.87,134491.13,2.4,7,0,40630.97
20006,41,Male, Bangalore ,Current,45591.33,1200,51500.4,74,69.7,1351358.32,18,16.93,39108.04,212034.94,2.7,4,0,87785.74
21554,51,Male, Kolkata ,Savings,163296.56,470,9820.84,25,47.29,516210.1,50,19.3,45203.94,219043.5,3.5,1,0,12316.77
21548,20,Male, Mumbai ,Savings,183341.88,490,13593.21,28,74.58,371293.39,28,16.1,97661.06,467077.94,8.3,5,0,15395.42
21113,37,Female, Delhi ,Current,25639.13,364,34688.65,69,30.19,636026.45,57,14.96,57865.08,170045.3,7.6,7,0,12827.65
21401,24,Female,bangalore,Savings,57546.42,394,127431.38,13,27.81,776334.66,6,13.03,93796.01,469756.62,11.4,2,1,146248.51
21262,30,Male,pune,Savings,198420.92,729,128951.72,69,18.95,1088929.04,53,17.38,31733.41,51810.13,5.5,8,0,24116.7
21721,45,Female, Bangalore ,Current,70723.79,777,95567.01,45,39.15,47633.53,24,20.06,29527.16,98038.79,5.9,7,0,2382.87
20212,49,Female, Pune ,Savings,144352.03,665,137994.67,55,78.57,731129.11,9,8.76,116081.39,234188.55,7.5,3,0,88352.89
20539,54,Female, Mumbai ,Savings,177580.27,542,105303.4,66,38.55,165260.79,45,20.63,107425.11,195832.94,7.1,1,0,4430.09
21396,30,Female, Kolkata ,Savings,165714.16,829,9999999,18,95.31,1354605.07,47,21.77,56666.33,152848.22,7.3,8,0,35095.8
21323,46,Female,PUNE,Savings,,369,101478.8,24,60.09,1264346.62,27,11.84,90442.8,456362.71,6.6,8,0,52372.05
21850,32,Male,HYDERABAD,Savings,28536.66,715,6975.13,32,53.03,715955.85,37,19.63,94152.76,82054.45,7.6,5,0,23148.59
20216,43,Female,DELHI,Current,27944.76,832,45939.12,25,27.76,109851.04,52,16.21,7748.4,305523.85,3.8,9,0,2454.96
20305,48,Female,bangalore,Savings,147248.68,551,133006.65,40,97.35,544934.05,19,14.94,113495.95,158118.02,3.0,7,1,32965.64
20492,68,Male, Mumbai ,Savings,123054.07,414,7853.05,68,79.38,615068.51,41,7.78,26777.26,469193.44,4.5,0,0,16168.8
21289,26,Male,kolkata,Savings,,350,6149.3,24,39.03,1162415.97,31,14.96,,88923.74,11.7,3,0,43106.88
20523,59,Male, Kolkata ,Savings,139124.31,891,80578.57,53,78.62,1068580.03,18,8.59,,80103.38,3.0,5,0,64465.06
20040,53,Male, Bangalore ,Savings,abc,536,21824.37,31,45.84,1220183.12,59,10.56,31499.03,420265.47,2.1,1,0,22864.99
20772,57,Male,PUNE,Savings,58145.68,419,83852.97,68,98.49,1446339.27,47,13.67,77875.96,419443.32,6.2,4,0,34979.87
20941,57,Male, Chennai ,Current,186733.93,443,129707.21,40,55.01,534905.63,14,13.85,71421.16,287941.46,2.5,9,0,43499.29
21861,35,Female,hyderabad,Savings,34474.21,488,46324.14,48,26.19,1215833.33,40,12.56,25660.97,157821.96,1.2,9,0,34213.55
20351,40,Male,hyderabad,Savings,134014.65,684,18332.52,52,34.79,160013.44,10,14.38,7170.17,90892.41,8.5,6,0,18302.34
20056,53,Male,kolkata,Savings,162088.91,639,61021.32,72,85.8,494940.48,44,14.48,49620.38,119112.48,11.7,2,0,12877.45
20928,56,Male,HYDERABAD,Current,111285.74,514,91076.16,14,94.23,572085.95,16,8.14,85915.16,366917.82,6.6,4,1,38665.86
21691,57,Male, Hyderabad ,Savings,abc,531,39894.39,12,52.15,1458351.15,57,19.6,83716.42,493756.18,3.7,0,0,30599.79
21121,52,Male, Mumbai ,Current,77130.29,552,38485.49,64,10.67,1171583.78,6,7.56,63822.98,361041.51,4.3,4,0,210025.92
20782,46,Female, Mumbai ,Savings,59724.57,801,138007.28,36,34.41,396270.46,44,19.77,98072.99,474460.88,10.5,8,0,10786.66
20205,36,Male, Hyderabad ,Current,174809.42,864,53784.19,62,81.59,133548.09,52,10.52,106363.25,55649.85,8.3,9,0,2838.41
20494,52,Female,bangalore,Savings,196170.47,419,9021.2,73,29.92,769913.58,52,8.14,16488.86,360538.95,10.2,6,0,16011.24
21207,23,Female, Hyderabad ,Savings,138728.67,718,,20,35.91,505165.23,47,19.97,34589.58,411384.97,4.0,4,0,12894.61
20340,64,Female,chennai,Savings,133883.29,654,78192.09,58,72.34,725389.21,59,7.05,23662.39,296176.65,8.9,7,0,13161.51
21931,18,Female,bangalore,Savings,191393.56,412,39381.4,19,75.49,835425.57,37,18.74,5590.4,20075.86,8.6,4,0,26810.39
21186,68,Male, Mumbai ,Savings,47941.8,606,131701.6,32,10.87,30152.82,6,13.81,21592.66,456083.51,6.3,1,0,5719.49
20742,20,Male, Bangalore ,Savings,89276.94,458,12473.19,46,26.5,703128.09,31,19.61,72451.95,294842.15,6.9,0,0,27129.4
20610,19,Female, Delhi ,Current,73117.18,798,129179.78,32,21.06,117675.97,50,21.67,27524.0,75046.9,7.5,7,0,2863.53
21729,62,Female,MUMBAI,Current,183023.16,841,66869.41,8,70.46,1232055.46,35,16.06,90633.52,244052.55,10.8,0,0,40854.96
21780,56,Male, Chennai ,Savings,57061.05,799,95357.29,29,82.33,1387011.17,47,21.6,119855.58,82430.5,3.2,6,1,35885.23
21901,24,Female, Mumbai ,Savings,,596,,78,15.47,56172.31,26,10.69,69952.65,426823.06,2.2,2,1,2391.43
20933,19,Male,BANGALORE,Savings,154537.8,861,34202.25,74,86.46,1167573.69,53,9.04,84054.52,329253.86,6.8,6,0,24021.18
20573,66,Male,kolkata,Savings,48691.03,790,81867.33,35,97.05,1116763.45,58,10.14,101790.81,18169.41,10.8,4,0,21206.95
20001,65,Female, Bangalore ,Savings,54311.0,557,17364.83,75,11.94,1279537.65,18,20.03,33234.76,300223.38,1.5,3,0,85323.84
20329,60,Female,chennai,Savings,157394.56,788,54630.06,49,53.47,292736.6,34,10.95,78359.64,36399.74,1.4,8,0,9552.68
20500,18,Female,HYDERABAD,Savings,93185.53,825,54019.76,46,69.2,50988.53,57,14.82,89026.96,370494.78,6.0,4,0,1027.11
20281,21,Female, Pune ,Savings,111553.34,567,71347.32,70,69.92,492736.82,12,21.68,105838.97,439914.85,3.4,6,0,49963.51
21179,31,Female, Pune ,Savings,54699.0,465,112671.64,71,99.31,120719.59,47,17.89,4790.52,94550.67,10.2,8,0,3028.01
21030,19,Male,KOLKATA,Savings,31562.02,816,9141.97,71,18.74,1326435.02,34,10.12,NaN,168746.75,7.2,4,0,42960.89
20414,68,Male,MUMBAI,Savings,194791.32,,131063.92,65,55.84,1341031.0,21,13.55,70070.03,246203.3,10.3,3,0,72511.46
21216,55,Female,PUNE,Savings,41451.55,752,69273.37,20,98.63,1391639.68,22,10.01,1054.17,444211.04,6.7,9,1,69588.31
21043,25,Male,bangalore,Current,abc,451,9999999,43,30.24,347197.1,45,19.24,66914.11,71428.3,5.6,5,0,9199.95
20312,62,Male,HYDERABAD,Savings,32435.93,616,38989.35,20,46.41,250728.81,16,14.79,25482.78,313841.97,1.5,8,0,17988.23
20461,34,Female,bangalore,Savings,22906.37,808,63722.38,7,56.69,862593.47,8,12.24,30008.58,386909.23,2.2,0,0,121021.86
21262,30,Male, Pune ,Savings,198420.92,729,128951.72,69,18.95,1088929.04,53,17.38,31733.41,51810.13,5.5,8,0,24116.7
21543,51,Female,chennai,Savings,95976.2,706,95982.95,14,49.83,1141422.93,41,15.72,,54274.0,6.5,0,0,32215.97
21710,31,Female, Hyderabad ,Savings,136631.96,748,,9,73.86,413077.66,24,20.99,110863.76,399916.72,8.2,7,0,20824.28
20982,46,Male,PUNE,Savings,172136.87,779,102850.95,24,46.05,1239974.88,23,13.13,112892.04,454964.3,2.1,4,0,60990.59
21967,63,Female, Kolkata ,Savings,172752.82,545,140533.8,21,12.2,630943.88,38,10.17,73436.83,71783.09,11.3,3,1,18292.39
21595,55,Female,mumbai,Savings,abc,554,,47,17.21,48396.75,53,21.9,NaN,267222.14,3.6,8,0,1113.13
21855,18,Female,bangalore,Savings,162211.25,765,,72,38.32,1074673.39,21,15.87,47390.09,398453.67,11.9,3,0,59296.38
20643,29,Female,KOLKATA,Current,,489,133709.87,9,98.47,916226.18,12,14.6,17525.48,66767.21,8.6,6,0,87499.6
20663,50,Female,CHENNAI,Current,162394.88,,90776.87,19,53.15,619427.59,27,14.76,55116.25,154522.22,8.8,7,0,26327.97
21918,31,Female,CHENNAI,Savings,177694.08,541,85029.99,38,65.76,83109.25,31,9.45,2712.61,432672.41,7.7,1,0,2934.29
20224,31,Male,mumbai,Savings,104887.34,427,,9,46.83,1296167.46,14,20.87,64235.29,398709.3,6.1,3,0,111905.54
20077,47,Male, Mumbai ,Savings,100301.09,580,35129.2,60,99.06,91978.02,39,11.37,118089.62,353230.15,9.6,3,0,2626.56
21208,24,Male,delhi,Savings,90581.56,584,17102.48,50,25.8,649836.38,41,15.54,65016.89,411584.62,1.4,6,0,18312.71
20935,28,Male, Kolkata ,Savings,183307.84,863,37347.53,54,56.78,356186.03,21,12.37,26716.68,281870.1,3.1,4,0,19059.34
20240,36,Female,chennai,Savings,27181.89,353,94082.62,7,85.64,901523.37,7,13.01,100690.02,346725.64,9.1,4,1,145544.51
21670,27,Male,bangalore,Savings,128892.26,533,39153.02,45,43.36,144893.3,7,7.91,116108.69,140206.72,2.3,3,0,22336.34
21714,22,Male,BANGALORE,Savings,,512,54934.32,13,42.13,564639.99,36,19.73,27081.82,203465.0,11.3,0,1,18778.99
20315,67,Female,chennai,Savings,176758.49,813,124336.41,71,34.32,275378.65,17,12.73,100017.5,314314.15,11.0,6,0,18260.84
21646,28,Female,MUMBAI,Savings,71935.47,361,,44,40.92,528175.29,46,11.13,100790.1,12194.25,5.9,2,0,12760.03
20272,68,Female,chennai,Savings,15575.88,553,4923.2,20,30.05,483834.0,50,14.2,86061.39,201715.0,1.1,2,0,11050.77
20727,29,Male,DELHI,Current,134068.26,803,113788.28,79,18.66,31253.46,47,18.7,55536.53,328949.29,11.8,4,1,789.32
21585,40,Female, Kolkata ,Current,34670.69,505,93669.23,19,28.01,227148.41,57,17.73,41406.98,457425.08,11.5,5,0,4691.61
20915,44,Female,kolkata,Savings,129504.66,532,,38,31.62,1143440.79,6,12.2,33890.17,444635.03,1.3,1,0,213823.43
20572,57,Male,mumbai,Savings,69889.51,664,58005.66,74,92.45,459518.53,13,16.14,626.57,436846.13,7.6,1,0,41052.68
20374,61,Male, Bangalore ,Savings,68087.35,431,,58,89.95,1307886.17,12,9.33,34123.18,299857.93,4.9,4,0,119159.33
21376,46,Male,hyderabad,Savings,148193.97,501,140467.15,8,72.67,246885.15,48,10.15,70804.19,1658.34,3.5,1,0,5665.5
20232,62,Male,HYDERABAD,Savings,140974.18,894,4499.55,72,66.53,971381.67,7,11.11,119332.12,40577.01,4.2,5,1,154186.02
21126,43,Female, Bangalore ,Savings,abc,687,100745.69,57,44.35,59557.09,8,12.28,14369.56,220025.65,2.7,7,0,8358.84
21974,22,Female,hyderabad,Current,149944.09,740,21882.97,74,53.71,220157.06,19,18.61,13876.43,300363.96,7.2,9,0,13743.59
21647,41,Female, Mumbai ,Savings,145782.52,424,86734.46,45,76.97,696105.68,9,11.42,,458969.16,2.2,3,0,86177.88
21811,54,Female,HYDERABAD,Savings,172115.24,711,27997.4,8,70.61,839892.63,33,10.85,,441147.58,2.9,6,0,28212.76
20805,61,Male,delhi,Current,52173.18,750,69996.88,74,35.76,649356.17,28,16.99,90800.85,340732.22,11.0,3,0,27131.49
20165,24,Female, Bangalore ,Current,133301.62,581,57422.15,68,67.12,1090586.98,49,8.43,18480.99,56258.84,7.9,8,0,24133.13
20068,51,Male, Pune ,Current,148451.48,801,121519.5,11,37.6,608186.75,17,19.96,110540.99,430589.9,0.9,6,0,42916.52
20010,41,Male,CHENNAI,Savings,82640.78,552,10104.81,30,46.26,624179.06,27,21.89,22000.58,159014.11,4.4,2,0,28178.22
20123,45,Female,mumbai,Savings,69984.08,352,125807.27,29,50.54,243373.2,11,16.76,95279.6,79928.3,7.0,7,0,25832.96
21200,28,Male,KOLKATA,Savings,55199.33,710,20655.37,43,27.78,422919.04,14,12.24,119845.62,100561.96,8.9,3,0,33906.02
20641,43,Female,PUNE,Current,76075.52,730,111223.9,51,82.7,1175692.31,58,14.24,44110.87,336431.18,10.3,0,0,23157.08
20713,54,Female,delhi,Savings,161127.3,363,,44,37.25,192530.73,39,15.23,115045.12,48290.34,0.6,8,0,5688.54
21515,38,Male,MUMBAI,Current,119495.12,870,48165.99,7,44.21,1139456.29,12,16.86,NaN,393996.26,2.9,3,0,110964.05
21874,18,Female,BANGALORE,Current,188791.47,735,132707.08,59,90.35,551799.05,38,9.19,80494.04,26719.4,11.8,3,0,15855.51
20321,23,Female,bangalore,Savings,81883.99,572,34134.04,32,84.54,612339.01,44,21.03,41546.69,84263.41,9.4,2,0,16843.5
20922,51,Female, Mumbai ,Current,100524.62,751,141210.43,16,24.92,908724.26,12,16.49,78902.88,414075.31,2.5,1,0,88214.41
20189,50,Male,BANGALORE,Savings,182837.15,791,121195.08,38,17.55,772561.8,28,18.81,4143.28,226310.27,9.6,3,0,32781.45
21189,65,Male,pune,Savings,196461.32,743,,31,82.87,122466.39,14,16.23,NaN,42553.54,8.4,9,0,10167.33
21999,24,Male, Hyderabad ,Current,190177.5,670,67163.61,30,89.43,900642.29,6,14.23,64603.83,460570.56,5.6,0,0,171467.28
20390,45,Male,CHENNAI,Savings,137135.85,853,85346.86,15,31.52,1419534.93,26,14.09,100815.6,412161.86,11.7,0,0,62290.28
20398,30,Male,BANGALORE,Savings,129188.26,490,149598.56,75,60.33,225313.68,58,20.77,16687.37,429892.02,10.3,3,1,4691.57
20372,26,Male, Pune ,Savings,119348.08,868,136835.8,46,80.98,616998.97,6,9.35,25332.76,269435.11,3.7,3,0,112448.06
20714,18,Male, Hyderabad ,Savings,139826.95,592,149150.05,55,83.36,198270.89,8,19.0,61529.18,436295.26,10.8,6,0,29492.79
20874,46,Female,hyderabad,Savings,172539.27,523,55330.52,29,43.11,1419345.52,14,13.46,117094.69,474053.11,4.4,6,0,115027.82
21990,38,Female,kolkata,Savings,abc,471,5297.61,53,10.02,1310153.03,20,21.51,110694.71,382014.45,5.9,8,0,79598.35
21870,60,Female, Chennai ,Savings,190494.34,893,43922.47,26,32.88,174839.33,47,15.48,116026.86,11965.64,2.2,0,0,4295.84
21698,66,Female,chennai,Savings,,612,45029.01,64,11.28,469642.54,54,7.07,14448.16,135791.06,10.2,9,1,9311.97
21011,33,Male,HYDERABAD,Savings,108180.13,890,32358.75,53,12.42,1231703.95,47,21.6,96030.19,244649.87,7.8,0,0,31867.06
21601,49,Male,PUNE,Current,156672.77,588,99308.16,40,75.71,954133.63,16,13.75,79767.04,486787.49,6.7,0,0,67832.94
21924,31,Male,HYDERABAD,Savings,152338.62,785,57770.21,54,39.37,596064.46,46,7.15,35133.9,90815.78,6.9,4,0,13884.41
20351,40,Male, Hyderabad ,Savings,134014.65,684,18332.52,52,34.79,160013.44,10,14.38,7170.17,90892.41,8.5,6,0,18302.34
20751,65,Female,hyderabad,Savings,177527.06,353,15421.9,7,34.78,1380307.61,19,12.71,85376.06,363633.95,9.3,9,0,81881.3
21454,67,Male,chennai,Savings,60261.72,591,59281.42,48,48.96,348410.86,18,10.39,66593.67,265288.91,3.2,6,0,21367.26
20583,32,Female,chennai,Savings,188560.12,406,65224.34,47,63.34,163198.11,22,10.99,94675.52,428742.45,1.9,7,0,8233.34
21664,54,Male, Pune ,Savings,193943.41,,11432.46,16,26.75,909924.61,46,17.81,NaN,60997.67,5.7,4,0,23303.96
21528,35,Male, Mumbai ,Current,82457.96,455,144496.68,12,14.97,1339179.91,13,20.12,96353.87,466409.53,1.0,0,0,123740.22
20443,21,Male, Delhi ,Savings,175668.64,874,18433.83,49,86.2,915342.13,24,12.01,,363958.94,9.3,1,0,42719.78
20949,26,Male,KOLKATA,Savings,162841.12,868,98129.9,20,85.89,893800.96,36,11.46,94282.74,33767.62,6.1,8,0,27673.07
21508,19,Female,HYDERABAD,Current,108420.69,652,23603.66,10,79.22,626971.08,21,16.66,42056.16,330716.17,11.2,2,0,34829.74
20836,35,Female, Bangalore ,Savings,185489.8,743,86946.25,8,16.83,1283995.21,7,15.91,96915.01,409373.44,8.7,4,0,212611.26
21512,59,Female, Hyderabad ,Savings,102326.97,,15919.9,9,90.92,774475.89,20,7.11,8600.7,90094.35,2.2,6,0,41477.06
21396,30,Female,KOLKATA,Savings,165714.16,829,122053.47,18,95.31,1354605.07,47,21.77,56666.33,152848.22,7.3,8,0,35095.8
20652,60,Female,chennai,Savings,135630.76,625,140823.71,59,23.05,94631.84,32,12.37,41917.15,50468.61,4.0,9,0,3323.06
20322,57,Female, Chennai ,Savings,64062.26,383,62045.84,47,69.79,1483763.55,11,19.8,76401.72,201470.35,4.0,8,0,161595.34
21786,55,Female, Chennai ,Savings,185148.09,694,7450.76,34,90.02,242941.1,20,19.11,69808.67,242398.81,12.0,5,0,14468.36
21302,23,Female,HYDERABAD,Savings,190174.42,493,138073.81,25,19.93,131469.56,14,10.12,100256.35,400302.85,7.7,5,1,10341.02
20649,23,Male,PUNE,Current,36980.15,490,34439.47,17,81.2,871135.06,22,12.38,60711.44,45586.9,6.6,1,0,44499.16
21056,32,Male,CHENNAI,Savings,41368.69,876,39049.1,61,86.46,1028996.14,38,11.47,24120.73,339104.03,6.6,8,0,30184.79
20762,18,Female,MUMBAI,Savings,42858.92,432,9999999,50,16.68,281702.85,26,7.13,108884.88,398826.26,1.0,8,0,11607.24
20816,49,Male,KOLKATA,Savings,38835.15,827,127745.73,21,42.16,415992.31,41,21.82,20963.18,428993.94,9.7,0,0,12360.04
21486,26,Male, Mumbai ,Savings,45065.48,656,20422.48,36,62.48,1382629.98,19,16.54,72875.58,123914.5,3.6,3,0,84806.16
21231,59,Female,DELHI,Savings,89393.44,351,138378.04,9,35.41,1365916.91,41,19.11,118364.41,472157.12,8.3,6,0,39681.55
20382,68,Female,KOLKATA,Savings,46882.96,858,21985.45,34,38.58,952562.28,51,20.88,105122.9,140028.18,10.8,9,0,22577.59
20851,50,Male,kolkata,Current,167859.58,685,111650.28,52,59.58,826433.78,56,10.04,,369713.81,9.2,1,1,16239.42
20877,65,Female, Chennai ,Savings,,882,87625.27,65,15.5,43496.11,45,12.82,44355.46,15920.22,11.6,5,0,1090.5
20451,68,Female,delhi,Current,80229.49,809,66923.44,29,88.64,92470.15,25,20.63,101288.83,302192.07,8.2,5,0,4461.87
20227,46,Male,hyderabad,Savings,abc,395,60412.2,41,85.35,229128.67,40,16.14,119586.06,425169.92,0.7,0,0,6652.75
21123,58,Female,mumbai,Current,107083.38,771,74864.27,9,13.54,1221318.53,12,17.15,12740.89,297993.6,5.5,6,0,119231.22
21493,63,Female,bangalore,Current,abc,721,19206.57,8,24.6,1115444.79,57,16.39,14098.81,22715.9,4.5,8,0,22776.6
20789,68,Male,delhi,Current,22430.47,495,148570.71,58,90.48,676784.79,51,12.69,6499.59,287753.21,6.3,7,0,14954.29
21528,35,Male,MUMBAI,Current,82457.96,455,144496.68,12,14.97,1339179.91,13,20.12,,466409.53,1.0,0,0,123740.22
20750,61,Male, Chennai ,Savings,143515.97,431,15876.71,28,16.53,197331.71,18,17.71,22703.02,424436.66,10.3,4,0,12904.4
21340,50,Female, Kolkata ,Savings,151151.3,727,145590.8,76,60.42,1006121.78,43,9.77,30976.73,88890.37,1.3,3,0,25684.18
21210,50,Female,MUMBAI,Savings,93860.07,,60091.49,46,28.0,870903.54,40,13.08,86345.39,5180.43,10.7,8,1,24620.44
21314,47,Male,CHENNAI,Savings,41568.31,718,92042.54,20,55.91,1286819.85,26,16.44,88315.63,183484.4,11.2,2,0,57629.73
21974,22,Female, Hyderabad ,Current,,740,21882.97,74,53.71,220157.06,19,18.61,13876.43,300363.96,7.2,9,0,13743.59
20097,32,Female, Delhi ,Savings,141258.22,584,13607.7,20,13.27,701127.25,44,17.89,113622.02,300964.92,7.6,9,0,18785.43
21282,21,Male,KOLKATA,Savings,171681.94,805,134296.93,16,69.21,1188210.92,35,12.66,47231.3,465826.01,4.9,0,0,38246.81
21735,44,Female, Kolkata ,Savings,,407,56593.34,46,95.17,768821.6,42,16.14,19725.39,251390.72,11.6,6,0,21259.75
20475,57,Female,CHENNAI,Savings,100982.13,530,63170.95,49,92.8,893861.67,21,10.02,18494.87,436289.15,3.1,2,0,46829.84
21103,21,Female, Bangalore ,Savings,32079.97,711,25703.71,19,67.65,1456123.58,51,9.59,36897.25,200093.12,11.9,0,0,31289.53
21170,38,Male,BANGALORE,Savings,15406.82,726,33014.15,67,82.99,1041265.48,27,9.06,40124.95,23499.24,4.7,4,0,42059.41
20923,55,Male, Bangalore ,Current,,550,120451.64,18,11.02,291526.03,47,19.54,50974.46,379008.26,5.4,3,0,7414.69
20161,45,Female, Pune ,Savings,abc,820,58659.1,52,66.84,882356.85,59,17.82,94779.83,22244.81,7.1,9,0,17620.22
20416,20,Male, Chennai ,Savings,126715.94,699,92223.37,56,81.2,263965.65,25,9.55,101037.41,178909.09,6.5,2,0,11566.97
21370,46,Female,chennai,Savings,17534.86,,24291.21,12,18.31,148627.68,48,21.63,57375.69,427284.45,3.5,1,0,3766.16
20818,49,Male,DELHI,Current,68846.77,825,4399.94,40,86.08,555005.72,17,12.99,,353693.59,9.5,0,1,36888.29
20454,64,Male, Bangalore ,Savings,173037.76,534,20799.36,49,96.54,948027.42,48,11.02,119202.42,73547.31,6.1,3,0,21927.08
20999,66,Female,hyderabad,Savings,155343.99,480,116949.69,65,84.26,1441829.9,52,13.92,66307.98,337026.51,11.6,6,0,31587.17
20810,18,Female,BANGALORE,Savings,37821.35,727,41702.95,21,59.51,450900.64,27,11.34,57310.43,366271.13,6.4,4,0,18593.81
20589,46,Male,HYDERABAD,Current,92962.7,723,93367.03,37,15.42,1125797.94,9,8.88,23355.74,118338.73,11.9,0,0,136196.53
22000,64,Male, Hyderabad ,Savings,17017.43,666,137053.03,71,75.15,928987.11,30,16.01,2796.06,216062.22,8.3,7,0,35923.93
21137,61,Male, Pune ,Savings,177388.56,,93925.2,57,37.61,625081.07,53,20.09,59922.08,292040.55,7.9,4,0,14163.39
20039,41,Male, Mumbai ,Savings,159313.69,592,89527.44,26,48.3,1082674.65,27,12.63,42826.96,117997.27,8.5,2,0,45163.57
22000,64,Male,HYDERABAD,Savings,17017.43,666,137053.03,71,75.15,928987.11,30,16.01,2796.06,216062.22,8.3,7,0,35923.93
20594,38,Male,KOLKATA,Current,176010.16,867,146285.74,63,91.31,1337674.53,23,9.65,59800.03,473451.73,6.6,7,0,63772.18
20423,63,Male, Bangalore ,Savings,107144.31,698,143357.83,29,20.83,633007.89,8,12.91,85493.84,112967.35,11.1,0,0,89341.15
20044,66,Female,BANGALORE,Savings,43613.62,473,13432.96,61,64.94,762384.77,27,18.84,14008.48,115466.04,6.0,9,0,33556.22
20485,49,Female,chennai,Current,102647.98,,107080.07,27,92.15,925336.3,26,14.53,28840.95,22893.22,8.9,7,1,40761.06
21134,43,Male,hyderabad,Savings,,621,68586.44,23,21.34,1254312.05,31,9.84,19718.26,391225.55,8.5,3,0,44443.11
21693,25,Male,CHENNAI,Savings,175520.01,611,145353.24,45,45.22,848972.06,15,15.9,98436.16,350677.86,5.0,3,0,65597.24
21152,23,Male,hyderabad,Current,76338.14,731,59377.7,37,21.56,1359967.43,32,14.92,33050.49,172261.13,1.7,8,0,48839.83
20914,19,Female,pune,Savings,59908.31,678,12661.38,61,19.99,1389173.69,45,16.49,118988.77,410773.98,2.1,7,1,35961.08
21553,56,Female, Hyderabad ,Savings,71797.06,855,69871.08,28,70.07,394824.74,17,9.15,102096.09,144182.88,0.8,9,0,25350.07
20615,69,Female,delhi,Savings,167749.65,844,117294.64,28,85.92,936591.98,17,21.47,71975.56,313236.27,9.5,3,0,66922.25
21013,60,Male, Chennai ,Savings,138395.52,828,66031.0,20,10.86,78870.28,27,12.19,24217.71,111189.13,1.5,7,0,3277.21
21910,21,Female,CHENNAI,Savings,92223.14,873,127377.69,72,15.75,447769.24,58,8.67,76768.18,480989.44,2.0,0,0,8389.5
20458,29,Female, Delhi ,Savings,137667.35,452,134786.08,24,79.67,1227782.32,57,7.7,41629.93,418053.76,4.5,1,0,23198.62
20115,30,Female,mumbai,Savings,191576.34,827,47220.91,32,81.07,957983.45,26,14.53,85043.55,275737.1,10.0,4,0,42199.17
21079,30,Female, Chennai ,Savings,148049.02,427,10887.45,61,23.39,1434048.86,58,13.34,22376.69,352985.38,8.7,7,0,28023.29
20103,61,Female,BANGALORE,Current,155574.71,352,12928.99,76,54.48,724707.87,43,20.65,115202.71,429303.4,11.1,2,1,20333.95
20430,63,Female, Chennai ,Current,180243.33,452,47030.8,21,12.66,1313993.19,43,19.18,112525.78,332912.09,10.2,0,0,36419.0
21783,43,Female,chennai,Savings,182908.41,791,19715.24,8,10.12,398426.79,33,20.66,96957.43,389396.45,8.3,1,0,14567.93
20675,64,Male,chennai,Savings,177517.55,524,,74,79.71,1047891.11,46,14.24,31576.17,350161.67,3.3,7,0,26024.15
20091,61,Female,BANGALORE,Current,118440.56,386,40783.02,47,69.47,280495.21,18,16.15,67193.04,365892.68,7.0,1,0,18099.73
21732,23,Male,BANGALORE,Current,164257.69,801,119500.92,63,80.47,423332.34,50,7.61,99182.8,313489.77,2.6,5,0,9110.96
21094,44,Male, Kolkata ,Savings,129256.08,592,100701.66,11,71.67,118696.65,43,19.63,79495.92,245220.29,11.5,0,0,3302.25
21095,63,Female,MUMBAI,Savings,180419.28,719,61846.59,63,43.95,136202.31,15,11.39,61370.33,287135.26,10.5,5,1,10114.38
21243,29,Female,hyderabad,Savings,134284.27,794,144112.88,18,42.77,172000.91,50,17.26,98670.86,249921.52,10.8,4,0,4033.77
20383,53,Female,delhi,Savings,17798.84,775,92181.72,13,77.69,1239687.61,15,17.76,83524.62,462402.71,10.3,9,0,97323.74
21912,54,Male, Hyderabad ,Savings,156199.1,546,21751.69,50,82.87,989489.87,20,11.81,38520.03,64221.11,2.1,2,0,55317.43
20659,50,Female, Mumbai ,Savings,83353.82,402,16352.59,71,20.94,85299.85,50,19.25,75889.48,469870.44,11.8,4,0,2034.4
20972,38,Female,delhi,Current,80480.37,849,9733.44,26,56.84,1254112.9,11,15.41,1230.03,492553.48,5.8,7,0,131579.25
20991,41,Female,hyderabad,Savings,,1200,,75,97.01,415958.41,46,12.78,80842.06,353376.15,4.4,5,0,10198.22
21566,65,Male,HYDERABAD,Savings,29874.31,884,41630.62,48,17.17,1355434.04,30,18.98,75329.56,41890.7,4.9,0,0,53756.51
20884,57,Male, Kolkata ,Savings,179133.56,780,17085.26,39,66.66,1384375.26,8,7.84,115286.92,139079.23,10.3,3,0,186613.79
21771,50,Male,MUMBAI,Current,160391.97,563,136018.94,59,53.56,1037899.12,57,13.79,16302.94,492041.34,11.4,3,0,20719.74
21314,47,Male, Chennai ,Savings,41568.31,718,92042.54,20,55.91,1286819.85,26,16.44,88315.63,183484.4,11.2,2,0,57629.73
21375,66,Male,BANGALORE,Savings,32092.98,404,104830.58,38,21.09,1410191.77,17,14.94,89008.41,346842.24,6.2,9,0,95345.55
21246,36,Female, Mumbai ,Savings,75425.43,546,,8,29.33,1483318.24,46,17.84,67655.37,260059.27,8.1,6,0,37998.74
20158,41,Female, Bangalore ,Current,51393.74,351,146241.21,76,92.4,299595.71,43,9.84,26215.01,149381.4,3.4,5,0,7652.93
21072,26,Male,HYDERABAD,Savings,20162.65,411,82955.62,17,51.78,844454.42,11,12.45,109461.75,372839.89,6.8,9,0,86326.27
21208,24,Male,DELHI,Savings,90581.56,584,17102.48,50,25.8,649836.38,41,15.54,65016.89,411584.62,1.4,6,0,18312.71
21430,34,Female, Kolkata ,Savings,36245.66,581,20293.23,10,18.23,474605.08,44,12.38,4088.07,217067.25,0.6,2,0,12121.85
21095,63,Female,mumbai,Savings,180419.28,719,61846.59,63,43.95,136202.31,15,11.39,61370.33,287135.26,10.5,5,1,10114.38
20017,57,Male,pune,Current,27425.63,623,117754.98,47,45.13,819181.08,45,13.61,26698.87,256818.18,11.8,7,0,20681.59
21808,61,Female,MUMBAI,Savings,94426.73,462,5352.87,58,57.75,1356255.32,13,19.73,117680.23,80074.06,9.0,7,0,124911.11
20084,39,Female,KOLKATA,Savings,101763.26,670,92817.43,42,34.87,1105925.07,14,12.1,118369.03,458814.47,11.2,6,0,88553.0
20092,59,Male,KOLKATA,Savings,191636.32,776,11944.71,29,85.22,711609.31,59,18.07,48206.46,432775.93,1.9,8,0,14240.63
20583,32,Female,chennai,Savings,188560.12,,65224.34,47,63.34,163198.11,22,10.99,94675.52,428742.45,1.9,7,0,8233.34
20840,23,Male,hyderabad,Current,62404.98,737,9172.1,33,84.46,509225.26,28,15.41,NaN,137459.91,1.7,4,0,20989.17
21578,69,Female,DELHI,Current,87424.65,848,127826.45,17,34.41,1011552.95,16,7.79,28376.85,222180.87,3.5,4,1,68147.06
20398,30,Male,bangalore,Savings,129188.26,490,,75,60.33,225313.68,58,20.77,16687.37,429892.02,10.3,3,1,4691.57
21854,59,Male,hyderabad,Current,68159.14,811,110282.63,22,49.98,756161.23,33,20.81,4015.02,237655.28,11.6,2,0,27682.38
21643,33,Male,HYDERABAD,Savings,137392.58,353,81924.49,20,85.7,935875.64,46,12.04,117672.05,96715.4,12.0,4,0,22794.68
20257,50,Male, Kolkata ,Current,113596.2,799,51091.64,64,12.37,742451.6,13,21.06,30587.11,416664.21,6.2,4,1,69139.38
21071,66,Female, Kolkata ,Savings,116595.18,377,110138.11,38,37.26,1029189.64,12,14.2,47428.78,81574.64,1.0,4,0,97944.55
20879,61,Female,kolkata,Savings,98995.46,882,145650.92,31,38.76,1123575.24,29,17.71,73527.98,399781.27,11.3,4,1,45605.53
20870,45,Male, Pune ,Savings,188900.14,521,98086.07,13,89.75,727814.23,13,21.43,26686.25,479202.07,11.1,7,0,67983.45
21858,35,Male, Kolkata ,Current,86058.03,,105152.32,46,11.77,1027039.13,21,13.19,86507.7,471130.85,1.5,6,0,55357.41
20126,60,Male,kolkata,Savings,128750.36,788,77317.2,76,10.94,1291615.03,16,11.29,56412.79,6334.58,2.5,6,0,89839.9
21239,45,Male,PUNE,Savings,30113.87,878,41810.16,60,34.21,1339533.15,17,7.95,,293937.05,3.3,0,0,85060.36
21873,61,Female,chennai,Savings,102803.74,357,101023.57,5,33.79,757110.64,24,15.84,56000.06,469455.26,11.1,1,0,36543.21
21073,41,Female,bangalore,Current,100588.14,535,142916.75,13,23.67,929.65,53,9.87,883.13,233270.28,6.4,9,0,19.27
20772,57,Male,pune,Savings,58145.68,419,83852.97,68,98.49,1446339.27,47,13.67,77875.96,419443.32,6.2,4,0,34979.87
20718,39,Male,CHENNAI,Savings,102193.93,887,,24,82.53,1057204.57,43,12.24,20031.73,124528.99,7.8,5,0,27595.5
20701,40,Male, Delhi ,Savings,24913.58,373,46543.94,8,42.97,1233749.83,56,16.82,21738.0,51917.62,6.5,8,1,25736.9
20509,63,Male,KOLKATA,Current,48135.69,580,89068.11,49,68.78,1185581.87,32,14.94,46385.2,485246.47,7.4,9,0,42584.62
20017,57,Male, Pune ,Current,27425.63,623,117754.98,47,45.13,819181.08,45,13.61,26698.87,256818.18,11.8,7,0,20681.59
20908,54,Male, Hyderabad ,Current,51733.25,824,113149.86,75,89.95,1440483.31,25,15.48,7111.85,243475.72,9.5,2,0,66538.81
21794,34,Female,chennai,Savings,181401.49,579,,72,22.41,1137339.01,14,16.42,69154.35,164948.73,5.0,8,0,94577.86
20866,63,Female,KOLKATA,Savings,132651.92,770,127452.19,59,96.85,1252484.16,46,21.33,80358.76,23181.26,5.7,3,0,33035.63
21594,46,Female, Mumbai ,Savings,129865.87,831,87878.36,52,55.55,1232240.08,51,9.06,7801.38,417224.88,10.4,7,0,26350.61
20138,24,Female,MUMBAI,Savings,172009.1,622,78687.53,7,44.84,1469373.57,41,18.18,111271.46,152136.29,9.8,9,0,42353.8
20947,38,Female,chennai,Current,193324.62,358,35915.88,62,40.13,1154413.75,56,7.1,53258.02,482894.7,2.6,9,0,22078.16
21553,56,Female,hyderabad,Savings,71797.06,855,69871.08,28,70.07,394824.74,17,9.15,102096.09,144182.88,0.8,9,0,25350.07
21141,28,Male, Mumbai ,Savings,65131.96,468,67906.97,72,96.82,19360.15,51,21.68,12902.56,366217.07,7.4,7,0,461.91
21214,42,Male, Pune ,Current,92009.65,829,18443.3,7,78.48,39365.24,55,10.73,23497.61,434720.19,4.4,4,0,792.53
21090,23,Female,chennai,Savings,185337.48,612,130704.33,67,68.12,1282390.03,35,7.49,102082.01,287903.41,6.6,6,0,39384.03
20628,41,Male,PUNE,Current,150691.78,441,12397.8,52,81.92,665661.79,9,14.39,,114776.85,3.4,7,0,84605.61
21055,42,Male,DELHI,Current,155860.88,893,62730.55,44,21.59,598296.06,30,17.69,18539.88,347696.45,7.4,8,0,23471.15
21862,44,Female,PUNE,Current,176222.72,,118043.2,38,11.17,1165652.97,9,10.85,NaN,373048.71,1.9,4,0,143569.59
20183,36,Female,PUNE,Current,110208.68,1200,131525.61,13,43.68,168233.86,43,11.02,66055.71,338968.58,1.6,8,0,4343.56
21711,19,Female, Pune ,Current,abc,654,12712.65,6,62.33,1005929.84,44,16.86,78429.31,195916.19,2.7,9,1,26716.58
20598,33,Male,PUNE,Savings,116706.28,853,63803.66,26,29.5,860988.81,21,21.21,19754.24,249708.4,9.9,3,0,49695.45
20011,26,Male, Hyderabad ,Savings,109998.64,577,139836.91,39,43.67,375117.68,12,21.51,118125.74,322763.27,10.4,2,0,37983.79
21211,57,Female, Pune ,Current,,557,77556.59,43,17.92,132102.01,29,12.93,114068.52,96176.84,9.1,3,0,5144.23
21250,62,Female,bangalore,Savings,63585.65,878,95045.79,41,23.91,1189716.0,50,18.57,,260156.34,10.5,4,0,28212.93
20381,63,Male,BANGALORE,Current,121732.22,1200,27816.01,10,98.12,1077493.74,25,14.02,79621.86,374596.98,0.5,7,1,49142.33
21195,29,Male,delhi,Savings,186463.88,701,73531.65,74,25.4,1056577.0,28,19.14,83390.88,187367.44,10.5,7,0,44957.35
20039,41,Male,MUMBAI,Savings,159313.69,592,89527.44,26,48.3,1082674.65,27,12.63,42826.96,117997.27,8.5,2,0,45163.57
21571,29,Male,delhi,Savings,140224.67,653,9999999,31,95.66,633407.83,16,10.9,31252.4,351220.86,11.6,7,0,43903.08
20511,40,Male,CHENNAI,Savings,35084.07,742,14972.4,49,55.63,528125.36,44,9.62,28914.12,375323.45,2.1,6,0,13157.52
21899,24,Male,HYDERABAD,Savings,20534.25,587,62132.72,28,13.93,856602.38,30,15.13,83574.93,156552.67,7.4,9,0,32873.54
21555,64,Male, Pune ,Savings,30148.72,807,103121.58,51,49.63,1245071.2,51,15.22,89904.27,72581.5,4.3,0,0,28128.84
20358,50,Male,PUNE,Current,165500.87,613,113308.74,77,12.04,1161927.06,28,9.44,83488.47,213802.52,2.1,2,0,45414.75
21580,60,Male, Chennai ,Savings,190201.68,384,48454.93,24,12.1,1412969.26,15,20.69,15554.68,412893.98,7.2,9,0,113687.51
21408,55,Female, Hyderabad ,Savings,abc,662,120410.78,22,29.82,289954.35,33,7.88,12535.43,155493.2,7.5,1,0,9478.87
20057,18,Male, Pune ,Savings,189219.76,875,56243.53,76,15.88,542394.08,29,19.79,32900.06,171993.04,9.6,6,1,22404.62
20973,18,Male,kolkata,Savings,96323.33,353,89352.78,76,43.35,903982.89,29,10.85,66502.91,26754.0,5.8,6,0,34553.97
21928,28,Female,mumbai,Savings,113273.33,810,144295.07,6,35.72,902966.29,31,11.4,12309.49,417218.64,11.1,1,1,32448.53
21011,33,Male,hyderabad,Savings,108180.13,890,32358.75,53,12.42,1231703.95,47,21.6,96030.19,244649.87,7.8,0,0,31867.06
21840,69,Female, Delhi ,Savings,161210.64,431,,31,33.21,772487.29,30,7.23,30554.31,475709.59,2.4,5,0,27611.27
20319,40,Male,HYDERABAD,Savings,,592,28003.02,74,82.51,900166.98,23,8.0,113682.22,399604.65,4.5,2,0,42268.71
20606,60,Male, Mumbai ,Savings,139265.38,430,19098.7,15,65.91,598007.24,32,10.08,47902.97,57397.14,7.8,4,0,20571.45
20436,58,Female,CHENNAI,Savings,179535.13,455,99379.72,78,82.52,154461.07,9,16.49,47363.93,232221.86,4.5,2,0,19992.41
21008,19,Female,BANGALORE,Savings,48666.37,641,59947.27,65,13.35,196278.96,30,19.46,14708.86,149652.61,3.2,8,0,7815.83
20537,46,Female, Delhi ,Savings,134319.42,787,83263.99,10,90.81,1225049.14,28,19.62,84681.52,102538.31,11.1,7,1,52335.85
20805,61,Male, Delhi ,Current,52173.18,750,69996.88,74,35.76,649356.17,28,16.99,90800.85,340732.22,11.0,3,0,27131.49
20381,63,Male,bangalore,Current,121732.22,,27816.01,10,98.12,1077493.74,25,14.02,79621.86,374596.98,0.5,7,1,49142.33
21552,65,Female, Bangalore ,Savings,36863.45,539,97984.69,56,15.37,516177.48,22,12.64,NaN,293516.58,9.7,6,0,26428.29
21985,69,Female,MUMBAI,Savings,155991.67,,34194.57,72,24.31,200237.45,18,21.94,795.71,79710.06,7.9,5,0,13564.97
20818,49,Male, Delhi ,Current,68846.77,825,4399.94,40,86.08,555005.72,17,12.99,31196.19,353693.59,9.5,0,1,36888.29
21273,52,Male,mumbai,Savings,136134.17,362,65414.04,13,85.86,821015.76,59,9.48,,477188.33,6.3,9,0,15234.71
21665,32,Male, Mumbai ,Savings,25986.98,546,145447.64,69,90.79,463326.67,35,17.29,70496.51,482361.81,7.4,2,1,15526.74
21392,18,Male,bangalore,Savings,129841.22,721,81537.24,65,71.34,14481.24,32,15.01,20764.09,8532.75,11.2,6,1,520.46
21031,32,Male, Mumbai ,Savings,69225.27,362,,52,43.04,1405584.01,21,18.32,90556.65,442643.5,5.2,4,0,79194.62
20795,53,Male,KOLKATA,Current,187558.95,,9999999,69,98.05,690148.26,20,21.41,,456646.54,8.9,0,0,41895.45
21541,54,Female,MUMBAI,Current,109362.33,827,,33,74.4,517493.93,12,20.88,51672.57,76379.38,11.9,4,1,52128.89
21362,33,Male, Delhi ,Savings,55878.42,616,93764.21,44,56.15,973214.99,22,18.17,60675.5,430715.68,10.0,4,0,52274.92
20269,25,Female, Hyderabad ,Savings,23922.77,,70013.25,6,19.72,982001.54,13,7.7,23455.69,87335.97,10.4,5,0,81355.05
20370,29,Male, Chennai ,Savings,91335.33,755,90654.72,64,11.16,419530.3,14,8.98,88768.19,211931.85,4.7,6,0,32657.44
21248,50,Female, Bangalore ,Savings,173051.14,761,58270.75,48,91.98,713752.13,21,17.7,5103.27,498851.15,4.3,7,1,40004.11
21856,43,Female,bangalore,Current,155739.13,459,64893.46,62,92.15,1007595.54,27,19.99,9158.57,117419.42,3.8,2,1,44778.29
20360,39,Female,MUMBAI,Savings,86893.62,881,104388.36,55,47.99,1204995.64,28,20.87,108618.22,96552.38,8.3,2,0,52017.08
20101,66,Female,hyderabad,Savings,178278.29,893,9999999,23,88.31,403022.85,28,21.76,69655.22,373617.15,7.3,0,0,17525.74
21123,58,Female, Mumbai ,Current,107083.38,771,74864.27,9,13.54,1221318.53,12,17.15,12740.89,297993.6,5.5,6,0,119231.22
20830,23,Female,chennai,Savings,146748.76,826,34567.67,46,54.85,919013.73,16,16.8,28900.81,238358.89,4.9,5,0,67088.0
21759,18,Male, Chennai ,Savings,63409.11,451,43500.51,18,50.13,619194.79,27,12.33,91085.58,299820.56,11.8,0,0,25760.8
21756,44,Male,mumbai,Current,175993.27,386,5821.56,33,61.99,1380372.79,20,15.38,4202.2,150877.4,6.7,6,0,79633.71
21100,22,Female, Hyderabad ,Savings,93560.13,896,53169.63,63,51.48,1218836.03,57,8.85,107480.1,314478.73,7.3,5,0,23275.49
20243,66,Male,BANGALORE,Savings,179280.73,878,66948.7,71,38.85,1019782.8,49,8.61,7587.83,342628.52,6.5,3,0,22603.8
20703,69,Male,HYDERABAD,Savings,187167.97,715,66336.54,18,46.56,1217876.64,21,12.06,101944.7,303881.84,3.9,3,0,64988.22
20564,50,Male,BANGALORE,Savings,abc,473,70602.2,53,80.42,972057.58,33,12.67,92146.01,73769.15,11.5,9,1,33188.4
21027,18,Male,bangalore,Savings,191766.43,532,128743.12,8,88.73,141116.21,30,12.86,51947.8,404879.7,10.5,1,1,5308.79
21249,33,Female,chennai,Current,81333.51,787,120400.17,66,84.21,1194347.96,36,19.38,2605.88,90018.68,1.8,0,0,39605.91
21044,47,Male,HYDERABAD,Savings,176624.92,567,27788.12,68,99.72,817432.08,40,20.45,55796.33,306200.09,6.6,9,0,24614.92
21160,39,Female,pune,Savings,189730.24,562,148274.81,20,12.14,229356.63,33,7.42,15733.52,492523.89,4.3,3,1,7465.91
20333,56,Male,DELHI,Current,146536.97,551,2131.84,77,78.34,708521.3,32,16.52,64479.73,384687.37,1.2,8,0,25799.03
21219,51,Female,PUNE,Savings,20127.25,433,23797.57,10,35.42,759600.08,12,21.38,46228.53,112838.4,2.2,4,0,76833.55
20441,23,Female,chennai,Savings,71558.83,593,133073.88,77,42.16,82518.27,25,11.84,32146.85,267551.84,3.8,8,0,3691.54
20761,45,Male,mumbai,Current,177707.85,617,129146.36,67,93.0,855499.02,9,19.17,86570.12,186823.16,0.5,5,0,113277.58
20129,54,Male,bangalore,Savings,132147.57,494,42255.98,66,84.27,731588.15,59,9.97,116093.79,426514.78,4.6,3,0,13636.06
21338,56,Male,KOLKATA,Savings,64317.91,856,58817.39,28,85.78,43766.43,29,18.08,28334.62,254726.17,6.6,1,0,1782.05
20364,38,Male,hyderabad,Savings,85016.03,649,72924.84,36,14.91,1053603.87,25,7.78,119296.02,404216.5,5.3,1,0,45422.97
20416,20,Male,CHENNAI,Savings,126715.94,699,92223.37,56,81.2,263965.65,25,9.55,101037.41,178909.09,6.5,2,0,11566.97
21140,49,Male,DELHI,Current,,454,92554.31,35,57.09,1217034.81,11,16.58,96094.2,151144.73,3.8,5,0,128983.56
20855,34,Female,bangalore,Savings,98481.1,372,29948.61,30,20.25,839111.78,27,16.77,53640.0,49859.68,4.7,5,1,36290.03
21355,23,Female, Bangalore ,Savings,58250.45,487,124855.93,11,28.2,222549.41,24,13.36,50341.56,21061.98,4.7,9,0,10511.75
21958,47,Female,kolkata,Current,108676.78,855,71828.34,17,87.43,1370681.15,28,15.47,87169.6,473357.64,5.6,0,0,56525.91
20065,51,Male,DELHI,Current,75405.01,368,96834.53,7,89.15,237566.81,22,20.67,88906.56,490267.9,6.4,2,0,13030.54
20436,58,Female, Chennai ,Savings,abc,455,9999999,78,82.52,154461.07,9,16.49,47363.93,232221.86,4.5,2,0,19992.41
20397,42,Male,hyderabad,Savings,157838.34,563,56537.42,77,98.97,1101486.8,24,11.15,100341.03,423162.32,3.2,5,0,51012.61
21212,37,Male, Kolkata ,Savings,85994.89,653,101750.34,26,70.6,1363092.81,25,9.6,46079.57,422680.12,7.4,7,0,59757.99
21946,49,Female,pune,Savings,188553.86,719,36869.22,55,96.99,579421.38,42,17.63,44704.46,34656.61,2.8,6,0,16227.94
21704,52,Male,hyderabad,Savings,146393.44,871,129089.35,29,49.24,574069.49,34,11.28,40866.09,152340.91,1.0,8,0,18788.96
21954,58,Male, Delhi ,Savings,82580.74,663,135825.69,68,18.94,508655.41,47,20.16,85389.12,407822.88,3.5,9,0,13004.26
21919,27,Female, Mumbai ,Savings,44461.15,565,125940.2,24,18.41,23952.15,42,21.07,32121.71,376446.66,2.4,9,0,690.45
20153,58,Male, Mumbai ,Savings,197557.73,795,45377.09,78,59.81,601949.43,57,7.52,29758.42,174089.18,1.9,7,1,11354.67
20896,19,Male,pune,Current,124486.75,892,110568.02,62,20.4,384954.29,33,20.01,62457.51,477028.42,10.6,4,0,13999.5
21672,41,Male, Pune ,Savings,58506.38,640,86269.96,58,31.85,147800.9,52,19.71,103250.63,489108.8,8.6,5,0,3402.55
20069,37,Male,chennai,Current,137888.84,668,90738.94,74,48.38,717558.3,51,20.86,85710.47,336551.5,5.4,6,0,17004.72
21234,47,Male,DELHI,Current,,466,40513.03,33,86.25,856218.73,49,14.13,102162.77,380602.82,8.1,8,0,19942.91
21222,37,Male,delhi,Current,33542.81,381,124311.37,57,43.08,430889.65,33,11.56,82056.68,168989.21,6.2,5,1,14566.68
20326,49,Female,KOLKATA,Savings,22466.06,887,122249.62,59,43.61,1021553.34,12,20.9,,208607.39,10.2,4,0,102921.5
20240,36,Female,CHENNAI,Savings,27181.89,353,94082.62,7,85.64,901523.37,7,13.01,100690.02,346725.64,9.1,4,1,145544.51
20722,40,Female,mumbai,Savings,107987.34,893,103074.17,14,52.41,132600.75,37,10.72,43277.42,467307.84,5.2,6,0,3967.99
20277,37,Male,MUMBAI,Savings,106611.82,612,81993.71,50,14.85,1344232.0,54,9.6,2810.95,440286.27,4.4,1,0,27282.93
20876,28,Male,HYDERABAD,Current,133195.87,684,10022.63,76,22.34,292548.76,59,13.74,68193.52,208825.76,6.0,1,0,5639.75
20215,66,Male,PUNE,Current,abc,531,4212.95,37,82.51,1238740.38,11,20.13,87559.09,109266.44,0.9,5,1,135281.71
21026,40,Male,KOLKATA,Savings,55554.47,846,89323.43,50,77.52,744520.86,23,14.06,72746.65,397413.59,7.4,6,1,36921.76
20715,55,Female,mumbai,Savings,46005.18,765,33013.81,61,34.19,1283069.43,29,11.27,9880.91,466607.01,10.7,9,1,49230.05
21479,21,Male,MUMBAI,Savings,82876.44,505,35603.31,11,27.7,1013188.63,36,19.8,1685.26,152913.09,9.1,4,0,33716.67
20253,34,Male, Kolkata ,Current,98438.07,442,98514.08,21,87.4,1181506.7,35,7.41,106894.09,166170.12,5.1,0,0,36258.75
21329,65,Male,MUMBAI,Savings,61838.81,557,,72,48.77,1025381.0,34,17.91,15775.38,353921.97,9.9,9,0,35559.61
20056,53,Male, Kolkata ,Savings,162088.91,639,61021.32,72,85.8,494940.48,44,14.48,,119112.48,11.7,2,0,12877.45
20820,51,Male,CHENNAI,Savings,138091.63,866,9999999,60,63.84,1189131.19,39,19.46,85054.47,6462.47,10.0,8,0,36424.0
21136,40,Female,pune,Savings,37868.79,817,,35,69.64,716473.77,10,9.66,20216.1,392817.83,1.3,6,0,78568.51
21254,33,Male,BANGALORE,Savings,71449.98,825,130694.09,58,72.94,1336863.88,48,20.8,60979.77,313208.49,3.5,3,0,33644.41
21652,31,Female,PUNE,Savings,38903.52,748,67683.08,60,91.44,986069.52,52,14.11,12110.82,307627.78,8.8,6,0,21638.54
21506,66,Female,mumbai,Savings,139160.8,504,9699.84,57,65.76,867724.27,14,14.29,20292.95,240472.13,7.4,6,0,70837.29
21064,45,Male,kolkata,Savings,82089.38,827,,27,97.19,1454550.54,56,9.29,,297216.77,4.1,1,0,28387.11
20503,53,Male,HYDERABAD,Savings,128970.83,579,65693.41,11,29.67,355154.54,6,18.57,113956.66,327111.07,5.0,5,0,70184.46
21665,32,Male,MUMBAI,Savings,25986.98,546,145447.64,69,90.79,463326.67,35,17.29,70496.51,482361.81,7.4,2,1,15526.74
21951,52,Female,BANGALORE,Savings,38858.21,711,15433.1,36,25.17,78391.63,24,9.15,29679.23,26809.26,1.4,5,0,3565.19
21707,23,Male,hyderabad,Savings,197137.04,489,59661.4,53,94.62,1136632.04,42,20.73,15268.81,259236.2,4.2,0,0,32672.76
21752,38,Male, Mumbai ,Savings,179701.41,896,123758.96,35,15.53,934326.12,33,10.66,117845.85,441688.89,0.7,8,0,31331.07
20968,48,Female,mumbai,Savings,163972.71,476,123091.1,40,64.19,179582.37,57,9.91,27693.75,359466.35,2.9,3,0,3462.79
20261,46,Female,kolkata,Current,90430.49,589,,42,20.92,973016.0,54,11.52,85898.56,459851.1,1.3,0,1,20094.58
20063,54,Female,pune,Savings,60715.65,415,27494.13,58,57.52,135406.88,57,15.94,,251919.25,5.9,5,0,2754.22
21946,49,Female,PUNE,Savings,188553.86,719,36869.22,55,96.99,579421.38,42,17.63,44704.46,34656.61,2.8,6,0,16227.94
21298,50,Male,hyderabad,Savings,107934.1,436,138638.07,39,68.82,1072457.47,31,18.94,NaN,6648.41,3.8,1,1,41147.77
20307,33,Female,hyderabad,Savings,106441.55,751,18244.12,10,98.57,1052294.55,52,13.07,73779.85,351130.42,7.1,0,0,22881.34
21728,19,Female,delhi,Current,38784.93,580,27431.89,65,86.52,611224.12,54,7.48,26468.48,414718.23,2.9,3,0,12165.62
20379,57,Male, Bangalore ,Savings,,410,21861.03,24,44.38,1036470.64,23,7.8,41830.44,269157.5,7.0,3,0,48578.93
20274,32,Male,bangalore,Current,140520.68,858,47979.84,9,49.98,585297.4,59,12.32,28619.43,275840.73,4.7,3,0,11142.48
21516,49,Female,KOLKATA,Current,179129.49,587,,61,61.41,693619.79,53,17.39,37655.55,351382.77,9.5,4,0,15363.02
20765,63,Male,hyderabad,Savings,109120.72,790,107307.16,46,31.1,318241.75,42,16.75,39569.24,452918.1,7.4,7,0,8846.36
20586,49,Female,chennai,Savings,55244.31,810,136426.24,72,76.22,578966.12,56,13.34,92844.71,425050.49,9.5,2,0,11717.86
20258,58,Female,mumbai,Current,,675,138734.18,32,18.14,1321029.69,48,19.95,88656.81,147325.64,2.5,5,0,33011.98
20279,31,Female,chennai,Savings,147469.62,610,53202.59,63,53.5,1077916.0,42,18.43,101557.19,235798.1,10.0,3,0,30394.66
21442,36,Male,BANGALORE,Savings,53525.12,522,102828.46,10,92.12,1106815.33,8,8.37,NaN,374295.7,10.2,4,0,149931.97
21180,31,Male,bangalore,Savings,77236.02,726,139993.97,25,30.87,1148034.15,31,15.26,85744.02,69231.31,3.7,1,0,42684.65
20745,31,Male,pune,Savings,29526.53,,31502.43,33,89.41,659269.75,56,20.09,2533.29,49429.2,8.3,8,0,14137.8
21397,40,Female,bangalore,Savings,150241.61,684,23412.29,8,14.03,1311373.99,16,9.73,47105.34,403754.17,4.0,4,0,89935.67
21875,42,Male, Kolkata ,Savings,145753.11,482,104702.63,19,58.42,482345.47,40,18.22,31154.88,92532.11,8.7,8,1,14255.72
21310,57,Male,PUNE,Savings,57858.33,761,142241.89,10,33.46,1304092.94,41,10.88,23140.98,149676.34,8.5,3,0,35267.76
21642,18,Male,HYDERABAD,Savings,168163.24,596,34761.25,7,66.06,6904.84,22,14.94,103295.69,103868.52,11.7,9,0,360.75
20899,68,Female,KOLKATA,Savings,,,36881.16,39,92.34,679177.36,12,10.32,49053.64,229428.59,9.5,1,0,62439.04
21087,30,Female,bangalore,Savings,153627.6,1200,95126.53,72,75.77,56824.49,23,20.75,110525.84,51174.27,3.8,5,0,2983.29
20508,56,Female, Pune ,Savings,111121.2,769,83215.13,49,65.35,761481.01,24,9.43,99201.8,395745.11,9.8,9,0,34720.36
20952,25,Male, Chennai ,Savings,92354.97,836,31672.28,26,69.24,229546.22,50,21.62,108563.37,329497.19,9.1,6,0,5583.48
20896,19,Male, Pune ,Current,124486.75,892,110568.02,62,20.4,384954.29,33,20.01,62457.51,477028.42,10.6,4,0,13999.5
20395,26,Female,kolkata,Savings,55945.85,1200,5231.78,59,15.15,1014814.84,59,9.09,90005.65,450478.74,2.4,1,0,18763.75
20242,62,Female,bangalore,Savings,134778.91,894,34025.48,62,87.51,140402.44,26,10.24,105589.62,8380.3,1.6,5,1,5953.06
21883,37,Female,CHENNAI,Current,150145.57,452,81770.9,27,77.94,1390756.68,29,7.13,65964.34,50604.63,0.9,3,0,51376.47
21078,60,Female,hyderabad,Savings,196087.95,847,6464.27,30,12.97,623497.64,58,15.15,116920.05,451329.29,2.4,4,0,12378.58
20985,38,Male, Pune ,Savings,172682.94,855,127268.64,58,51.96,1148.6,27,8.83,13932.32,46740.39,5.8,1,0,46.3
20311,22,Female, Chennai ,Savings,113689.29,,21896.54,14,47.75,1362905.4,52,13.22,48114.13,404077.42,8.1,2,0,29674.64
20906,63,Male, Mumbai ,Savings,39695.29,694,135669.61,57,93.48,1038959.91,43,10.97,70934.09,300583.84,6.6,8,0,26812.41
20241,57,Male,KOLKATA,Savings,15730.81,646,66931.44,61,76.81,116727.41,7,19.19,27160.81,168573.45,9.0,2,0,19875.34
21016,20,Female, Kolkata ,Savings,114258.96,766,124948.06,13,59.22,1171870.35,54,18.65,70952.71,303719.93,8.4,8,0,25748.6
21612,57,Female,CHENNAI,Savings,103255.68,650,102234.1,19,89.49,985224.53,12,13.91,54146.66,292020.7,5.4,7,1,93522.44
21970,67,Female, Mumbai ,Current,102700.08,836,116822.67,42,61.18,723155.15,46,17.96,NaN,336442.33,11.9,2,1,18544.21
20273,66,Female,bangalore,Savings,57257.4,896,141570.33,50,66.19,1331981.84,8,17.59,78455.71,450738.27,2.3,3,1,195784.68
21475,45,Female, Mumbai ,Savings,60798.23,692,120915.98,52,87.96,269513.85,8,7.54,8637.6,302076.96,10.3,6,0,36229.4
20970,53,Female,chennai,Savings,127464.53,533,134472.24,61,46.79,1253699.97,58,8.26,78966.56,151428.16,4.2,1,0,23400.96
21519,64,Male, Bangalore ,Savings,30639.57,822,101985.13,36,92.96,857378.26,27,15.74,57500.59,271227.39,7.0,4,0,36752.95
20414,68,Male,mumbai,Savings,194791.32,458,131063.92,65,55.84,1341031.0,21,13.55,70070.03,246203.3,10.3,3,0,72511.46
21136,40,Female,pune,Savings,37868.79,817,113651.33,35,69.64,716473.77,10,9.66,20216.1,392817.83,1.3,6,0,78568.51
20189,50,Male,bangalore,Savings,182837.15,791,,38,17.55,772561.8,28,18.81,4143.28,226310.27,9.6,3,0,32781.45
21410,64,Male,pune,Savings,48428.75,839,66655.12,26,55.33,304972.78,58,16.4,100744.81,92522.33,1.8,5,0,6120.49
20249,66,Male,kolkata,Savings,183833.95,539,118230.08,6,30.07,99633.18,58,14.69,46649.51,63111.46,10.9,8,0,1970.16
20078,35,Female,CHENNAI,Savings,15267.7,596,138997.51,77,99.29,514826.88,26,7.08,111182.31,185191.33,11.2,3,0,21202.95
21430,34,Female, Kolkata ,Savings,36245.66,581,20293.23,10,18.23,474605.08,44,12.38,4088.07,217067.25,0.6,2,0,12121.85
20026,37,Male, Delhi ,Savings,90598.49,724,132633.56,17,31.93,255317.66,10,14.52,116360.28,198162.02,5.9,9,0,29238.98
20957,49,Male,DELHI,Savings,147456.34,1200,126762.64,24,88.51,1437170.83,46,8.49,99005.94,146495.41,4.3,7,0,33895.36
21790,52,Male,CHENNAI,Current,169213.25,861,31699.62,57,88.71,632498.15,10,11.12,31803.93,392535.84,11.7,5,0,70283.19
20498,35,Male, Bangalore ,Savings,,365,14953.5,70,82.08,546093.73,46,19.42,56555.3,412807.52,12.0,6,0,14177.07
20252,39,Male, Bangalore ,Savings,40237.76,821,107106.25,56,52.63,587777.82,29,8.35,2021.0,140027.29,8.3,5,0,21960.6
21051,43,Male,PUNE,Savings,60184.52,403,20273.32,48,53.08,855585.05,7,16.23,29635.09,314170.93,8.1,6,0,142063.79
21167,25,Male,PUNE,Savings,183339.08,844,16088.33,6,63.97,1427291.4,12,21.03,102170.37,493636.51,2.0,1,1,143954.23
21605,46,Female, Mumbai ,Savings,26576.89,829,5620.78,50,65.7,344991.76,10,11.03,69642.47,154604.74,10.2,9,0,38304.44
20640,22,Male,mumbai,Current,16091.65,447,58023.24,75,13.33,872874.29,56,21.33,119365.44,185490.96,4.4,5,0,18911.76
21568,63,Female,DELHI,Savings,120078.35,444,147875.02,11,85.46,1057960.52,12,16.78,75270.92,202784.96,1.1,7,0,102957.19
21169,38,Female,hyderabad,Savings,109047.97,818,103836.69,43,94.0,670175.34,38,17.85,103863.53,388721.36,10.3,0,0,20784.25
20819,54,Female,PUNE,Savings,25472.47,624,81268.91,79,33.93,682407.94,19,20.99,41867.58,465647.1,10.6,7,1,43455.02
21863,43,Male, Kolkata ,Savings,,898,,65,57.16,231126.89,31,13.14,56300.56,239653.85,9.3,0,0,8435.39
21501,40,Male,BANGALORE,Current,102977.31,584,143430.92,52,77.06,648513.95,20,15.41,114298.16,141782.03,9.0,9,0,37422.5
20017,57,Male,pune,Current,27425.63,623,117754.98,47,45.13,819181.08,45,13.61,26698.87,256818.18,11.8,7,0,20681.59
20836,35,Female, Bangalore ,Savings,185489.8,743,86946.25,8,16.83,1283995.21,7,15.91,96915.01,409373.44,8.7,4,0,212611.26
21587,34,Female,BANGALORE,Current,192908.79,400,9999999,36,86.56,404259.48,7,17.72,89998.04,61137.66,9.5,8,0,67984.89
21101,36,Male,PUNE,Savings,77001.66,518,32397.74,30,22.96,37438.52,34,11.62,15324.21,231161.99,1.2,9,0,1229.08
20054,28,Male,bangalore,Savings,181819.8,502,138253.41,74,80.07,176555.45,18,15.24,60231.41,51868.89,2.3,4,0,11303.47
21086,67,Male, Pune ,Savings,114242.3,634,86633.65,77,86.36,323042.79,16,9.49,10211.81,6093.99,10.8,9,0,22106.22
21607,53,Female,chennai,Savings,125304.11,524,95476.73,33,65.71,661672.1,28,20.51,33488.42,122186.98,10.0,9,0,28477.89
20498,35,Male, Bangalore ,Savings,37927.82,,14953.5,70,82.08,546093.73,46,19.42,56555.3,412807.52,12.0,6,0,14177.07
20050,62,Female,HYDERABAD,Savings,38181.78,575,37907.76,18,37.57,999704.35,53,14.62,101292.93,1659.19,10.7,4,0,21620.02
21222,37,Male,DELHI,Current,33542.81,381,124311.37,57,43.08,430889.65,33,11.56,82056.68,168989.21,6.2,5,1,14566.68
20277,37,Male, Mumbai ,Savings,106611.82,612,81993.71,50,14.85,1344232.0,54,9.6,2810.95,440286.27,4.4,1,0,27282.93
20519,54,Female, Chennai ,Current,177294.48,773,77030.12,27,44.03,818574.88,37,19.7,61908.11,136631.02,8.3,6,0,26482.0
21046,60,Female, Bangalore ,Current,189571.65,381,136652.59,41,18.76,569153.14,6,20.51,62266.48,51487.86,5.6,1,0,114314.41
21959,54,Male,pune,Savings,189664.89,728,123573.94,16,97.09,631458.42,10,17.37,104829.84,135884.65,10.2,2,0,74114.27
20351,40,Male,hyderabad,Savings,134014.65,684,18332.52,52,34.79,160013.44,10,14.38,7170.17,90892.41,8.5,6,0,18302.34
21166,67,Male,KOLKATA,Savings,116514.39,810,132117.59,10,10.42,119208.44,42,12.11,39439.65,155074.38,0.7,1,0,3182.01
21393,57,Male, Delhi ,Savings,22461.1,652,,9,18.83,1272133.96,59,16.39,76089.6,314150.94,9.2,7,0,25095.54
21373,24,Female,hyderabad,Savings,126407.74,423,88558.12,49,64.34,97740.39,38,7.63,,470474.01,10.2,6,0,2768.37
20272,68,Female,CHENNAI,Savings,15575.88,553,4923.2,20,30.05,483834.0,50,14.2,86061.39,201715.0,1.1,2,0,11050.77
21904,47,Female, Pune ,Savings,108362.21,867,98944.68,12,27.65,212485.52,48,19.66,14740.75,137462.13,10.4,1,0,5297.09
21149,49,Female,kolkata,Savings,80347.0,406,9999999,58,46.87,1334068.8,48,16.0,22135.97,434291.41,5.4,7,0,32240.0
21394,34,Female,MUMBAI,Savings,154110.56,838,19243.83,43,78.78,1085774.33,40,21.59,86010.74,373988.72,10.6,3,0,33004.83
21856,43,Female,bangalore,Current,155739.13,459,64893.46,62,92.15,1007595.54,27,19.99,9158.57,117419.42,3.8,2,1,44778.29
20614,64,Male,chennai,Savings,172747.3,1200,82135.85,72,83.42,556766.86,45,8.77,37155.36,251143.19,2.2,4,0,13457.67
21327,43,Male, Hyderabad ,Savings,23891.62,456,58292.68,53,43.9,1407234.82,51,18.13,81017.64,23410.02,11.3,0,0,32595.42
21428,21,Female, Hyderabad ,Savings,183775.65,603,100133.71,73,61.27,1001394.84,10,19.64,56367.22,469662.87,3.6,7,1,119806.88
21636,36,Male,kolkata,Savings,54072.87,897,11950.28,31,15.18,1439048.24,39,21.56,21869.4,35707.4,9.4,0,0,44854.03
20915,44,Female,kolkata,Savings,129504.66,532,62632.44,38,31.62,1143440.79,6,12.2,33890.17,444635.03,1.3,1,0,213823.43
21726,59,Female, Delhi ,Current,125911.83,866,22060.76,31,22.02,771134.88,46,20.5,104721.27,133210.15,1.8,6,0,20200.38
21521,47,Male, Bangalore ,Current,101659.75,,132162.89,45,24.77,145644.11,44,13.52,10579.24,498639.06,8.8,2,0,3757.62
21175,26,Male,delhi,Savings,48718.38,693,125835.24,22,53.05,1007126.28,45,15.97,64513.47,163895.68,2.9,5,0,25954.76
20943,67,Female,MUMBAI,Savings,112568.92,513,83402.53,33,12.96,995946.62,14,15.4,NaN,55269.9,1.9,0,0,82094.46
20189,50,Male,BANGALORE,Savings,182837.15,791,121195.08,38,17.55,772561.8,28,18.81,4143.28,226310.27,9.6,3,0,32781.45
20890,45,Male, Pune ,Savings,60426.87,,78247.03,21,58.79,35757.68,21,18.98,87564.7,240708.35,1.6,5,0,2025.93
20727,29,Male,delhi,Current,,803,113788.28,79,18.66,31253.46,47,18.7,55536.53,328949.29,11.8,4,1,789.32
20106,61,Male,DELHI,Savings,35552.71,663,138338.72,55,30.81,1098560.4,28,21.2,58021.9,358204.26,1.9,9,0,47551.97
20912,57,Female,hyderabad,Savings,169317.48,822,25458.38,11,58.29,417620.98,43,7.34,41363.78,449544.31,2.4,0,0,10424.99
21698,66,Female, Chennai ,Savings,104636.97,,45029.01,64,11.28,469642.54,54,7.07,14448.16,135791.06,10.2,9,1,9311.97
21502,47,Male,delhi,Savings,138116.02,864,40961.75,50,48.95,920531.11,44,13.41,61766.69,91315.0,5.0,3,0,23726.69
20463,37,Female,PUNE,Savings,112921.93,474,51890.23,48,83.15,555764.33,24,15.1,44651.34,1985.49,4.4,4,0,26653.53
21491,50,Male,HYDERABAD,Savings,65221.02,692,29316.74,21,84.3,129323.55,25,11.3,111320.03,125910.56,11.0,9,0,5757.48
21266,53,Male,PUNE,Savings,188681.7,899,67797.03,51,42.54,922403.97,37,14.82,31441.4,294766.93,8.3,4,0,28624.44
21939,55,Male,HYDERABAD,Savings,98592.61,563,44578.41,33,75.6,1117402.37,43,15.24,53782.96,261855.58,2.5,5,0,29946.38
20141,60,Male, Mumbai ,Savings,91011.89,396,132940.4,69,88.1,562285.57,31,20.27,NaN,433589.27,5.2,7,0,21814.87
21833,68,Female,KOLKATA,Current,74984.39,488,90223.49,25,76.55,722371.01,7,16.75,91651.21,485106.94,5.4,6,1,120481.16
20831,65,Female, Kolkata ,Savings,133505.92,636,142965.08,32,36.61,224287.07,25,11.9,18823.56,162898.69,10.0,7,0,10039.09
20421,28,Female,pune,Savings,178038.46,425,132689.35,41,25.59,317718.8,59,16.3,60970.35,368998.94,5.6,1,0,6262.83
20264,67,Female,pune,Savings,168269.77,677,67616.36,24,93.62,159654.15,20,14.79,106431.08,132509.86,2.5,8,0,9163.35
21113,37,Female, Delhi ,Current,25639.13,364,34688.65,69,30.19,636026.45,57,14.96,57865.08,170045.3,7.6,7,0,12827.65
21979,56,Male, Kolkata ,Savings,70747.92,384,91219.38,16,70.52,1330679.32,46,18.52,39939.73,484127.61,1.4,5,0,34285.24
21274,28,Male,pune,Savings,111667.51,592,106522.99,24,48.82,109456.6,26,14.99,46702.46,77107.69,8.4,9,0,4840.93
21231,59,Female,delhi,Savings,89393.44,351,138378.04,9,35.41,1365916.91,41,19.11,118364.41,472157.12,8.3,6,0,39681.55
20571,56,Male, Delhi ,Savings,40987.24,,79077.33,5,82.27,256244.1,6,12.93,4850.7,261258.05,11.8,6,1,48229.41
20292,67,Male,chennai,Current,130073.52,377,64711.27,35,73.38,529470.65,18,19.51,77717.65,15185.31,1.3,6,0,35153.91
21291,56,Male,BANGALORE,Savings,146090.75,424,60903.17,18,88.91,1039422.97,44,10.47,27364.54,428840.57,10.9,6,0,26096.6
20624,60,Female, Bangalore ,Savings,178107.09,512,86579.83,68,66.54,773679.61,23,18.54,82522.99,153896.2,7.2,9,0,39874.77
21981,20,Male, Delhi ,Savings,79595.33,787,37691.87,47,39.66,449540.07,59,20.95,9828.15,272231.19,5.1,0,0,9215.57
21183,34,Male, Mumbai ,Savings,183514.67,426,53791.91,5,29.73,504948.19,23,18.74,NaN,102192.34,8.6,4,0,26068.5
20473,66,Male,BANGALORE,Savings,124468.11,662,78109.73,52,64.2,1125922.27,49,20.6,1982.32,108833.5,5.0,1,0,27711.47
21693,25,Male,chennai,Savings,,,145353.24,45,45.22,848972.06,15,15.9,98436.16,350677.86,5.0,3,0,65597.24
21132,48,Female,hyderabad,Savings,114874.08,447,144235.34,21,24.97,722114.09,58,20.01,81914.55,313284.17,6.9,7,0,14941.54
20973,18,Male,kolkata,Savings,96323.33,353,89352.78,76,43.35,903982.89,29,10.85,66502.91,26754.0,5.8,6,0,34553.97
21251,60,Female,DELHI,Savings,156891.84,724,126455.13,37,57.54,308224.49,35,15.88,90638.29,486634.06,2.4,3,0,10204.87
20222,36,Female,delhi,Current,187142.81,613,103400.37,41,22.37,305879.04,46,10.17,70707.98,71546.79,2.0,4,0,7325.8
20090,47,Male,mumbai,Savings,124530.65,584,70486.32,61,77.1,459595.64,8,7.39,87162.76,150302.3,9.2,1,0,61694.97
20683,62,Male,hyderabad,Savings,20509.42,350,79975.65,41,75.28,1104510.66,51,14.63,50944.1,342805.5,4.8,6,0,24825.5
21145,43,Female, Chennai ,Savings,72595.3,757,99433.13,59,78.45,1106628.17,57,17.56,89069.13,260719.5,5.9,6,1,22823.72
21505,38,Male, Kolkata ,Current,60012.92,887,99123.84,59,55.11,1337709.01,11,20.45,99359.3,329648.48,6.8,6,0,146479.14
21195,29,Male,DELHI,Savings,,701,73531.65,74,25.4,1056577.0,28,19.14,83390.88,187367.44,10.5,7,0,44957.35
21628,42,Male, Hyderabad ,Savings,70206.44,854,118798.47,61,60.07,186771.56,17,15.23,20031.94,435222.39,8.1,8,0,12659.82
21582,67,Male,CHENNAI,Savings,118943.52,366,38223.97,29,42.96,634872.11,7,13.76,14548.06,267432.58,2.2,4,0,103175.79
21585,40,Female,kolkata,Current,34670.69,505,93669.23,19,28.01,227148.41,57,17.73,,457425.08,11.5,5,0,4691.61
21700,47,Female, Pune ,Current,187227.91,513,23579.44,51,33.14,1013720.28,49,7.05,48144.43,291646.55,3.7,1,0,22146.68
21434,25,Male,delhi,Current,142879.99,494,149825.33,35,67.94,570946.77,45,20.07,73036.89,199806.65,5.0,9,0,15234.13
20533,21,Male, Bangalore ,Current,179161.76,803,5332.49,30,60.52,411462.76,14,15.59,27630.97,125043.95,3.2,4,0,33972.13
21503,42,Female,pune,Savings,129161.25,606,51469.26,30,69.99,161812.61,52,12.2,6035.1,360977.99,1.6,2,0,3491.42
20423,63,Male,bangalore,Savings,,698,143357.83,29,20.83,633007.89,8,12.91,NaN,112967.35,11.1,0,0,89341.15
20458,29,Female,delhi,Savings,137667.35,452,134786.08,24,79.67,1227782.32,57,7.7,,418053.76,4.5,1,0,23198.62
21132,48,Female,HYDERABAD,Savings,114874.08,447,9999999,21,24.97,722114.09,58,20.01,81914.55,313284.17,6.9,7,0,14941.54
21209,26,Male,bangalore,Savings,152064.88,885,,51,90.9,1491783.2,25,15.29,119388.61,419289.45,1.0,1,0,68795.07
20717,65,Female,mumbai,Savings,143685.39,675,135373.98,29,18.15,300449.8,16,20.57,26213.14,273748.63,4.8,0,1,22640.77
21798,23,Male,kolkata,Savings,97849.78,646,34783.75,63,64.38,1096458.42,20,19.21,27490.79,288302.57,8.9,2,0,65354.4
20321,23,Female,BANGALORE,Savings,81883.99,572,34134.04,32,84.54,612339.01,44,21.03,41546.69,84263.41,9.4,2,0,16843.5
21890,29,Female, Bangalore ,Savings,186255.87,1200,119297.31,43,18.34,1149399.95,55,17.33,3455.47,223807.74,2.4,6,0,24519.84
21930,67,Female,KOLKATA,Savings,64868.34,493,56180.73,74,93.31,1064579.29,10,18.6,14816.63,199901.43,0.6,5,0,126259.1
21717,66,Female,HYDERABAD,Savings,34013.23,667,43972.77,34,35.16,214978.84,21,16.6,73607.95,327077.68,7.5,8,0,11936.44
21455,26,Female,pune,Savings,194952.0,797,145721.7,51,83.76,237850.55,59,14.62,118938.46,160397.18,2.9,4,0,4620.75
20144,47,Female,delhi,Current,117269.26,806,54402.97,7,46.58,502792.17,36,21.54,36113.47,278345.97,9.9,2,0,16974.82
20126,60,Male,KOLKATA,Savings,128750.36,788,77317.2,76,10.94,1291615.03,16,11.29,56412.79,6334.58,2.5,6,0,89839.9
20211,19,Male,HYDERABAD,Savings,182168.26,867,82369.23,50,72.79,1339839.75,29,20.77,15845.89,152470.48,5.1,5,0,55797.4
21041,64,Male,delhi,Savings,145788.27,774,9999999,26,24.91,140906.85,39,17.59,96972.45,252515.92,10.3,5,1,4248.52
20388,28,Male,delhi,Savings,113463.34,799,92290.13,57,63.13,147647.67,9,9.77,50196.0,314061.3,8.4,5,0,18008.09
21686,21,Female,pune,Current,30880.66,794,35507.13,61,96.72,214271.24,11,13.23,35275.29,210555.46,9.0,1,0,22056.3
20452,62,Female,KOLKATA,Savings,80874.0,362,45957.26,8,57.89,768101.58,7,9.62,118442.92,148780.91,10.9,3,0,120284.71
20067,45,Female,mumbai,Savings,64817.82,547,79625.74,58,58.36,91610.08,47,8.38,18723.55,454752.76,4.2,8,0,2112.49
20605,54,Female, Pune ,Savings,146630.1,438,139681.39,23,17.6,1182262.55,29,19.74,54538.33,309273.62,7.7,7,0,48815.21
20468,21,Female, Bangalore ,Savings,118399.03,861,58048.34,61,49.01,1013361.77,12,10.27,23822.42,123778.66,5.3,0,1,93119.5
21189,65,Male,PUNE,Savings,196461.32,743,36421.0,31,82.87,122466.39,14,16.23,59390.1,42553.54,8.4,9,0,10167.33
21917,43,Female, Kolkata ,Current,33389.54,502,140749.88,49,35.45,484071.54,52,7.75,118025.2,144345.7,10.8,0,0,10030.52
21270,39,Female,bangalore,Savings,51462.34,577,48409.68,16,13.24,1204472.98,7,16.83,86894.59,441346.62,5.9,2,0,201026.54
21669,21,Female, Kolkata ,Current,65190.9,602,121063.87,14,25.24,1433469.81,26,10.1,110303.34,171119.29,11.1,2,0,60701.93
20290,56,Male, Bangalore ,Savings,138237.83,683,139516.39,37,28.93,109611.34,54,15.8,66007.97,250547.88,2.7,1,0,2350.55
20365,51,Female,kolkata,Savings,147900.43,676,62845.4,14,59.9,1121058.21,10,7.07,109620.58,358677.33,7.1,4,0,120031.7
21719,27,Female, Pune ,Savings,187209.47,886,8318.48,34,54.26,1382742.48,27,12.64,62901.59,166105.45,9.4,3,0,57685.97
20498,35,Male,bangalore,Savings,37927.82,365,14953.5,70,82.08,546093.73,46,19.42,56555.3,412807.52,12.0,6,0,14177.07
21948,55,Female, Chennai ,Current,195693.12,518,86865.09,5,27.37,1169965.69,48,14.7,66812.5,92504.02,1.8,1,1,27957.31
21968,44,Female,HYDERABAD,Savings,79921.81,569,49061.64,35,25.86,1099574.91,37,17.4,,427780.15,10.8,9,1,34889.21
21020,20,Male, Pune ,Savings,78155.49,453,16063.43,47,72.58,78720.5,56,13.49,60062.84,357594.2,2.6,7,0,1595.36
21289,26,Male,KOLKATA,Savings,119668.47,,6149.3,24,39.03,1162415.97,31,14.96,103758.82,88923.74,11.7,3,0,43106.88
20609,61,Female,MUMBAI,Savings,32715.25,475,22852.37,49,58.59,814485.18,21,15.19,114258.92,229171.69,11.7,2,1,44676.45
21307,65,Female, Bangalore ,Savings,39521.42,791,135229.49,11,32.35,282108.27,24,13.34,94408.46,405224.31,6.5,6,0,13322.56
20474,20,Female,chennai,Savings,105676.36,558,101625.15,60,38.71,1398034.52,12,8.94,30144.99,168067.92,4.1,4,0,126918.23
21867,20,Male, Chennai ,Savings,68473.93,478,137589.52,47,80.26,655599.37,46,10.71,35011.51,281373.42,11.8,3,0,15778.57
20785,68,Male,delhi,Savings,65975.0,578,139567.84,79,16.18,716315.03,11,9.21,103417.15,218386.69,8.5,6,0,71117.06
21515,38,Male,MUMBAI,Current,119495.12,870,48165.99,7,44.21,1139456.29,12,16.86,3133.07,393996.26,2.9,3,0,110964.05
20023,18,Female, Chennai ,Savings,15883.93,637,67251.65,6,32.62,231581.22,35,19.25,110757.63,448625.1,11.1,9,0,7890.3
21989,53,Female,chennai,Current,102673.9,1200,139771.69,70,33.74,1183689.12,31,20.56,112640.17,467155.38,3.4,3,1,46034.05
21604,48,Female,kolkata,Savings,135861.55,,29180.64,74,16.41,309839.91,49,14.67,,175946.17,2.9,1,0,7250.89
21829,65,Male,DELHI,Savings,141597.33,765,55253.57,66,40.32,1217224.07,56,14.71,52885.41,220635.04,4.7,1,0,24933.53
20726,26,Female,pune,Current,196890.45,827,14836.13,23,94.0,1328565.38,53,16.99,60678.23,285342.19,3.0,7,0,29326.2
20017,57,Male,pune,Current,27425.63,623,117754.98,47,45.13,819181.08,45,13.61,26698.87,256818.18,11.8,7,0,20681.59
21024,49,Male, Pune ,Current,110422.66,414,102127.1,67,21.03,1030426.02,42,11.61,71535.66,192899.61,6.2,4,0,27382.34
21666,26,Male,BANGALORE,Savings,38540.13,695,138510.7,41,69.24,672402.48,31,7.8,54289.38,256667.06,4.3,9,0,23382.25
20755,22,Female,bangalore,Savings,abc,854,24252.91,63,25.77,1875.7,33,18.59,28661.19,322365.54,9.3,4,0,67.41
20737,31,Female, Pune ,Current,193272.09,770,133188.37,7,14.04,366051.77,14,13.29,88709.77,355433.49,9.0,6,0,29621.43
21884,55,Female, Chennai ,Current,175011.03,767,82931.6,20,38.26,451682.5,29,11.75,45959.78,40596.77,8.8,4,1,17405.35
21322,59,Female,KOLKATA,Savings,abc,467,54584.77,56,10.29,1423906.3,18,8.92,26870.9,327295.76,9.2,0,0,86162.15
20969,45,Male, Bangalore ,Savings,170546.19,375,18493.31,28,52.47,1192555.71,15,12.44,27831.96,175128.13,6.5,5,0,89393.98
21632,59,Male, Delhi ,Savings,143970.89,823,78131.1,19,19.14,485554.08,43,21.98,102595.95,459297.1,6.9,9,0,13773.93
20330,64,Female,chennai,Savings,38056.14,447,64071.81,10,41.89,347698.16,57,13.21,58541.08,386714.11,0.8,7,0,6905.77
20416,20,Male,CHENNAI,Savings,126715.94,699,92223.37,56,81.2,263965.65,25,9.55,101037.41,178909.09,6.5,2,0,11566.97
20215,66,Male, Pune ,Current,40444.26,531,4212.95,37,82.51,1238740.38,11,20.13,87559.09,109266.44,0.9,5,1,135281.71
21284,27,Male,kolkata,Savings,67744.61,421,48591.52,57,32.76,127417.33,57,7.28,85521.34,276919.36,7.3,6,1,2398.13
21385,55,Male,MUMBAI,Savings,abc,898,45119.47,57,88.8,550517.17,58,8.69,119532.73,463261.78,5.7,0,0,10316.5
20053,41,Male,kolkata,Savings,49841.53,546,42173.43,58,91.54,1377748.96,32,7.25,102364.13,321875.72,3.4,2,0,46176.12
20888,57,Female,chennai,Current,179035.04,466,147668.52,19,65.33,1266366.25,43,19.83,57530.78,351367.23,10.3,7,0,35290.39
20486,66,Female, Delhi ,Savings,136230.49,749,41853.02,8,26.65,410152.48,46,7.22,112626.34,302642.22,0.6,4,0,9560.12
20135,40,Male, Chennai ,Savings,29238.65,430,45229.98,36,23.88,1274564.13,6,12.29,91594.35,45012.43,1.4,2,0,238534.68
21727,34,Male, Kolkata ,Savings,17929.73,529,96174.28,76,93.63,1226979.76,35,12.62,84385.18,163288.5,2.1,4,0,39480.7
21054,60,Male, Mumbai ,Savings,39774.36,,35747.03,17,44.16,500212.53,15,11.09,,376112.55,4.3,1,0,37045.74
20159,39,Male,HYDERABAD,Savings,133013.39,796,44635.2,43,97.33,829135.64,42,9.41,72259.27,126856.38,7.8,2,1,21598.98
20987,57,Male,pune,Savings,141401.61,579,92523.02,8,85.95,96556.78,17,17.91,15022.75,39880.63,2.6,0,0,6697.06
21143,65,Female,KOLKATA,Savings,129148.87,666,10660.76,44,25.04,718841.38,20,13.62,54195.32,240297.36,1.3,4,1,40837.38
20158,41,Female,BANGALORE,Current,51393.74,351,146241.21,76,92.4,299595.71,43,9.84,26215.01,149381.4,3.4,5,0,7652.93
21916,58,Male,hyderabad,Current,170014.39,560,36689.82,10,90.27,307078.51,21,19.68,97895.95,275880.62,6.3,4,0,17500.55
20631,40,Male,DELHI,Savings,92766.61,408,51897.42,52,58.55,94039.22,59,16.94,81493.94,380476.97,2.8,7,0,1863.89
20486,66,Female, Delhi ,Savings,136230.49,749,41853.02,8,26.65,410152.48,46,7.22,112626.34,302642.22,0.6,4,0,9560.12
21579,68,Female,DELHI,Current,78472.18,609,14003.91,51,61.08,681221.16,48,16.25,36772.52,113279.96,8.6,0,1,16498.32
20623,48,Male,KOLKATA,Savings,169497.87,866,119208.95,69,12.2,170148.7,47,13.04,40204.9,468348.09,8.0,8,0,4092.26
20180,56,Male,BANGALORE,Current,46035.57,424,75379.37,51,89.24,404238.19,18,21.33,30500.75,7961.56,2.7,2,0,27247.9
21361,33,Female, Hyderabad ,Current,123600.47,757,96005.33,70,82.43,662651.05,31,7.92,60829.8,116229.76,4.2,2,0,23068.81
20110,68,Male,CHENNAI,Current,132172.42,592,5854.18,54,43.03,210499.34,17,21.04,46119.3,419405.77,7.2,5,0,14987.55
21591,21,Male,MUMBAI,Savings,62767.99,384,9999999,48,81.14,46958.39,10,11.48,102244.39,387391.39,6.1,9,0,5234.92
20648,31,Male,chennai,Savings,135371.36,787,125321.48,22,91.95,1263953.36,59,10.55,66232.73,240969.31,9.8,4,0,23683.06
21741,68,Female,mumbai,Savings,88087.25,463,64567.7,61,83.45,1157741.09,8,7.56,,122147.71,4.4,5,0,155658.29
20687,51,Male,BANGALORE,Savings,107246.86,689,29080.63,67,41.81,1136386.11,45,10.56,79317.7,457460.17,10.8,4,0,27919.74
21543,51,Female,chennai,Savings,95976.2,706,95982.95,14,49.83,1141422.93,41,15.72,49098.18,54274.0,6.5,0,0,32215.97
20100,53,Male,PUNE,Savings,141241.0,599,87131.46,26,80.79,1178604.48,19,20.15,45189.11,493610.84,6.9,6,1,74531.23
20586,49,Female, Chennai ,Savings,55244.31,810,136426.24,72,76.22,578966.12,56,13.34,92844.71,425050.49,9.5,2,0,11717.86
20376,25,Female, Mumbai ,Savings,183229.32,712,24316.75,27,27.25,936615.41,30,8.8,,453473.49,11.0,3,0,33967.92
20201,52,Female, Chennai ,Savings,149747.26,403,46936.37,41,67.62,1470505.91,26,16.24,67759.83,51253.45,2.2,3,0,65742.93
20297,30,Female,KOLKATA,Current,143277.98,382,147192.56,41,50.11,324477.34,9,18.05,46351.92,122499.18,5.1,9,0,42560.61
21367,20,Female,kolkata,Current,19757.05,740,149848.7,32,41.76,405463.81,29,9.17,108484.83,430741.7,2.6,1,0,15263.62
20238,33,Male, Bangalore ,Current,75847.29,605,117976.65,19,18.27,1000357.57,53,11.97,3210.01,478158.28,7.2,4,0,21133.97
20994,35,Female,BANGALORE,Savings,96088.69,885,19782.94,13,60.28,527270.58,51,21.5,119398.87,80516.71,8.6,6,0,12561.45
21769,28,Male, Chennai ,Savings,33204.22,389,93685.6,40,74.93,799408.96,59,19.55,27421.49,151680.21,5.6,2,0,16198.19
21544,41,Female,BANGALORE,Savings,17880.22,583,27925.71,29,39.46,420812.23,29,19.2,55628.53,495084.54,8.4,4,0,17296.83
20410,27,Female, Kolkata ,Savings,162546.72,663,21695.85,78,10.06,453152.28,8,13.92,30613.97,37524.17,3.0,6,0,64528.88
20421,28,Female, Pune ,Savings,178038.46,425,132689.35,41,25.59,317718.8,59,16.3,60970.35,368998.94,5.6,1,0,6262.83
20801,19,Male,kolkata,Savings,53837.45,894,45200.31,68,70.51,1004871.76,31,12.52,87466.0,402899.49,3.7,3,0,36473.6
20685,28,Female,HYDERABAD,Savings,108145.13,490,80222.24,69,90.5,307815.57,42,7.91,115620.67,137236.77,10.7,3,0,7908.66
21061,28,Female, Chennai ,Savings,20793.3,473,33655.7,65,65.07,620257.93,44,21.45,96312.37,343150.64,11.0,6,0,17120.53
20814,51,Male,CHENNAI,Current,,862,,66,99.32,591674.14,29,11.54,97235.8,135016.24,10.0,5,1,22757.01
20983,22,Female,MUMBAI,Savings,126488.93,622,,46,99.33,111662.79,40,21.01,11491.02,281563.77,1.0,7,0,3378.08
21801,23,Female, Chennai ,Savings,119574.67,557,27610.02,53,10.85,375556.33,52,20.14,74677.5,210257.43,8.5,3,0,8676.8
